{
"type": "FeatureCollection",
"name": "segment_672251e5-963f-4f9b-9509-1b7b6a515fe6",
"features": [
{ "type": "Feature", "properties": { "value": 255.0 }, "geometry": { "type": "Polygon", "coordinates": [ [ [ -8476716.792906071990728, 5319117.970489513128996 ], [ -8476716.792906071990728, 5319117.933164554648101 ], [ -8476716.830231534317136, 5319117.933164554648101 ], [ -8476716.830231534317136, 5319117.858514638617635 ], [ -8476716.792906071990728, 5319117.858514638617635 ], [ -8476716.792906071990728, 5319117.783864722587168 ], [ -8476716.755580607801676, 5319117.783864722587168 ], [ -8476716.755580607801676, 5319117.858514638617635 ], [ -8476716.718255143612623, 5319117.858514638617635 ], [ -8476716.718255143612623, 5319117.895839597098529 ], [ -8476716.755580607801676, 5319117.895839597098529 ], [ -8476716.755580607801676, 5319117.970489513128996 ], [ -8476716.792906071990728, 5319117.970489513128996 ] ] ] } },
{ "type": "Feature", "properties": { "value": 255.0 }, "geometry": { "type": "Polygon", "coordinates": [ [ [ -8476827.873485138639808, 5319113.976719007827342 ], [ -8476827.873485138639808, 5319113.939394049346447 ], [ -8476827.948136065155268, 5319113.939394049346447 ], [ -8476827.948136065155268, 5319113.902069091796875 ], [ -8476827.761508747935295, 5319113.902069091796875 ], [ -8476827.761508747935295, 5319113.939394049346447 ], [ -8476827.798834212124348, 5319113.939394049346447 ], [ -8476827.798834212124348, 5319113.976719007827342 ], [ -8476827.873485138639808, 5319113.976719007827342 ] ] ] } },
{ "type": "Feature", "properties": { "value": 255.0 }, "geometry": { "type": "Polygon", "coordinates": [ [ [ -8476715.859769485890865, 5319084.079427655786276 ], [ -8476715.859769485890865, 5319083.967452782206237 ], [ -8476715.785118559375405, 5319083.967452782206237 ], [ -8476715.785118559375405, 5319084.004777739755809 ], [ -8476715.710467632859945, 5319084.004777739755809 ], [ -8476715.710467632859945, 5319084.042102698236704 ], [ -8476715.747793095186353, 5319084.042102698236704 ], [ -8476715.747793095186353, 5319084.079427655786276 ], [ -8476715.859769485890865, 5319084.079427655786276 ] ] ] } },
{ "type": "Feature", "properties": { "value": 255.0 }, "geometry": { "type": "Polygon", "coordinates": [ [ [ -8476715.859769485890865, 5319082.623754294589162 ], [ -8476715.859769485890865, 5319082.586429336108267 ], [ -8476715.822444023564458, 5319082.586429336108267 ], [ -8476715.822444023564458, 5319082.623754294589162 ], [ -8476715.859769485890865, 5319082.623754294589162 ] ] ] } },
{ "type": "Feature", "properties": { "value": 255.0 }, "geometry": { "type": "Polygon", "coordinates": [ [ [ -8476715.859769485890865, 5319080.533556646667421 ], [ -8476715.859769485890865, 5319080.384256814606488 ], [ -8476715.747793095186353, 5319080.384256814606488 ], [ -8476715.747793095186353, 5319080.421581773087382 ], [ -8476715.710467632859945, 5319080.421581773087382 ], [ -8476715.710467632859945, 5319080.458906730636954 ], [ -8476715.747793095186353, 5319080.458906730636954 ], [ -8476715.747793095186353, 5319080.496231689117849 ], [ -8476715.822444023564458, 5319080.496231689117849 ], [ -8476715.822444023564458, 5319080.533556646667421 ], [ -8476715.859769485890865, 5319080.533556646667421 ] ] ] } },
{ "type": "Feature", "properties": { "value": 255.0 }, "geometry": { "type": "Polygon", "coordinates": [ [ [ -8476715.859769485890865, 5319079.787057487294078 ], [ -8476715.859769485890865, 5319079.60043269675225 ], [ -8476715.785118559375405, 5319079.60043269675225 ], [ -8476715.785118559375405, 5319079.637757655233145 ], [ -8476715.673142168670893, 5319079.637757655233145 ], [ -8476715.673142168670893, 5319079.675082612782717 ], [ -8476715.635816706344485, 5319079.675082612782717 ], [ -8476715.635816706344485, 5319079.712407571263611 ], [ -8476715.673142168670893, 5319079.712407571263611 ], [ -8476715.673142168670893, 5319079.749732528813183 ], [ -8476715.785118559375405, 5319079.749732528813183 ], [ -8476715.785118559375405, 5319079.787057487294078 ], [ -8476715.859769485890865, 5319079.787057487294078 ] ] ] } },
{ "type": "Feature", "properties": { "value": 255.0 }, "geometry": { "type": "Polygon", "coordinates": [ [ [ -8476718.696504704654217, 5319074.748188158497214 ], [ -8476718.696504704654217, 5319074.71086320001632 ], [ -8476718.733830166980624, 5319074.71086320001632 ], [ -8476718.733830166980624, 5319074.598888326436281 ], [ -8476718.696504704654217, 5319074.598888326436281 ], [ -8476718.696504704654217, 5319074.561563367955387 ], [ -8476718.621853778138757, 5319074.561563367955387 ], [ -8476718.621853778138757, 5319074.598888326436281 ], [ -8476718.584528313949704, 5319074.598888326436281 ], [ -8476718.584528313949704, 5319074.71086320001632 ], [ -8476718.659179240465164, 5319074.71086320001632 ], [ -8476718.659179240465164, 5319074.748188158497214 ], [ -8476718.696504704654217, 5319074.748188158497214 ] ] ] } },
{ "type": "Feature", "properties": { "value": 255.0 }, "geometry": { "type": "Polygon", "coordinates": [ [ [ -8476718.696504704654217, 5319072.546015636995435 ], [ -8476718.696504704654217, 5319072.471365720964968 ], [ -8476718.659179240465164, 5319072.471365720964968 ], [ -8476718.659179240465164, 5319072.546015636995435 ], [ -8476718.696504704654217, 5319072.546015636995435 ] ] ] } },
{ "type": "Feature", "properties": { "value": 255.0 }, "geometry": { "type": "Polygon", "coordinates": [ [ [ -8476718.696504704654217, 5319071.127667233347893 ], [ -8476718.696504704654217, 5319071.090342274866998 ], [ -8476718.733830166980624, 5319071.090342274866998 ], [ -8476718.733830166980624, 5319071.053017317317426 ], [ -8476718.696504704654217, 5319071.053017317317426 ], [ -8476718.696504704654217, 5319071.015692358836532 ], [ -8476718.659179240465164, 5319071.015692358836532 ], [ -8476718.659179240465164, 5319071.053017317317426 ], [ -8476718.621853778138757, 5319071.053017317317426 ], [ -8476718.621853778138757, 5319071.090342274866998 ], [ -8476718.659179240465164, 5319071.090342274866998 ], [ -8476718.659179240465164, 5319071.127667233347893 ], [ -8476718.696504704654217, 5319071.127667233347893 ] ] ] } },
{ "type": "Feature", "properties": { "value": 255.0 }, "geometry": { "type": "Polygon", "coordinates": [ [ [ -8476717.800693582743406, 5319071.276967064477503 ], [ -8476717.800693582743406, 5319071.239642106927931 ], [ -8476717.838019046932459, 5319071.239642106927931 ], [ -8476717.838019046932459, 5319071.202317148447037 ], [ -8476717.875344509258866, 5319071.202317148447037 ], [ -8476717.875344509258866, 5319071.164992190897465 ], [ -8476717.912669973447919, 5319071.164992190897465 ], [ -8476717.912669973447919, 5319071.015692358836532 ], [ -8476717.875344509258866, 5319071.015692358836532 ], [ -8476717.875344509258866, 5319070.97836740128696 ], [ -8476717.838019046932459, 5319070.97836740128696 ], [ -8476717.838019046932459, 5319070.941042442806065 ], [ -8476717.763368120416999, 5319070.941042442806065 ], [ -8476717.763368120416999, 5319070.903717485256493 ], [ -8476717.651391729712486, 5319070.903717485256493 ], [ -8476717.651391729712486, 5319070.941042442806065 ], [ -8476717.539415339007974, 5319070.941042442806065 ], [ -8476717.539415339007974, 5319071.015692358836532 ], [ -8476717.502089874818921, 5319071.015692358836532 ], [ -8476717.502089874818921, 5319071.090342274866998 ], [ -8476717.539415339007974, 5319071.090342274866998 ], [ -8476717.539415339007974, 5319071.164992190897465 ], [ -8476717.576740803197026, 5319071.164992190897465 ], [ -8476717.576740803197026, 5319071.202317148447037 ], [ -8476717.614066265523434, 5319071.202317148447037 ], [ -8476717.614066265523434, 5319071.239642106927931 ], [ -8476717.651391729712486, 5319071.239642106927931 ], [ -8476717.651391729712486, 5319071.276967064477503 ], [ -8476717.800693582743406, 5319071.276967064477503 ] ] ] } },
{ "type": "Feature", "properties": { "value": 255.0 }, "geometry": { "type": "Polygon", "coordinates": [ [ [ -8476718.696504704654217, 5319070.418493031524122 ], [ -8476718.696504704654217, 5319070.381168073043227 ], [ -8476718.771155631169677, 5319070.381168073043227 ], [ -8476718.771155631169677, 5319070.306518157012761 ], [ -8476718.733830166980624, 5319070.306518157012761 ], [ -8476718.733830166980624, 5319070.269193199463189 ], [ -8476718.435226460918784, 5319070.269193199463189 ], [ -8476718.435226460918784, 5319070.306518157012761 ], [ -8476718.360575534403324, 5319070.306518157012761 ], [ -8476718.360575534403324, 5319070.381168073043227 ], [ -8476718.547202851623297, 5319070.381168073043227 ], [ -8476718.547202851623297, 5319070.418493031524122 ], [ -8476718.696504704654217, 5319070.418493031524122 ] ] ] } },
{ "type": "Feature", "properties": { "value": 255.0 }, "geometry": { "type": "Polygon", "coordinates": [ [ [ -8476716.792906071990728, 5319068.21632050909102 ], [ -8476716.792906071990728, 5319068.141670593991876 ], [ -8476716.755580607801676, 5319068.141670593991876 ], [ -8476716.755580607801676, 5319068.21632050909102 ], [ -8476716.792906071990728, 5319068.21632050909102 ] ] ] } },
{ "type": "Feature", "properties": { "value": 255.0 }, "geometry": { "type": "Polygon", "coordinates": [ [ [ -8476716.792906071990728, 5319067.581796223297715 ], [ -8476716.792906071990728, 5319067.544471265748143 ], [ -8476716.830231534317136, 5319067.544471265748143 ], [ -8476716.830231534317136, 5319067.357846476137638 ], [ -8476716.792906071990728, 5319067.357846476137638 ], [ -8476716.792906071990728, 5319067.320521517656744 ], [ -8476716.755580607801676, 5319067.320521517656744 ], [ -8476716.755580607801676, 5319067.432496392168105 ], [ -8476716.718255143612623, 5319067.432496392168105 ], [ -8476716.718255143612623, 5319067.469821349717677 ], [ -8476716.755580607801676, 5319067.469821349717677 ], [ -8476716.755580607801676, 5319067.581796223297715 ], [ -8476716.792906071990728, 5319067.581796223297715 ] ] ] } },
{ "type": "Feature", "properties": { "value": 255.0 }, "geometry": { "type": "Polygon", "coordinates": [ [ [ -8476716.792906071990728, 5319066.947271937504411 ], [ -8476716.792906071990728, 5319066.909946979954839 ], [ -8476716.830231534317136, 5319066.909946979954839 ], [ -8476716.830231534317136, 5319066.648672274313867 ], [ -8476716.718255143612623, 5319066.648672274313867 ], [ -8476716.718255143612623, 5319066.685997231863439 ], [ -8476716.680929681286216, 5319066.685997231863439 ], [ -8476716.680929681286216, 5319066.723322189413011 ], [ -8476716.643604217097163, 5319066.723322189413011 ], [ -8476716.643604217097163, 5319066.797972105443478 ], [ -8476716.680929681286216, 5319066.797972105443478 ], [ -8476716.680929681286216, 5319066.872622021473944 ], [ -8476716.718255143612623, 5319066.872622021473944 ], [ -8476716.718255143612623, 5319066.909946979954839 ], [ -8476716.755580607801676, 5319066.909946979954839 ], [ -8476716.755580607801676, 5319066.947271937504411 ], [ -8476716.792906071990728, 5319066.947271937504411 ] ] ] } },
{ "type": "Feature", "properties": { "value": 255.0 }, "geometry": { "type": "Polygon", "coordinates": [ [ [ -8476826.417792066931725, 5319063.252101096324623 ], [ -8476826.417792066931725, 5319063.214776138775051 ], [ -8476826.455117529258132, 5319063.214776138775051 ], [ -8476826.455117529258132, 5319063.177451180294156 ], [ -8476826.492442993447185, 5319063.177451180294156 ], [ -8476826.492442993447185, 5319063.10280126426369 ], [ -8476826.417792066931725, 5319063.10280126426369 ], [ -8476826.417792066931725, 5319063.065476306714118 ], [ -8476826.343141138553619, 5319063.065476306714118 ], [ -8476826.343141138553619, 5319063.10280126426369 ], [ -8476826.305815676227212, 5319063.10280126426369 ], [ -8476826.305815676227212, 5319063.177451180294156 ], [ -8476826.343141138553619, 5319063.177451180294156 ], [ -8476826.343141138553619, 5319063.252101096324623 ], [ -8476826.417792066931725, 5319063.252101096324623 ] ] ] } },
{ "type": "Feature", "properties": { "value": 255.0 }, "geometry": { "type": "Polygon", "coordinates": [ [ [ -8476827.350928651168942, 5319063.252101096324623 ], [ -8476827.350928651168942, 5319063.214776138775051 ], [ -8476827.462905041873455, 5319063.214776138775051 ], [ -8476827.462905041873455, 5319063.177451180294156 ], [ -8476827.500230504199862, 5319063.177451180294156 ], [ -8476827.500230504199862, 5319063.10280126426369 ], [ -8476827.462905041873455, 5319063.10280126426369 ], [ -8476827.462905041873455, 5319063.065476306714118 ], [ -8476827.425579577684402, 5319063.065476306714118 ], [ -8476827.425579577684402, 5319063.028151348233223 ], [ -8476827.276277724653482, 5319063.028151348233223 ], [ -8476827.276277724653482, 5319063.065476306714118 ], [ -8476827.23895226046443, 5319063.065476306714118 ], [ -8476827.23895226046443, 5319063.10280126426369 ], [ -8476827.201626798138022, 5319063.10280126426369 ], [ -8476827.201626798138022, 5319063.177451180294156 ], [ -8476827.23895226046443, 5319063.177451180294156 ], [ -8476827.23895226046443, 5319063.214776138775051 ], [ -8476827.31360318697989, 5319063.214776138775051 ], [ -8476827.31360318697989, 5319063.252101096324623 ], [ -8476827.350928651168942, 5319063.252101096324623 ] ] ] } },
{ "type": "Feature", "properties": { "value": 255.0 }, "geometry": { "type": "Polygon", "coordinates": [ [ [ -8476828.321390699595213, 5319063.961275298148394 ], [ -8476828.321390699595213, 5319063.923950340598822 ], [ -8476828.396041626110673, 5319063.923950340598822 ], [ -8476828.396041626110673, 5319063.886625382117927 ], [ -8476828.433367090299726, 5319063.886625382117927 ], [ -8476828.433367090299726, 5319063.811975466087461 ], [ -8476828.396041626110673, 5319063.811975466087461 ], [ -8476828.396041626110673, 5319063.737325550988317 ], [ -8476828.35871616192162, 5319063.737325550988317 ], [ -8476828.35871616192162, 5319063.700000592507422 ], [ -8476828.321390699595213, 5319063.700000592507422 ], [ -8476828.321390699595213, 5319063.66267563495785 ], [ -8476828.246739773079753, 5319063.66267563495785 ], [ -8476828.246739773079753, 5319063.625350676476955 ], [ -8476828.172088846564293, 5319063.625350676476955 ], [ -8476828.172088846564293, 5319063.588025718927383 ], [ -8476828.13476338237524, 5319063.588025718927383 ], [ -8476828.13476338237524, 5319063.513375802896917 ], [ -8476828.097437918186188, 5319063.513375802896917 ], [ -8476828.097437918186188, 5319063.476050844416022 ], [ -8476828.13476338237524, 5319063.476050844416022 ], [ -8476828.13476338237524, 5319063.43872588686645 ], [ -8476828.172088846564293, 5319063.43872588686645 ], [ -8476828.172088846564293, 5319063.401400928385556 ], [ -8476828.28406523540616, 5319063.401400928385556 ], [ -8476828.28406523540616, 5319063.364075970835984 ], [ -8476828.433367090299726, 5319063.364075970835984 ], [ -8476828.433367090299726, 5319063.326751012355089 ], [ -8476828.508018016815186, 5319063.326751012355089 ], [ -8476828.508018016815186, 5319063.289426054805517 ], [ -8476828.545343479141593, 5319063.289426054805517 ], [ -8476828.545343479141593, 5319063.252101096324623 ], [ -8476828.582668943330646, 5319063.252101096324623 ], [ -8476828.582668943330646, 5319063.177451180294156 ], [ -8476828.619994405657053, 5319063.177451180294156 ], [ -8476828.619994405657053, 5319063.065476306714118 ], [ -8476828.582668943330646, 5319063.065476306714118 ], [ -8476828.582668943330646, 5319062.953501433134079 ], [ -8476828.470692552626133, 5319062.953501433134079 ], [ -8476828.470692552626133, 5319062.916176474653184 ], [ -8476828.097437918186188, 5319062.916176474653184 ], [ -8476828.097437918186188, 5319062.953501433134079 ], [ -8476828.022786991670728, 5319062.953501433134079 ], [ -8476828.022786991670728, 5319063.10280126426369 ], [ -8476827.98546152934432, 5319063.10280126426369 ], [ -8476827.98546152934432, 5319063.214776138775051 ], [ -8476827.948136065155268, 5319063.214776138775051 ], [ -8476827.948136065155268, 5319063.252101096324623 ], [ -8476827.91081060282886, 5319063.252101096324623 ], [ -8476827.91081060282886, 5319063.289426054805517 ], [ -8476827.761508747935295, 5319063.289426054805517 ], [ -8476827.761508747935295, 5319063.326751012355089 ], [ -8476827.649532357230783, 5319063.326751012355089 ], [ -8476827.649532357230783, 5319063.364075970835984 ], [ -8476827.612206894904375, 5319063.364075970835984 ], [ -8476827.612206894904375, 5319063.588025718927383 ], [ -8476827.649532357230783, 5319063.588025718927383 ], [ -8476827.649532357230783, 5319063.625350676476955 ], [ -8476827.686857821419835, 5319063.625350676476955 ], [ -8476827.686857821419835, 5319063.66267563495785 ], [ -8476827.724183285608888, 5319063.66267563495785 ], [ -8476827.724183285608888, 5319063.700000592507422 ], [ -8476827.873485138639808, 5319063.700000592507422 ], [ -8476827.873485138639808, 5319063.737325550988317 ], [ -8476827.98546152934432, 5319063.737325550988317 ], [ -8476827.98546152934432, 5319063.774650508537889 ], [ -8476828.022786991670728, 5319063.774650508537889 ], [ -8476828.022786991670728, 5319063.849300424568355 ], [ -8476828.06011245585978, 5319063.849300424568355 ], [ -8476828.06011245585978, 5319063.886625382117927 ], [ -8476828.13476338237524, 5319063.886625382117927 ], [ -8476828.13476338237524, 5319063.923950340598822 ], [ -8476828.2094143088907, 5319063.923950340598822 ], [ -8476828.2094143088907, 5319063.961275298148394 ], [ -8476828.321390699595213, 5319063.961275298148394 ] ] ] } },
{ "type": "Feature", "properties": { "value": 255.0 }, "geometry": { "type": "Polygon", "coordinates": [ [ [ -8476827.873485138639808, 5319062.916176474653184 ], [ -8476827.873485138639808, 5319062.878851517103612 ], [ -8476827.948136065155268, 5319062.878851517103612 ], [ -8476827.948136065155268, 5319062.841526558622718 ], [ -8476827.98546152934432, 5319062.841526558622718 ], [ -8476827.98546152934432, 5319062.729551685042679 ], [ -8476827.948136065155268, 5319062.729551685042679 ], [ -8476827.948136065155268, 5319062.692226726561785 ], [ -8476827.836159674450755, 5319062.692226726561785 ], [ -8476827.836159674450755, 5319062.654901769012213 ], [ -8476827.798834212124348, 5319062.654901769012213 ], [ -8476827.798834212124348, 5319062.692226726561785 ], [ -8476827.724183285608888, 5319062.692226726561785 ], [ -8476827.724183285608888, 5319062.729551685042679 ], [ -8476827.686857821419835, 5319062.729551685042679 ], [ -8476827.686857821419835, 5319062.766876642592251 ], [ -8476827.649532357230783, 5319062.766876642592251 ], [ -8476827.649532357230783, 5319062.804201601073146 ], [ -8476827.686857821419835, 5319062.804201601073146 ], [ -8476827.686857821419835, 5319062.841526558622718 ], [ -8476827.724183285608888, 5319062.841526558622718 ], [ -8476827.724183285608888, 5319062.878851517103612 ], [ -8476827.798834212124348, 5319062.878851517103612 ], [ -8476827.798834212124348, 5319062.916176474653184 ], [ -8476827.873485138639808, 5319062.916176474653184 ] ] ] } },
{ "type": "Feature", "properties": { "value": 255.0 }, "geometry": { "type": "Polygon", "coordinates": [ [ [ -8476829.254527283832431, 5319062.580251852981746 ], [ -8476829.254527283832431, 5319062.542926894500852 ], [ -8476829.291852748021483, 5319062.542926894500852 ], [ -8476829.291852748021483, 5319062.50560193695128 ], [ -8476829.329178210347891, 5319062.50560193695128 ], [ -8476829.329178210347891, 5319062.393627062439919 ], [ -8476829.291852748021483, 5319062.393627062439919 ], [ -8476829.291852748021483, 5319062.356302104890347 ], [ -8476829.217201821506023, 5319062.356302104890347 ], [ -8476829.217201821506023, 5319062.393627062439919 ], [ -8476829.179876357316971, 5319062.393627062439919 ], [ -8476829.179876357316971, 5319062.542926894500852 ], [ -8476829.217201821506023, 5319062.542926894500852 ], [ -8476829.217201821506023, 5319062.580251852981746 ], [ -8476829.254527283832431, 5319062.580251852981746 ] ] ] } },
{ "type": "Feature", "properties": { "value": 255.0 }, "geometry": { "type": "Polygon", "coordinates": [ [ [ -8476827.38825411349535, 5319062.50560193695128 ], [ -8476827.38825411349535, 5319062.468276978470385 ], [ -8476827.425579577684402, 5319062.468276978470385 ], [ -8476827.425579577684402, 5319062.430952020920813 ], [ -8476827.462905041873455, 5319062.430952020920813 ], [ -8476827.462905041873455, 5319062.393627062439919 ], [ -8476827.425579577684402, 5319062.393627062439919 ], [ -8476827.425579577684402, 5319062.318977146409452 ], [ -8476827.38825411349535, 5319062.318977146409452 ], [ -8476827.38825411349535, 5319062.28165218885988 ], [ -8476827.31360318697989, 5319062.28165218885988 ], [ -8476827.31360318697989, 5319062.356302104890347 ], [ -8476827.276277724653482, 5319062.356302104890347 ], [ -8476827.276277724653482, 5319062.468276978470385 ], [ -8476827.31360318697989, 5319062.468276978470385 ], [ -8476827.31360318697989, 5319062.50560193695128 ], [ -8476827.38825411349535, 5319062.50560193695128 ] ] ] } },
{ "type": "Feature", "properties": { "value": 255.0 }, "geometry": { "type": "Polygon", "coordinates": [ [ [ -8476826.903023090213537, 5319060.676678995601833 ], [ -8476826.903023090213537, 5319060.639354037120938 ], [ -8476826.94034855440259, 5319060.639354037120938 ], [ -8476826.94034855440259, 5319060.564704121090472 ], [ -8476826.903023090213537, 5319060.564704121090472 ], [ -8476826.903023090213537, 5319060.5273791635409 ], [ -8476826.828372163698077, 5319060.5273791635409 ], [ -8476826.828372163698077, 5319060.564704121090472 ], [ -8476826.791046699509025, 5319060.564704121090472 ], [ -8476826.791046699509025, 5319060.602029079571366 ], [ -8476826.753721237182617, 5319060.602029079571366 ], [ -8476826.753721237182617, 5319060.639354037120938 ], [ -8476826.791046699509025, 5319060.639354037120938 ], [ -8476826.791046699509025, 5319060.676678995601833 ], [ -8476826.903023090213537, 5319060.676678995601833 ] ] ] } },
{ "type": "Feature", "properties": { "value": 255.0 }, "geometry": { "type": "Polygon", "coordinates": [ [ [ -8476825.969886505976319, 5319060.714003953151405 ], [ -8476825.969886505976319, 5319060.676678995601833 ], [ -8476826.044537432491779, 5319060.676678995601833 ], [ -8476826.044537432491779, 5319060.564704121090472 ], [ -8476826.007211968302727, 5319060.564704121090472 ], [ -8476826.007211968302727, 5319060.5273791635409 ], [ -8476825.969886505976319, 5319060.5273791635409 ], [ -8476825.969886505976319, 5319060.490054205060005 ], [ -8476825.857910115271807, 5319060.490054205060005 ], [ -8476825.857910115271807, 5319060.5273791635409 ], [ -8476825.820584651082754, 5319060.5273791635409 ], [ -8476825.820584651082754, 5319060.602029079571366 ], [ -8476825.783259188756347, 5319060.602029079571366 ], [ -8476825.783259188756347, 5319060.639354037120938 ], [ -8476825.820584651082754, 5319060.639354037120938 ], [ -8476825.820584651082754, 5319060.676678995601833 ], [ -8476825.857910115271807, 5319060.676678995601833 ], [ -8476825.857910115271807, 5319060.714003953151405 ], [ -8476825.969886505976319, 5319060.714003953151405 ] ] ] } },
{ "type": "Feature", "properties": { "value": 255.0 }, "geometry": { "type": "Polygon", "coordinates": [ [ [ -8476825.932561041787267, 5319062.841526558622718 ], [ -8476825.932561041787267, 5319062.804201601073146 ], [ -8476826.007211968302727, 5319062.804201601073146 ], [ -8476826.007211968302727, 5319062.766876642592251 ], [ -8476826.044537432491779, 5319062.766876642592251 ], [ -8476826.044537432491779, 5319062.729551685042679 ], [ -8476826.081862894818187, 5319062.729551685042679 ], [ -8476826.081862894818187, 5319062.692226726561785 ], [ -8476826.119188359007239, 5319062.692226726561785 ], [ -8476826.119188359007239, 5319062.654901769012213 ], [ -8476826.231164749711752, 5319062.654901769012213 ], [ -8476826.231164749711752, 5319062.617576810531318 ], [ -8476826.417792066931725, 5319062.617576810531318 ], [ -8476826.417792066931725, 5319062.580251852981746 ], [ -8476826.492442993447185, 5319062.580251852981746 ], [ -8476826.492442993447185, 5319062.542926894500852 ], [ -8476826.529768455773592, 5319062.542926894500852 ], [ -8476826.529768455773592, 5319062.468276978470385 ], [ -8476826.567093919962645, 5319062.468276978470385 ], [ -8476826.567093919962645, 5319062.318977146409452 ], [ -8476826.529768455773592, 5319062.318977146409452 ], [ -8476826.529768455773592, 5319062.244327231310308 ], [ -8476826.492442993447185, 5319062.244327231310308 ], [ -8476826.492442993447185, 5319062.207002272829413 ], [ -8476826.417792066931725, 5319062.207002272829413 ], [ -8476826.417792066931725, 5319062.169677315279841 ], [ -8476826.343141138553619, 5319062.169677315279841 ], [ -8476826.343141138553619, 5319062.132352356798947 ], [ -8476826.305815676227212, 5319062.132352356798947 ], [ -8476826.305815676227212, 5319061.983052524738014 ], [ -8476826.343141138553619, 5319061.983052524738014 ], [ -8476826.343141138553619, 5319061.945727567188442 ], [ -8476826.492442993447185, 5319061.945727567188442 ], [ -8476826.492442993447185, 5319061.908402608707547 ], [ -8476826.567093919962645, 5319061.908402608707547 ], [ -8476826.567093919962645, 5319061.871077651157975 ], [ -8476826.641744846478105, 5319061.871077651157975 ], [ -8476826.641744846478105, 5319061.796427735127509 ], [ -8476826.679070310667157, 5319061.796427735127509 ], [ -8476826.679070310667157, 5319061.572477987036109 ], [ -8476826.716395772993565, 5319061.572477987036109 ], [ -8476826.716395772993565, 5319061.497828071005642 ], [ -8476826.828372163698077, 5319061.497828071005642 ], [ -8476826.828372163698077, 5319061.46050311345607 ], [ -8476826.903023090213537, 5319061.46050311345607 ], [ -8476826.903023090213537, 5319061.497828071005642 ], [ -8476827.08965040743351, 5319061.497828071005642 ], [ -8476827.08965040743351, 5319061.535153028555214 ], [ -8476827.126975869759917, 5319061.535153028555214 ], [ -8476827.126975869759917, 5319061.609802944585681 ], [ -8476827.16430133394897, 5319061.609802944585681 ], [ -8476827.16430133394897, 5319061.759102776646614 ], [ -8476827.201626798138022, 5319061.759102776646614 ], [ -8476827.201626798138022, 5319061.796427735127509 ], [ -8476827.23895226046443, 5319061.796427735127509 ], [ -8476827.23895226046443, 5319061.833752692677081 ], [ -8476827.31360318697989, 5319061.833752692677081 ], [ -8476827.31360318697989, 5319061.871077651157975 ], [ -8476827.462905041873455, 5319061.871077651157975 ], [ -8476827.462905041873455, 5319062.095027399249375 ], [ -8476827.500230504199862, 5319062.095027399249375 ], [ -8476827.500230504199862, 5319062.207002272829413 ], [ -8476827.537555968388915, 5319062.207002272829413 ], [ -8476827.537555968388915, 5319062.244327231310308 ], [ -8476827.836159674450755, 5319062.244327231310308 ], [ -8476827.836159674450755, 5319062.28165218885988 ], [ -8476827.91081060282886, 5319062.28165218885988 ], [ -8476827.91081060282886, 5319062.318977146409452 ], [ -8476827.98546152934432, 5319062.318977146409452 ], [ -8476827.98546152934432, 5319062.393627062439919 ], [ -8476828.022786991670728, 5319062.393627062439919 ], [ -8476828.022786991670728, 5319062.580251852981746 ], [ -8476828.06011245585978, 5319062.580251852981746 ], [ -8476828.06011245585978, 5319062.617576810531318 ], [ -8476828.2094143088907, 5319062.617576810531318 ], [ -8476828.2094143088907, 5319062.654901769012213 ], [ -8476828.28406523540616, 5319062.654901769012213 ], [ -8476828.28406523540616, 5319062.617576810531318 ], [ -8476828.35871616192162, 5319062.617576810531318 ], [ -8476828.35871616192162, 5319062.580251852981746 ], [ -8476828.396041626110673, 5319062.580251852981746 ], [ -8476828.396041626110673, 5319062.542926894500852 ], [ -8476828.433367090299726, 5319062.542926894500852 ], [ -8476828.433367090299726, 5319062.468276978470385 ], [ -8476828.470692552626133, 5319062.468276978470385 ], [ -8476828.470692552626133, 5319062.356302104890347 ], [ -8476828.433367090299726, 5319062.356302104890347 ], [ -8476828.433367090299726, 5319062.244327231310308 ], [ -8476828.396041626110673, 5319062.244327231310308 ], [ -8476828.396041626110673, 5319062.169677315279841 ], [ -8476828.35871616192162, 5319062.169677315279841 ], [ -8476828.35871616192162, 5319062.132352356798947 ], [ -8476828.321390699595213, 5319062.132352356798947 ], [ -8476828.321390699595213, 5319062.095027399249375 ], [ -8476828.246739773079753, 5319062.095027399249375 ], [ -8476828.246739773079753, 5319062.020377483218908 ], [ -8476828.28406523540616, 5319062.020377483218908 ], [ -8476828.28406523540616, 5319061.983052524738014 ], [ -8476828.35871616192162, 5319061.983052524738014 ], [ -8476828.35871616192162, 5319061.945727567188442 ], [ -8476828.396041626110673, 5319061.945727567188442 ], [ -8476828.396041626110673, 5319061.871077651157975 ], [ -8476828.433367090299726, 5319061.871077651157975 ], [ -8476828.433367090299726, 5319061.759102776646614 ], [ -8476828.470692552626133, 5319061.759102776646614 ], [ -8476828.470692552626133, 5319061.647127903066576 ], [ -8476828.433367090299726, 5319061.647127903066576 ], [ -8476828.433367090299726, 5319061.572477987036109 ], [ -8476828.396041626110673, 5319061.572477987036109 ], [ -8476828.396041626110673, 5319061.535153028555214 ], [ -8476828.35871616192162, 5319061.535153028555214 ], [ -8476828.35871616192162, 5319061.497828071005642 ], [ -8476828.2094143088907, 5319061.497828071005642 ], [ -8476828.2094143088907, 5319061.46050311345607 ], [ -8476828.13476338237524, 5319061.46050311345607 ], [ -8476828.13476338237524, 5319061.423178154975176 ], [ -8476828.097437918186188, 5319061.423178154975176 ], [ -8476828.097437918186188, 5319061.311203281395137 ], [ -8476828.13476338237524, 5319061.311203281395137 ], [ -8476828.13476338237524, 5319061.273878322914243 ], [ -8476828.2094143088907, 5319061.273878322914243 ], [ -8476828.2094143088907, 5319061.236553365364671 ], [ -8476828.321390699595213, 5319061.236553365364671 ], [ -8476828.321390699595213, 5319061.199228406883776 ], [ -8476828.35871616192162, 5319061.199228406883776 ], [ -8476828.35871616192162, 5319061.12457849085331 ], [ -8476828.396041626110673, 5319061.12457849085331 ], [ -8476828.396041626110673, 5319060.90062874276191 ], [ -8476828.35871616192162, 5319060.90062874276191 ], [ -8476828.35871616192162, 5319060.825978826731443 ], [ -8476828.321390699595213, 5319060.825978826731443 ], [ -8476828.321390699595213, 5319060.788653869181871 ], [ -8476828.28406523540616, 5319060.788653869181871 ], [ -8476828.28406523540616, 5319060.751328911632299 ], [ -8476828.172088846564293, 5319060.751328911632299 ], [ -8476828.172088846564293, 5319060.714003953151405 ], [ -8476828.097437918186188, 5319060.714003953151405 ], [ -8476828.097437918186188, 5319060.676678995601833 ], [ -8476828.06011245585978, 5319060.676678995601833 ], [ -8476828.06011245585978, 5319060.5273791635409 ], [ -8476828.022786991670728, 5319060.5273791635409 ], [ -8476828.022786991670728, 5319060.490054205060005 ], [ -8476827.948136065155268, 5319060.490054205060005 ], [ -8476827.948136065155268, 5319060.452729247510433 ], [ -8476827.724183285608888, 5319060.452729247510433 ], [ -8476827.724183285608888, 5319060.490054205060005 ], [ -8476827.649532357230783, 5319060.490054205060005 ], [ -8476827.649532357230783, 5319060.5273791635409 ], [ -8476827.612206894904375, 5319060.5273791635409 ], [ -8476827.612206894904375, 5319060.788653869181871 ], [ -8476827.649532357230783, 5319060.788653869181871 ], [ -8476827.649532357230783, 5319060.825978826731443 ], [ -8476827.836159674450755, 5319060.825978826731443 ], [ -8476827.836159674450755, 5319060.863303785212338 ], [ -8476827.91081060282886, 5319060.863303785212338 ], [ -8476827.91081060282886, 5319060.90062874276191 ], [ -8476827.948136065155268, 5319060.90062874276191 ], [ -8476827.948136065155268, 5319061.049928574822843 ], [ -8476827.91081060282886, 5319061.049928574822843 ], [ -8476827.91081060282886, 5319061.087253533303738 ], [ -8476827.873485138639808, 5319061.087253533303738 ], [ -8476827.873485138639808, 5319061.12457849085331 ], [ -8476827.649532357230783, 5319061.12457849085331 ], [ -8476827.649532357230783, 5319061.087253533303738 ], [ -8476827.612206894904375, 5319061.087253533303738 ], [ -8476827.612206894904375, 5319061.049928574822843 ], [ -8476827.574881430715322, 5319061.049928574822843 ], [ -8476827.574881430715322, 5319060.975278658792377 ], [ -8476827.537555968388915, 5319060.975278658792377 ], [ -8476827.537555968388915, 5319060.90062874276191 ], [ -8476827.462905041873455, 5319060.90062874276191 ], [ -8476827.462905041873455, 5319060.863303785212338 ], [ -8476827.276277724653482, 5319060.863303785212338 ], [ -8476827.276277724653482, 5319060.90062874276191 ], [ -8476827.23895226046443, 5319060.90062874276191 ], [ -8476827.23895226046443, 5319060.937953701242805 ], [ -8476827.201626798138022, 5319060.937953701242805 ], [ -8476827.201626798138022, 5319061.161903449334204 ], [ -8476827.16430133394897, 5319061.161903449334204 ], [ -8476827.16430133394897, 5319061.236553365364671 ], [ -8476827.052324943244457, 5319061.236553365364671 ], [ -8476827.052324943244457, 5319061.273878322914243 ], [ -8476826.716395772993565, 5319061.273878322914243 ], [ -8476826.716395772993565, 5319061.311203281395137 ], [ -8476826.641744846478105, 5319061.311203281395137 ], [ -8476826.641744846478105, 5319061.385853197425604 ], [ -8476826.604419382289052, 5319061.385853197425604 ], [ -8476826.604419382289052, 5319061.423178154975176 ], [ -8476826.417792066931725, 5319061.423178154975176 ], [ -8476826.417792066931725, 5319061.46050311345607 ], [ -8476826.380466602742672, 5319061.46050311345607 ], [ -8476826.380466602742672, 5319061.423178154975176 ], [ -8476826.305815676227212, 5319061.423178154975176 ], [ -8476826.305815676227212, 5319061.385853197425604 ], [ -8476826.268490212038159, 5319061.385853197425604 ], [ -8476826.268490212038159, 5319061.236553365364671 ], [ -8476826.343141138553619, 5319061.236553365364671 ], [ -8476826.343141138553619, 5319061.199228406883776 ], [ -8476826.455117529258132, 5319061.199228406883776 ], [ -8476826.455117529258132, 5319061.161903449334204 ], [ -8476826.492442993447185, 5319061.161903449334204 ], [ -8476826.492442993447185, 5319061.12457849085331 ], [ -8476826.529768455773592, 5319061.12457849085331 ], [ -8476826.529768455773592, 5319060.937953701242805 ], [ -8476826.492442993447185, 5319060.937953701242805 ], [ -8476826.492442993447185, 5319060.863303785212338 ], [ -8476826.417792066931725, 5319060.863303785212338 ], [ -8476826.417792066931725, 5319060.825978826731443 ], [ -8476826.343141138553619, 5319060.825978826731443 ], [ -8476826.343141138553619, 5319060.863303785212338 ], [ -8476826.268490212038159, 5319060.863303785212338 ], [ -8476826.268490212038159, 5319060.90062874276191 ], [ -8476826.231164749711752, 5319060.90062874276191 ], [ -8476826.231164749711752, 5319060.975278658792377 ], [ -8476826.193839285522699, 5319060.975278658792377 ], [ -8476826.193839285522699, 5319061.087253533303738 ], [ -8476826.156513823196292, 5319061.087253533303738 ], [ -8476826.156513823196292, 5319061.12457849085331 ], [ -8476826.119188359007239, 5319061.12457849085331 ], [ -8476826.119188359007239, 5319061.161903449334204 ], [ -8476825.783259188756347, 5319061.161903449334204 ], [ -8476825.783259188756347, 5319061.12457849085331 ], [ -8476825.708608262240887, 5319061.12457849085331 ], [ -8476825.708608262240887, 5319061.087253533303738 ], [ -8476825.671282798051834, 5319061.087253533303738 ], [ -8476825.671282798051834, 5319061.049928574822843 ], [ -8476825.633957333862782, 5319061.049928574822843 ], [ -8476825.633957333862782, 5319061.012603617273271 ], [ -8476825.596631871536374, 5319061.012603617273271 ], [ -8476825.596631871536374, 5319060.937953701242805 ], [ -8476825.559306407347322, 5319060.937953701242805 ], [ -8476825.559306407347322, 5319060.90062874276191 ], [ -8476825.484655480831861, 5319060.90062874276191 ], [ -8476825.484655480831861, 5319060.863303785212338 ], [ -8476825.410004554316401, 5319060.863303785212338 ], [ -8476825.410004554316401, 5319060.90062874276191 ], [ -8476825.372679090127349, 5319060.90062874276191 ], [ -8476825.372679090127349, 5319060.937953701242805 ], [ -8476825.335353627800941, 5319060.937953701242805 ], [ -8476825.335353627800941, 5319060.975278658792377 ], [ -8476825.298028163611889, 5319060.975278658792377 ], [ -8476825.298028163611889, 5319061.049928574822843 ], [ -8476825.260702701285481, 5319061.049928574822843 ], [ -8476825.260702701285481, 5319061.12457849085331 ], [ -8476825.223377237096429, 5319061.12457849085331 ], [ -8476825.223377237096429, 5319061.161903449334204 ], [ -8476825.148726310580969, 5319061.161903449334204 ], [ -8476825.148726310580969, 5319061.199228406883776 ], [ -8476824.887448066845536, 5319061.199228406883776 ], [ -8476824.887448066845536, 5319061.236553365364671 ], [ -8476824.551518896594644, 5319061.236553365364671 ], [ -8476824.551518896594644, 5319061.273878322914243 ], [ -8476824.364891579374671, 5319061.273878322914243 ], [ -8476824.364891579374671, 5319061.311203281395137 ], [ -8476824.140938797965646, 5319061.311203281395137 ], [ -8476824.140938797965646, 5319061.348528238944709 ], [ -8476824.028962409123778, 5319061.348528238944709 ], [ -8476824.028962409123778, 5319061.423178154975176 ], [ -8476823.991636944934726, 5319061.423178154975176 ], [ -8476823.991636944934726, 5319061.497828071005642 ], [ -8476823.954311482608318, 5319061.497828071005642 ], [ -8476823.954311482608318, 5319061.572477987036109 ], [ -8476823.916986018419266, 5319061.572477987036109 ], [ -8476823.916986018419266, 5319061.609802944585681 ], [ -8476823.879660554230213, 5319061.609802944585681 ], [ -8476823.879660554230213, 5319061.647127903066576 ], [ -8476823.842335091903806, 5319061.647127903066576 ], [ -8476823.842335091903806, 5319061.684452860616148 ], [ -8476823.767684165388346, 5319061.684452860616148 ], [ -8476823.767684165388346, 5319061.721777819097042 ], [ -8476823.805009627714753, 5319061.721777819097042 ], [ -8476823.805009627714753, 5319061.796427735127509 ], [ -8476823.842335091903806, 5319061.796427735127509 ], [ -8476823.842335091903806, 5319061.945727567188442 ], [ -8476823.879660554230213, 5319061.945727567188442 ], [ -8476823.879660554230213, 5319062.095027399249375 ], [ -8476823.916986018419266, 5319062.095027399249375 ], [ -8476823.916986018419266, 5319062.132352356798947 ], [ -8476823.954311482608318, 5319062.132352356798947 ], [ -8476823.954311482608318, 5319062.169677315279841 ], [ -8476824.028962409123778, 5319062.169677315279841 ], [ -8476824.028962409123778, 5319062.207002272829413 ], [ -8476824.066287871450186, 5319062.207002272829413 ], [ -8476824.066287871450186, 5319062.169677315279841 ], [ -8476824.140938797965646, 5319062.169677315279841 ], [ -8476824.140938797965646, 5319062.132352356798947 ], [ -8476824.178264262154698, 5319062.132352356798947 ], [ -8476824.178264262154698, 5319062.095027399249375 ], [ -8476824.215589726343751, 5319062.095027399249375 ], [ -8476824.215589726343751, 5319062.020377483218908 ], [ -8476824.290240652859211, 5319062.020377483218908 ], [ -8476824.290240652859211, 5319061.983052524738014 ], [ -8476824.364891579374671, 5319061.983052524738014 ], [ -8476824.364891579374671, 5319061.945727567188442 ], [ -8476824.626169823110104, 5319061.945727567188442 ], [ -8476824.626169823110104, 5319061.983052524738014 ], [ -8476824.700820749625564, 5319061.983052524738014 ], [ -8476824.700820749625564, 5319062.020377483218908 ], [ -8476824.738146213814616, 5319062.020377483218908 ], [ -8476824.738146213814616, 5319062.05770244076848 ], [ -8476824.775471676141024, 5319062.05770244076848 ], [ -8476824.775471676141024, 5319062.132352356798947 ], [ -8476824.738146213814616, 5319062.132352356798947 ], [ -8476824.738146213814616, 5319062.207002272829413 ], [ -8476824.700820749625564, 5319062.207002272829413 ], [ -8476824.700820749625564, 5319062.244327231310308 ], [ -8476824.402217043563724, 5319062.244327231310308 ], [ -8476824.402217043563724, 5319062.28165218885988 ], [ -8476824.327566115185618, 5319062.28165218885988 ], [ -8476824.327566115185618, 5319062.318977146409452 ], [ -8476824.290240652859211, 5319062.318977146409452 ], [ -8476824.290240652859211, 5319062.468276978470385 ], [ -8476824.364891579374671, 5319062.468276978470385 ], [ -8476824.364891579374671, 5319062.50560193695128 ], [ -8476824.439542505890131, 5319062.50560193695128 ], [ -8476824.439542505890131, 5319062.542926894500852 ], [ -8476824.663495287299156, 5319062.542926894500852 ], [ -8476824.663495287299156, 5319062.50560193695128 ], [ -8476824.738146213814616, 5319062.50560193695128 ], [ -8476824.738146213814616, 5319062.468276978470385 ], [ -8476824.775471676141024, 5319062.468276978470385 ], [ -8476824.775471676141024, 5319062.430952020920813 ], [ -8476824.812797140330076, 5319062.430952020920813 ], [ -8476824.812797140330076, 5319062.318977146409452 ], [ -8476824.850122602656484, 5319062.318977146409452 ], [ -8476824.850122602656484, 5319062.28165218885988 ], [ -8476825.036749919876456, 5319062.28165218885988 ], [ -8476825.036749919876456, 5319062.318977146409452 ], [ -8476825.074075384065509, 5319062.318977146409452 ], [ -8476825.074075384065509, 5319062.393627062439919 ], [ -8476825.111400846391916, 5319062.393627062439919 ], [ -8476825.111400846391916, 5319062.50560193695128 ], [ -8476825.148726310580969, 5319062.50560193695128 ], [ -8476825.148726310580969, 5319062.580251852981746 ], [ -8476825.186051774770021, 5319062.580251852981746 ], [ -8476825.186051774770021, 5319062.617576810531318 ], [ -8476825.223377237096429, 5319062.617576810531318 ], [ -8476825.223377237096429, 5319062.654901769012213 ], [ -8476825.298028163611889, 5319062.654901769012213 ], [ -8476825.298028163611889, 5319062.692226726561785 ], [ -8476825.559306407347322, 5319062.692226726561785 ], [ -8476825.559306407347322, 5319062.729551685042679 ], [ -8476825.708608262240887, 5319062.729551685042679 ], [ -8476825.708608262240887, 5319062.766876642592251 ], [ -8476825.745933724567294, 5319062.766876642592251 ], [ -8476825.745933724567294, 5319062.804201601073146 ], [ -8476825.895235577598214, 5319062.804201601073146 ], [ -8476825.895235577598214, 5319062.841526558622718 ], [ -8476825.932561041787267, 5319062.841526558622718 ] ], [ [ -8476825.447330018505454, 5319062.132352356798947 ], [ -8476825.410004554316401, 5319062.132352356798947 ], [ -8476825.410004554316401, 5319062.095027399249375 ], [ -8476825.335353627800941, 5319062.095027399249375 ], [ -8476825.335353627800941, 5319062.05770244076848 ], [ -8476825.372679090127349, 5319062.05770244076848 ], [ -8476825.372679090127349, 5319062.020377483218908 ], [ -8476825.484655480831861, 5319062.020377483218908 ], [ -8476825.484655480831861, 5319062.095027399249375 ], [ -8476825.447330018505454, 5319062.095027399249375 ], [ -8476825.447330018505454, 5319062.132352356798947 ] ], [ [ -8476827.836159674450755, 5319061.871077651157975 ], [ -8476827.500230504199862, 5319061.871077651157975 ], [ -8476827.500230504199862, 5319061.833752692677081 ], [ -8476827.462905041873455, 5319061.833752692677081 ], [ -8476827.462905041873455, 5319061.684452860616148 ], [ -8476827.500230504199862, 5319061.684452860616148 ], [ -8476827.500230504199862, 5319061.609802944585681 ], [ -8476827.537555968388915, 5319061.609802944585681 ], [ -8476827.537555968388915, 5319061.572477987036109 ], [ -8476827.574881430715322, 5319061.572477987036109 ], [ -8476827.574881430715322, 5319061.535153028555214 ], [ -8476827.798834212124348, 5319061.535153028555214 ], [ -8476827.798834212124348, 5319061.497828071005642 ], [ -8476827.836159674450755, 5319061.497828071005642 ], [ -8476827.836159674450755, 5319061.535153028555214 ], [ -8476827.98546152934432, 5319061.535153028555214 ], [ -8476827.98546152934432, 5319061.572477987036109 ], [ -8476828.022786991670728, 5319061.572477987036109 ], [ -8476828.022786991670728, 5319061.759102776646614 ], [ -8476827.98546152934432, 5319061.759102776646614 ], [ -8476827.98546152934432, 5319061.796427735127509 ], [ -8476827.948136065155268, 5319061.796427735127509 ], [ -8476827.948136065155268, 5319061.833752692677081 ], [ -8476827.836159674450755, 5319061.833752692677081 ], [ -8476827.836159674450755, 5319061.871077651157975 ] ], [ [ -8476826.007211968302727, 5319061.721777819097042 ], [ -8476825.857910115271807, 5319061.721777819097042 ], [ -8476825.857910115271807, 5319061.684452860616148 ], [ -8476825.895235577598214, 5319061.684452860616148 ], [ -8476825.895235577598214, 5319061.647127903066576 ], [ -8476825.969886505976319, 5319061.647127903066576 ], [ -8476825.969886505976319, 5319061.684452860616148 ], [ -8476826.007211968302727, 5319061.684452860616148 ], [ -8476826.007211968302727, 5319061.721777819097042 ] ], [ [ -8476827.350928651168942, 5319061.423178154975176 ], [ -8476827.31360318697989, 5319061.423178154975176 ], [ -8476827.31360318697989, 5319061.385853197425604 ], [ -8476827.23895226046443, 5319061.385853197425604 ], [ -8476827.23895226046443, 5319061.311203281395137 ], [ -8476827.31360318697989, 5319061.311203281395137 ], [ -8476827.31360318697989, 5319061.273878322914243 ], [ -8476827.350928651168942, 5319061.273878322914243 ], [ -8476827.350928651168942, 5319061.311203281395137 ], [ -8476827.38825411349535, 5319061.311203281395137 ], [ -8476827.38825411349535, 5319061.385853197425604 ], [ -8476827.350928651168942, 5319061.385853197425604 ], [ -8476827.350928651168942, 5319061.423178154975176 ] ] ] } },
{ "type": "Feature", "properties": { "value": 255.0 }, "geometry": { "type": "Polygon", "coordinates": [ [ [ -8476825.484655480831861, 5319060.340754372999072 ], [ -8476825.484655480831861, 5319060.3034294154495 ], [ -8476825.559306407347322, 5319060.3034294154495 ], [ -8476825.559306407347322, 5319060.228779499419034 ], [ -8476825.484655480831861, 5319060.228779499419034 ], [ -8476825.484655480831861, 5319060.191454540938139 ], [ -8476825.447330018505454, 5319060.191454540938139 ], [ -8476825.447330018505454, 5319060.228779499419034 ], [ -8476825.372679090127349, 5319060.228779499419034 ], [ -8476825.372679090127349, 5319060.3034294154495 ], [ -8476825.447330018505454, 5319060.3034294154495 ], [ -8476825.447330018505454, 5319060.340754372999072 ], [ -8476825.484655480831861, 5319060.340754372999072 ] ] ] } },
{ "type": "Feature", "properties": { "value": 255.0 }, "geometry": { "type": "Polygon", "coordinates": [ [ [ -8476827.38825411349535, 5319060.340754372999072 ], [ -8476827.38825411349535, 5319060.3034294154495 ], [ -8476827.425579577684402, 5319060.3034294154495 ], [ -8476827.425579577684402, 5319060.266104456968606 ], [ -8476827.462905041873455, 5319060.266104456968606 ], [ -8476827.462905041873455, 5319060.154129583388567 ], [ -8476827.425579577684402, 5319060.154129583388567 ], [ -8476827.425579577684402, 5319060.0794796673581 ], [ -8476827.276277724653482, 5319060.0794796673581 ], [ -8476827.276277724653482, 5319060.116804624907672 ], [ -8476827.23895226046443, 5319060.116804624907672 ], [ -8476827.23895226046443, 5319060.154129583388567 ], [ -8476827.201626798138022, 5319060.154129583388567 ], [ -8476827.201626798138022, 5319060.3034294154495 ], [ -8476827.276277724653482, 5319060.3034294154495 ], [ -8476827.276277724653482, 5319060.340754372999072 ], [ -8476827.38825411349535, 5319060.340754372999072 ] ] ] } },
{ "type": "Feature", "properties": { "value": 255.0 }, "geometry": { "type": "Polygon", "coordinates": [ [ [ -8476826.455117529258132, 5319060.415404289029539 ], [ -8476826.455117529258132, 5319060.378079331479967 ], [ -8476826.529768455773592, 5319060.378079331479967 ], [ -8476826.529768455773592, 5319060.340754372999072 ], [ -8476826.567093919962645, 5319060.340754372999072 ], [ -8476826.567093919962645, 5319060.3034294154495 ], [ -8476826.604419382289052, 5319060.3034294154495 ], [ -8476826.604419382289052, 5319060.0794796673581 ], [ -8476826.641744846478105, 5319060.0794796673581 ], [ -8476826.641744846478105, 5319060.004829751327634 ], [ -8476826.716395772993565, 5319060.004829751327634 ], [ -8476826.716395772993565, 5319059.967504793778062 ], [ -8476826.977674016728997, 5319059.967504793778062 ], [ -8476826.977674016728997, 5319059.930179835297167 ], [ -8476827.052324943244457, 5319059.930179835297167 ], [ -8476827.052324943244457, 5319059.892854877747595 ], [ -8476827.01499948091805, 5319059.892854877747595 ], [ -8476827.01499948091805, 5319059.855529919266701 ], [ -8476826.567093919962645, 5319059.855529919266701 ], [ -8476826.567093919962645, 5319059.892854877747595 ], [ -8476826.455117529258132, 5319059.892854877747595 ], [ -8476826.455117529258132, 5319059.930179835297167 ], [ -8476826.343141138553619, 5319059.930179835297167 ], [ -8476826.343141138553619, 5319059.892854877747595 ], [ -8476826.231164749711752, 5319059.892854877747595 ], [ -8476826.231164749711752, 5319059.855529919266701 ], [ -8476825.857910115271807, 5319059.855529919266701 ], [ -8476825.857910115271807, 5319059.892854877747595 ], [ -8476825.820584651082754, 5319059.892854877747595 ], [ -8476825.820584651082754, 5319059.967504793778062 ], [ -8476825.857910115271807, 5319059.967504793778062 ], [ -8476825.857910115271807, 5319060.004829751327634 ], [ -8476825.895235577598214, 5319060.004829751327634 ], [ -8476825.895235577598214, 5319060.042154708877206 ], [ -8476826.007211968302727, 5319060.042154708877206 ], [ -8476826.007211968302727, 5319060.0794796673581 ], [ -8476826.081862894818187, 5319060.0794796673581 ], [ -8476826.081862894818187, 5319060.154129583388567 ], [ -8476826.119188359007239, 5319060.154129583388567 ], [ -8476826.119188359007239, 5319060.266104456968606 ], [ -8476826.156513823196292, 5319060.266104456968606 ], [ -8476826.156513823196292, 5319060.340754372999072 ], [ -8476826.193839285522699, 5319060.340754372999072 ], [ -8476826.193839285522699, 5319060.378079331479967 ], [ -8476826.268490212038159, 5319060.378079331479967 ], [ -8476826.268490212038159, 5319060.415404289029539 ], [ -8476826.455117529258132, 5319060.415404289029539 ] ] ] } },
{ "type": "Feature", "properties": { "value": 255.0 }, "geometry": { "type": "Polygon", "coordinates": [ [ [ -8476746.09339483641088, 5319038.02042949385941 ], [ -8476746.09339483641088, 5319037.983104536309838 ], [ -8476746.168045764788985, 5319037.983104536309838 ], [ -8476746.168045764788985, 5319037.908454620279372 ], [ -8476746.01874390989542, 5319037.908454620279372 ], [ -8476746.01874390989542, 5319037.945779577828944 ], [ -8476746.056069374084473, 5319037.945779577828944 ], [ -8476746.056069374084473, 5319038.02042949385941 ], [ -8476746.09339483641088, 5319038.02042949385941 ] ] ] } },
{ "type": "Feature", "properties": { "value": 255.0 }, "geometry": { "type": "Polygon", "coordinates": [ [ [ -8476785.770362427458167, 5319038.095079409889877 ], [ -8476785.770362427458167, 5319038.057754452340305 ], [ -8476785.80768789164722, 5319038.057754452340305 ], [ -8476785.80768789164722, 5319038.02042949385941 ], [ -8476785.845013353973627, 5319038.02042949385941 ], [ -8476785.845013353973627, 5319037.908454620279372 ], [ -8476785.80768789164722, 5319037.908454620279372 ], [ -8476785.80768789164722, 5319037.871129661798477 ], [ -8476785.733036963269114, 5319037.871129661798477 ], [ -8476785.733036963269114, 5319037.908454620279372 ], [ -8476785.695711500942707, 5319037.908454620279372 ], [ -8476785.695711500942707, 5319038.057754452340305 ], [ -8476785.733036963269114, 5319038.057754452340305 ], [ -8476785.733036963269114, 5319038.095079409889877 ], [ -8476785.770362427458167, 5319038.095079409889877 ] ] ] } },
{ "type": "Feature", "properties": { "value": 255.0 }, "geometry": { "type": "Polygon", "coordinates": [ [ [ -8476784.874551305547357, 5319038.132404368370771 ], [ -8476784.874551305547357, 5319038.095079409889877 ], [ -8476784.911876769736409, 5319038.095079409889877 ], [ -8476784.911876769736409, 5319038.057754452340305 ], [ -8476784.949202232062817, 5319038.057754452340305 ], [ -8476784.949202232062817, 5319037.983104536309838 ], [ -8476784.986527696251869, 5319037.983104536309838 ], [ -8476784.986527696251869, 5319037.908454620279372 ], [ -8476784.949202232062817, 5319037.908454620279372 ], [ -8476784.949202232062817, 5319037.833804704248905 ], [ -8476784.911876769736409, 5319037.833804704248905 ], [ -8476784.911876769736409, 5319037.796479745768011 ], [ -8476784.762574916705489, 5319037.796479745768011 ], [ -8476784.762574916705489, 5319037.871129661798477 ], [ -8476784.725249452516437, 5319037.871129661798477 ], [ -8476784.725249452516437, 5319038.057754452340305 ], [ -8476784.762574916705489, 5319038.057754452340305 ], [ -8476784.762574916705489, 5319038.095079409889877 ], [ -8476784.799900379031897, 5319038.095079409889877 ], [ -8476784.799900379031897, 5319038.132404368370771 ], [ -8476784.874551305547357, 5319038.132404368370771 ] ] ] } },
{ "type": "Feature", "properties": { "value": 255.0 }, "geometry": { "type": "Polygon", "coordinates": [ [ [ -8476784.351994818076491, 5319037.609854956157506 ], [ -8476784.351994818076491, 5319037.535205040127039 ], [ -8476784.314669355750084, 5319037.535205040127039 ], [ -8476784.314669355750084, 5319037.609854956157506 ], [ -8476784.351994818076491, 5319037.609854956157506 ] ] ] } },
{ "type": "Feature", "properties": { "value": 255.0 }, "geometry": { "type": "Polygon", "coordinates": [ [ [ -8476782.635023502632976, 5319037.721829829737544 ], [ -8476782.635023502632976, 5319037.572529998607934 ], [ -8476782.597698038443923, 5319037.572529998607934 ], [ -8476782.597698038443923, 5319037.535205040127039 ], [ -8476782.48572164773941, 5319037.535205040127039 ], [ -8476782.48572164773941, 5319037.497880082577467 ], [ -8476782.448396185413003, 5319037.497880082577467 ], [ -8476782.448396185413003, 5319037.535205040127039 ], [ -8476782.373745258897543, 5319037.535205040127039 ], [ -8476782.373745258897543, 5319037.572529998607934 ], [ -8476782.33641979470849, 5319037.572529998607934 ], [ -8476782.33641979470849, 5319037.609854956157506 ], [ -8476782.373745258897543, 5319037.609854956157506 ], [ -8476782.373745258897543, 5319037.684504872187972 ], [ -8476782.448396185413003, 5319037.684504872187972 ], [ -8476782.448396185413003, 5319037.721829829737544 ], [ -8476782.635023502632976, 5319037.721829829737544 ] ] ] } },
{ "type": "Feature", "properties": { "value": 255.0 }, "geometry": { "type": "Polygon", "coordinates": [ [ [ -8476785.359782330691814, 5319037.721829829737544 ], [ -8476785.359782330691814, 5319037.684504872187972 ], [ -8476785.434433257207274, 5319037.684504872187972 ], [ -8476785.434433257207274, 5319037.6471799146384 ], [ -8476785.471758719533682, 5319037.6471799146384 ], [ -8476785.471758719533682, 5319037.609854956157506 ], [ -8476785.509084183722734, 5319037.609854956157506 ], [ -8476785.509084183722734, 5319037.497880082577467 ], [ -8476785.471758719533682, 5319037.497880082577467 ], [ -8476785.471758719533682, 5319037.423230166547 ], [ -8476785.434433257207274, 5319037.423230166547 ], [ -8476785.434433257207274, 5319037.385905208066106 ], [ -8476785.397107793018222, 5319037.385905208066106 ], [ -8476785.397107793018222, 5319037.348580250516534 ], [ -8476785.359782330691814, 5319037.348580250516534 ], [ -8476785.359782330691814, 5319037.311255292035639 ], [ -8476785.247805939987302, 5319037.311255292035639 ], [ -8476785.247805939987302, 5319037.348580250516534 ], [ -8476785.210480475798249, 5319037.348580250516534 ], [ -8476785.210480475798249, 5319037.385905208066106 ], [ -8476785.173155013471842, 5319037.385905208066106 ], [ -8476785.173155013471842, 5319037.423230166547 ], [ -8476785.135829549282789, 5319037.423230166547 ], [ -8476785.135829549282789, 5319037.497880082577467 ], [ -8476785.098504086956382, 5319037.497880082577467 ], [ -8476785.098504086956382, 5319037.535205040127039 ], [ -8476785.061178622767329, 5319037.535205040127039 ], [ -8476785.061178622767329, 5319037.6471799146384 ], [ -8476785.098504086956382, 5319037.6471799146384 ], [ -8476785.098504086956382, 5319037.684504872187972 ], [ -8476785.135829549282789, 5319037.684504872187972 ], [ -8476785.135829549282789, 5319037.721829829737544 ], [ -8476785.359782330691814, 5319037.721829829737544 ] ] ] } },
{ "type": "Feature", "properties": { "value": 255.0 }, "geometry": { "type": "Polygon", "coordinates": [ [ [ -8476785.322456866502762, 5319036.938005712814629 ], [ -8476785.322456866502762, 5319036.826030838303268 ], [ -8476785.285131404176354, 5319036.826030838303268 ], [ -8476785.285131404176354, 5319036.938005712814629 ], [ -8476785.322456866502762, 5319036.938005712814629 ] ] ] } },
{ "type": "Feature", "properties": { "value": 255.0 }, "geometry": { "type": "Polygon", "coordinates": [ [ [ -8476834.181488452479243, 5319119.500812790356576 ], [ -8476834.181488452479243, 5319090.536645388230681 ], [ -8476833.808233818039298, 5319090.536645388230681 ], [ -8476833.808233818039298, 5319090.499320430681109 ], [ -8476833.845559282228351, 5319090.499320430681109 ], [ -8476833.845559282228351, 5319090.461995473131537 ], [ -8476833.882884744554758, 5319090.461995473131537 ], [ -8476833.882884744554758, 5319090.424670514650643 ], [ -8476834.181488452479243, 5319090.424670514650643 ], [ -8476834.181488452479243, 5319058.885081011801958 ], [ -8476833.882884744554758, 5319058.885081011801958 ], [ -8476833.882884744554758, 5319058.847756053321064 ], [ -8476833.770908355712891, 5319058.847756053321064 ], [ -8476833.770908355712891, 5319058.735781179741025 ], [ -8476833.808233818039298, 5319058.735781179741025 ], [ -8476833.808233818039298, 5319058.69845622126013 ], [ -8476833.845559282228351, 5319058.69845622126013 ], [ -8476833.845559282228351, 5319058.661131263710558 ], [ -8476833.882884744554758, 5319058.661131263710558 ], [ -8476833.882884744554758, 5319058.623806305229664 ], [ -8476833.920210208743811, 5319058.623806305229664 ], [ -8476833.920210208743811, 5319058.586481347680092 ], [ -8476834.181488452479243, 5319058.586481347680092 ], [ -8476834.181488452479243, 5319058.287881683558226 ], [ -8476833.920210208743811, 5319058.287881683558226 ], [ -8476833.920210208743811, 5319058.213231767527759 ], [ -8476833.882884744554758, 5319058.213231767527759 ], [ -8476833.882884744554758, 5319058.063931935466826 ], [ -8476833.920210208743811, 5319058.063931935466826 ], [ -8476833.920210208743811, 5319057.989282019436359 ], [ -8476834.181488452479243, 5319057.989282019436359 ], [ -8476834.181488452479243, 5319036.228831510990858 ], [ -8476833.696257429197431, 5319036.228831510990858 ], [ -8476833.696257429197431, 5319036.191506552509964 ], [ -8476833.546955574303865, 5319036.191506552509964 ], [ -8476833.546955574303865, 5319036.154181594960392 ], [ -8476833.434979185461998, 5319036.154181594960392 ], [ -8476833.434979185461998, 5319036.191506552509964 ], [ -8476833.323002794757485, 5319036.191506552509964 ], [ -8476833.323002794757485, 5319036.228831510990858 ], [ -8476833.211026404052973, 5319036.228831510990858 ], [ -8476833.211026404052973, 5319036.26615646854043 ], [ -8476833.09905001334846, 5319036.26615646854043 ], [ -8476833.09905001334846, 5319036.303481426090002 ], [ -8476832.837771769613028, 5319036.303481426090002 ], [ -8476832.837771769613028, 5319036.26615646854043 ], [ -8476832.688469916582108, 5319036.26615646854043 ], [ -8476832.688469916582108, 5319036.228831510990858 ], [ -8476832.464517137035728, 5319036.228831510990858 ], [ -8476832.464517137035728, 5319036.26615646854043 ], [ -8476832.389866208657622, 5319036.26615646854043 ], [ -8476832.389866208657622, 5319036.303481426090002 ], [ -8476832.315215282142162, 5319036.303481426090002 ], [ -8476832.315215282142162, 5319036.340806384570897 ], [ -8476832.240564355626702, 5319036.340806384570897 ], [ -8476832.240564355626702, 5319036.378131342120469 ], [ -8476832.165913429111242, 5319036.378131342120469 ], [ -8476832.165913429111242, 5319036.415456300601363 ], [ -8476832.091262502595782, 5319036.415456300601363 ], [ -8476832.091262502595782, 5319036.452781258150935 ], [ -8476831.941960649564862, 5319036.452781258150935 ], [ -8476831.941960649564862, 5319036.49010621663183 ], [ -8476831.82998425886035, 5319036.49010621663183 ], [ -8476831.82998425886035, 5319036.527431174181402 ], [ -8476831.606031477451324, 5319036.527431174181402 ], [ -8476831.606031477451324, 5319036.564756132662296 ], [ -8476831.568706015124917, 5319036.564756132662296 ], [ -8476831.568706015124917, 5319036.527431174181402 ], [ -8476831.456729624420404, 5319036.527431174181402 ], [ -8476831.456729624420404, 5319036.49010621663183 ], [ -8476831.382078697904944, 5319036.49010621663183 ], [ -8476831.382078697904944, 5319036.452781258150935 ], [ -8476831.344753233715892, 5319036.452781258150935 ], [ -8476831.344753233715892, 5319036.415456300601363 ], [ -8476831.270102307200432, 5319036.415456300601363 ], [ -8476831.270102307200432, 5319036.378131342120469 ], [ -8476831.158125916495919, 5319036.378131342120469 ], [ -8476831.158125916495919, 5319036.340806384570897 ], [ -8476831.046149527654052, 5319036.340806384570897 ], [ -8476831.046149527654052, 5319036.378131342120469 ], [ -8476830.822196746245027, 5319036.378131342120469 ], [ -8476830.822196746245027, 5319036.415456300601363 ], [ -8476830.598243966698647, 5319036.415456300601363 ], [ -8476830.598243966698647, 5319036.452781258150935 ], [ -8476830.374291185289621, 5319036.452781258150935 ], [ -8476830.374291185289621, 5319036.49010621663183 ], [ -8476830.224989332258701, 5319036.49010621663183 ], [ -8476830.224989332258701, 5319036.527431174181402 ], [ -8476830.150338405743241, 5319036.527431174181402 ], [ -8476830.150338405743241, 5319036.564756132662296 ], [ -8476830.075687479227781, 5319036.564756132662296 ], [ -8476830.075687479227781, 5319036.602081090211868 ], [ -8476829.963711088523269, 5319036.602081090211868 ], [ -8476829.963711088523269, 5319036.639406048692763 ], [ -8476829.814409235492349, 5319036.639406048692763 ], [ -8476829.814409235492349, 5319036.676731006242335 ], [ -8476829.627781918272376, 5319036.676731006242335 ], [ -8476829.627781918272376, 5319036.639406048692763 ], [ -8476829.590456454083323, 5319036.639406048692763 ], [ -8476829.590456454083323, 5319036.602081090211868 ], [ -8476829.515805527567863, 5319036.602081090211868 ], [ -8476829.515805527567863, 5319036.564756132662296 ], [ -8476829.441154601052403, 5319036.564756132662296 ], [ -8476829.441154601052403, 5319036.527431174181402 ], [ -8476829.403829136863351, 5319036.527431174181402 ], [ -8476829.403829136863351, 5319036.49010621663183 ], [ -8476829.329178210347891, 5319036.49010621663183 ], [ -8476829.329178210347891, 5319036.452781258150935 ], [ -8476829.254527283832431, 5319036.452781258150935 ], [ -8476829.254527283832431, 5319036.415456300601363 ], [ -8476828.731970796361566, 5319036.415456300601363 ], [ -8476828.731970796361566, 5319036.452781258150935 ], [ -8476828.619994405657053, 5319036.452781258150935 ], [ -8476828.619994405657053, 5319036.49010621663183 ], [ -8476828.582668943330646, 5319036.49010621663183 ], [ -8476828.582668943330646, 5319036.527431174181402 ], [ -8476828.545343479141593, 5319036.527431174181402 ], [ -8476828.545343479141593, 5319036.564756132662296 ], [ -8476828.508018016815186, 5319036.564756132662296 ], [ -8476828.508018016815186, 5319036.602081090211868 ], [ -8476828.470692552626133, 5319036.602081090211868 ], [ -8476828.470692552626133, 5319036.639406048692763 ], [ -8476828.433367090299726, 5319036.639406048692763 ], [ -8476828.433367090299726, 5319036.676731006242335 ], [ -8476828.396041626110673, 5319036.676731006242335 ], [ -8476828.396041626110673, 5319036.714055964723229 ], [ -8476828.35871616192162, 5319036.714055964723229 ], [ -8476828.35871616192162, 5319036.751380922272801 ], [ -8476828.321390699595213, 5319036.751380922272801 ], [ -8476828.321390699595213, 5319036.788705880753696 ], [ -8476828.28406523540616, 5319036.788705880753696 ], [ -8476828.28406523540616, 5319036.826030838303268 ], [ -8476828.06011245585978, 5319036.826030838303268 ], [ -8476828.06011245585978, 5319036.863355796784163 ], [ -8476827.91081060282886, 5319036.863355796784163 ], [ -8476827.91081060282886, 5319036.900680754333735 ], [ -8476827.798834212124348, 5319036.900680754333735 ], [ -8476827.798834212124348, 5319036.938005712814629 ], [ -8476827.724183285608888, 5319036.938005712814629 ], [ -8476827.724183285608888, 5319036.975330670364201 ], [ -8476827.574881430715322, 5319036.975330670364201 ], [ -8476827.574881430715322, 5319037.012655627913773 ], [ -8476827.38825411349535, 5319037.012655627913773 ], [ -8476827.38825411349535, 5319037.049980586394668 ], [ -8476827.201626798138022, 5319037.049980586394668 ], [ -8476827.201626798138022, 5319037.08730554394424 ], [ -8476827.08965040743351, 5319037.08730554394424 ], [ -8476827.08965040743351, 5319037.124630502425134 ], [ -8476826.94034855440259, 5319037.124630502425134 ], [ -8476826.94034855440259, 5319037.161955459974706 ], [ -8476826.828372163698077, 5319037.161955459974706 ], [ -8476826.828372163698077, 5319037.199280418455601 ], [ -8476826.305815676227212, 5319037.199280418455601 ], [ -8476826.305815676227212, 5319037.236605376005173 ], [ -8476825.447330018505454, 5319037.236605376005173 ], [ -8476825.447330018505454, 5319037.273930334486067 ], [ -8476824.290240652859211, 5319037.273930334486067 ], [ -8476824.290240652859211, 5319037.311255292035639 ], [ -8476823.3944295309484, 5319037.311255292035639 ], [ -8476823.3944295309484, 5319037.348580250516534 ], [ -8476823.17047675140202, 5319037.348580250516534 ], [ -8476823.17047675140202, 5319037.385905208066106 ], [ -8476822.983849434182048, 5319037.385905208066106 ], [ -8476822.983849434182048, 5319037.348580250516534 ], [ -8476821.677458215504885, 5319037.348580250516534 ], [ -8476821.677458215504885, 5319037.311255292035639 ], [ -8476821.640132751315832, 5319037.311255292035639 ], [ -8476821.640132751315832, 5319037.348580250516534 ], [ -8476820.893623484298587, 5319037.348580250516534 ], [ -8476820.893623484298587, 5319037.311255292035639 ], [ -8476820.632345238700509, 5319037.311255292035639 ], [ -8476820.632345238700509, 5319037.348580250516534 ], [ -8476819.624557727947831, 5319037.348580250516534 ], [ -8476819.624557727947831, 5319037.311255292035639 ], [ -8476819.213977631181479, 5319037.311255292035639 ], [ -8476819.213977631181479, 5319037.348580250516534 ], [ -8476818.280841045081615, 5319037.348580250516534 ], [ -8476818.280841045081615, 5319037.311255292035639 ], [ -8476818.019562801346183, 5319037.311255292035639 ], [ -8476818.019562801346183, 5319037.273930334486067 ], [ -8476817.123751681298018, 5319037.273930334486067 ], [ -8476817.123751681298018, 5319037.236605376005173 ], [ -8476816.825147973373532, 5319037.236605376005173 ], [ -8476816.825147973373532, 5319037.199280418455601 ], [ -8476816.601195191964507, 5319037.199280418455601 ], [ -8476816.601195191964507, 5319037.161955459974706 ], [ -8476815.668058607727289, 5319037.161955459974706 ], [ -8476815.668058607727289, 5319037.199280418455601 ], [ -8476815.481431290507317, 5319037.199280418455601 ], [ -8476815.481431290507317, 5319037.161955459974706 ], [ -8476815.369454901665449, 5319037.161955459974706 ], [ -8476815.369454901665449, 5319037.124630502425134 ], [ -8476815.257478510960937, 5319037.124630502425134 ], [ -8476815.257478510960937, 5319037.08730554394424 ], [ -8476815.145502120256424, 5319037.08730554394424 ], [ -8476815.145502120256424, 5319037.049980586394668 ], [ -8476814.958874803036451, 5319037.049980586394668 ], [ -8476814.958874803036451, 5319037.012655627913773 ], [ -8476814.436318315565586, 5319037.012655627913773 ], [ -8476814.436318315565586, 5319037.049980586394668 ], [ -8476814.249690998345613, 5319037.049980586394668 ], [ -8476814.249690998345613, 5319037.08730554394424 ], [ -8476814.100389145314693, 5319037.08730554394424 ], [ -8476814.100389145314693, 5319037.124630502425134 ], [ -8476813.913761828094721, 5319037.124630502425134 ], [ -8476813.913761828094721, 5319037.161955459974706 ], [ -8476813.764459975063801, 5319037.161955459974706 ], [ -8476813.764459975063801, 5319037.199280418455601 ], [ -8476813.615158122032881, 5319037.199280418455601 ], [ -8476813.615158122032881, 5319037.423230166547 ], [ -8476813.577832657843828, 5319037.423230166547 ], [ -8476813.577832657843828, 5319038.356354116462171 ], [ -8476813.540507193654776, 5319038.356354116462171 ], [ -8476813.540507193654776, 5319038.878903527744114 ], [ -8476813.577832657843828, 5319038.878903527744114 ], [ -8476813.577832657843828, 5319039.737377561628819 ], [ -8476813.615158122032881, 5319039.737377561628819 ], [ -8476813.615158122032881, 5319039.961327309720218 ], [ -8476813.652483584359288, 5319039.961327309720218 ], [ -8476813.652483584359288, 5319040.035977225750685 ], [ -8476813.689809048548341, 5319040.035977225750685 ], [ -8476813.689809048548341, 5319040.073302183300257 ], [ -8476813.727134510874748, 5319040.073302183300257 ], [ -8476813.727134510874748, 5319040.110627141781151 ], [ -8476813.764459975063801, 5319040.110627141781151 ], [ -8476813.764459975063801, 5319040.147952099330723 ], [ -8476813.801785437390208, 5319040.147952099330723 ], [ -8476813.801785437390208, 5319040.185277057811618 ], [ -8476813.839110901579261, 5319040.185277057811618 ], [ -8476813.839110901579261, 5319040.22260201536119 ], [ -8476813.876436365768313, 5319040.22260201536119 ], [ -8476813.876436365768313, 5319040.297251931391656 ], [ -8476813.913761828094721, 5319040.297251931391656 ], [ -8476813.913761828094721, 5319040.371901847422123 ], [ -8476813.951087292283773, 5319040.371901847422123 ], [ -8476813.951087292283773, 5319040.44655176345259 ], [ -8476813.988412754610181, 5319040.44655176345259 ], [ -8476813.988412754610181, 5319040.483876721933484 ], [ -8476814.025738218799233, 5319040.483876721933484 ], [ -8476814.025738218799233, 5319040.558526637963951 ], [ -8476814.063063681125641, 5319040.558526637963951 ], [ -8476814.063063681125641, 5319040.595851595513523 ], [ -8476814.100389145314693, 5319040.595851595513523 ], [ -8476814.100389145314693, 5319040.633176553994417 ], [ -8476814.137714609503746, 5319040.633176553994417 ], [ -8476814.137714609503746, 5319040.670501511543989 ], [ -8476814.175040071830153, 5319040.670501511543989 ], [ -8476814.175040071830153, 5319040.707826469093561 ], [ -8476814.212365536019206, 5319040.707826469093561 ], [ -8476814.212365536019206, 5319040.745151427574456 ], [ -8476814.249690998345613, 5319040.745151427574456 ], [ -8476814.249690998345613, 5319040.782476385124028 ], [ -8476814.287016462534666, 5319040.782476385124028 ], [ -8476814.287016462534666, 5319040.857126301154494 ], [ -8476814.249690998345613, 5319040.857126301154494 ], [ -8476814.249690998345613, 5319040.969101175665855 ], [ -8476814.212365536019206, 5319040.969101175665855 ], [ -8476814.212365536019206, 5319041.043751091696322 ], [ -8476814.175040071830153, 5319041.043751091696322 ], [ -8476814.175040071830153, 5319041.118401007726789 ], [ -8476814.137714609503746, 5319041.118401007726789 ], [ -8476814.137714609503746, 5319041.155725965276361 ], [ -8476814.100389145314693, 5319041.155725965276361 ], [ -8476814.100389145314693, 5319041.193050923757255 ], [ -8476814.137714609503746, 5319041.193050923757255 ], [ -8476814.137714609503746, 5319041.342350755818188 ], [ -8476814.175040071830153, 5319041.342350755818188 ], [ -8476814.175040071830153, 5319041.566300502978265 ], [ -8476814.212365536019206, 5319041.566300502978265 ], [ -8476814.212365536019206, 5319041.902225125581026 ], [ -8476814.249690998345613, 5319041.902225125581026 ], [ -8476814.249690998345613, 5319042.088849915191531 ], [ -8476814.287016462534666, 5319042.088849915191531 ], [ -8476814.287016462534666, 5319042.238149747252464 ], [ -8476814.324341924861073, 5319042.238149747252464 ], [ -8476814.324341924861073, 5319042.499424452893436 ], [ -8476814.361667389050126, 5319042.499424452893436 ], [ -8476814.361667389050126, 5319043.059298822656274 ], [ -8476814.398992853239179, 5319043.059298822656274 ], [ -8476814.398992853239179, 5319043.208598654717207 ], [ -8476814.436318315565586, 5319043.208598654717207 ], [ -8476814.436318315565586, 5319043.320573529228568 ], [ -8476814.473643779754639, 5319043.320573529228568 ], [ -8476814.473643779754639, 5319043.35789848677814 ], [ -8476814.510969242081046, 5319043.35789848677814 ], [ -8476814.510969242081046, 5319043.395223445259035 ], [ -8476814.548294706270099, 5319043.395223445259035 ], [ -8476814.548294706270099, 5319043.432548402808607 ], [ -8476814.585620168596506, 5319043.432548402808607 ], [ -8476814.585620168596506, 5319043.469873361289501 ], [ -8476814.772247485816479, 5319043.469873361289501 ], [ -8476814.772247485816479, 5319043.507198318839073 ], [ -8476814.884223876520991, 5319043.507198318839073 ], [ -8476814.884223876520991, 5319043.544523277319968 ], [ -8476814.958874803036451, 5319043.544523277319968 ], [ -8476814.958874803036451, 5319043.58184823486954 ], [ -8476815.033525729551911, 5319043.58184823486954 ], [ -8476815.033525729551911, 5319043.619173193350434 ], [ -8476815.369454901665449, 5319043.619173193350434 ], [ -8476815.369454901665449, 5319043.656498150900006 ], [ -8476815.593407681211829, 5319043.656498150900006 ], [ -8476815.593407681211829, 5319043.693823108449578 ], [ -8476815.780034998431802, 5319043.693823108449578 ], [ -8476815.780034998431802, 5319043.731148066930473 ], [ -8476817.049100752919912, 5319043.731148066930473 ], [ -8476817.049100752919912, 5319043.693823108449578 ], [ -8476817.235728070139885, 5319043.693823108449578 ], [ -8476817.235728070139885, 5319043.656498150900006 ], [ -8476817.38502992503345, 5319043.656498150900006 ], [ -8476817.38502992503345, 5319043.619173193350434 ], [ -8476817.497006313875318, 5319043.619173193350434 ], [ -8476817.497006313875318, 5319043.656498150900006 ], [ -8476817.720959095284343, 5319043.656498150900006 ], [ -8476817.720959095284343, 5319043.693823108449578 ], [ -8476817.944911874830723, 5319043.693823108449578 ], [ -8476817.944911874830723, 5319043.656498150900006 ], [ -8476818.019562801346183, 5319043.656498150900006 ], [ -8476818.019562801346183, 5319043.619173193350434 ], [ -8476818.094213727861643, 5319043.619173193350434 ], [ -8476818.094213727861643, 5319043.58184823486954 ], [ -8476818.243515582755208, 5319043.58184823486954 ], [ -8476818.243515582755208, 5319043.544523277319968 ], [ -8476818.542119288817048, 5319043.544523277319968 ], [ -8476818.542119288817048, 5319043.507198318839073 ], [ -8476818.728746606037021, 5319043.507198318839073 ], [ -8476818.728746606037021, 5319043.469873361289501 ], [ -8476818.840722996741533, 5319043.469873361289501 ], [ -8476818.840722996741533, 5319043.432548402808607 ], [ -8476818.915373923256993, 5319043.432548402808607 ], [ -8476818.915373923256993, 5319043.395223445259035 ], [ -8476819.027350313961506, 5319043.395223445259035 ], [ -8476819.027350313961506, 5319043.35789848677814 ], [ -8476819.139326704666018, 5319043.35789848677814 ], [ -8476819.139326704666018, 5319043.320573529228568 ], [ -8476819.475255874916911, 5319043.320573529228568 ], [ -8476819.475255874916911, 5319043.35789848677814 ], [ -8476819.587232263758779, 5319043.35789848677814 ], [ -8476819.587232263758779, 5319043.395223445259035 ], [ -8476819.699208654463291, 5319043.395223445259035 ], [ -8476819.699208654463291, 5319043.432548402808607 ], [ -8476819.885835971683264, 5319043.432548402808607 ], [ -8476819.885835971683264, 5319043.395223445259035 ], [ -8476820.035137824714184, 5319043.395223445259035 ], [ -8476820.035137824714184, 5319043.35789848677814 ], [ -8476820.184439679607749, 5319043.35789848677814 ], [ -8476820.184439679607749, 5319043.320573529228568 ], [ -8476820.371066994965076, 5319043.320573529228568 ], [ -8476820.371066994965076, 5319043.35789848677814 ], [ -8476820.520368849858642, 5319043.35789848677814 ], [ -8476820.520368849858642, 5319043.395223445259035 ], [ -8476820.632345238700509, 5319043.395223445259035 ], [ -8476820.632345238700509, 5319043.432548402808607 ], [ -8476820.669670702889562, 5319043.432548402808607 ], [ -8476820.669670702889562, 5319043.469873361289501 ], [ -8476820.706996167078614, 5319043.469873361289501 ], [ -8476820.706996167078614, 5319043.544523277319968 ], [ -8476820.856298020109534, 5319043.544523277319968 ], [ -8476820.856298020109534, 5319043.58184823486954 ], [ -8476821.229552654549479, 5319043.58184823486954 ], [ -8476821.229552654549479, 5319043.619173193350434 ], [ -8476821.45350543409586, 5319043.619173193350434 ], [ -8476821.45350543409586, 5319043.656498150900006 ], [ -8476821.60280728712678, 5319043.656498150900006 ], [ -8476821.60280728712678, 5319043.693823108449578 ], [ -8476821.677458215504885, 5319043.693823108449578 ], [ -8476821.677458215504885, 5319043.656498150900006 ], [ -8476821.714783677831292, 5319043.656498150900006 ], [ -8476821.714783677831292, 5319043.619173193350434 ], [ -8476821.752109142020345, 5319043.619173193350434 ], [ -8476821.752109142020345, 5319043.58184823486954 ], [ -8476821.789434604346752, 5319043.58184823486954 ], [ -8476821.789434604346752, 5319043.544523277319968 ], [ -8476821.826760068535805, 5319043.544523277319968 ], [ -8476821.826760068535805, 5319043.507198318839073 ], [ -8476821.864085530862212, 5319043.507198318839073 ], [ -8476821.864085530862212, 5319043.469873361289501 ], [ -8476821.901410995051265, 5319043.469873361289501 ], [ -8476821.901410995051265, 5319043.432548402808607 ], [ -8476821.938736459240317, 5319043.432548402808607 ], [ -8476821.938736459240317, 5319043.395223445259035 ], [ -8476821.976061921566725, 5319043.395223445259035 ], [ -8476821.976061921566725, 5319043.35789848677814 ], [ -8476822.013387385755777, 5319043.35789848677814 ], [ -8476822.013387385755777, 5319043.320573529228568 ], [ -8476822.20001470297575, 5319043.320573529228568 ], [ -8476822.20001470297575, 5319043.35789848677814 ], [ -8476822.237340165302157, 5319043.35789848677814 ], [ -8476822.237340165302157, 5319043.432548402808607 ], [ -8476822.27466562949121, 5319043.432548402808607 ], [ -8476822.27466562949121, 5319043.469873361289501 ], [ -8476822.311991091817617, 5319043.469873361289501 ], [ -8476822.311991091817617, 5319043.507198318839073 ], [ -8476822.34931655600667, 5319043.507198318839073 ], [ -8476822.34931655600667, 5319043.544523277319968 ], [ -8476822.386642018333077, 5319043.544523277319968 ], [ -8476822.386642018333077, 5319043.58184823486954 ], [ -8476822.461292946711183, 5319043.58184823486954 ], [ -8476822.461292946711183, 5319043.619173193350434 ], [ -8476822.49861840903759, 5319043.619173193350434 ], [ -8476822.49861840903759, 5319043.656498150900006 ], [ -8476822.647920263931155, 5319043.656498150900006 ], [ -8476822.647920263931155, 5319043.619173193350434 ], [ -8476822.685245726257563, 5319043.619173193350434 ], [ -8476822.685245726257563, 5319043.58184823486954 ], [ -8476822.759896652773023, 5319043.58184823486954 ], [ -8476822.759896652773023, 5319043.544523277319968 ], [ -8476822.834547579288483, 5319043.544523277319968 ], [ -8476822.834547579288483, 5319043.507198318839073 ], [ -8476822.946523969992995, 5319043.507198318839073 ], [ -8476822.946523969992995, 5319043.469873361289501 ], [ -8476823.058500360697508, 5319043.469873361289501 ], [ -8476823.058500360697508, 5319043.432548402808607 ], [ -8476823.095825823023915, 5319043.432548402808607 ], [ -8476823.095825823023915, 5319043.469873361289501 ], [ -8476823.431754995137453, 5319043.469873361289501 ], [ -8476823.431754995137453, 5319043.507198318839073 ], [ -8476823.879660554230213, 5319043.507198318839073 ], [ -8476823.879660554230213, 5319043.469873361289501 ], [ -8476824.028962409123778, 5319043.469873361289501 ], [ -8476824.028962409123778, 5319043.507198318839073 ], [ -8476824.178264262154698, 5319043.507198318839073 ], [ -8476824.178264262154698, 5319043.544523277319968 ], [ -8476824.290240652859211, 5319043.544523277319968 ], [ -8476824.290240652859211, 5319043.58184823486954 ], [ -8476824.402217043563724, 5319043.58184823486954 ], [ -8476824.402217043563724, 5319043.619173193350434 ], [ -8476824.551518896594644, 5319043.619173193350434 ], [ -8476824.551518896594644, 5319043.656498150900006 ], [ -8476824.700820749625564, 5319043.656498150900006 ], [ -8476824.700820749625564, 5319043.693823108449578 ], [ -8476824.924773531034589, 5319043.693823108449578 ], [ -8476824.924773531034589, 5319043.731148066930473 ], [ -8476825.036749919876456, 5319043.731148066930473 ], [ -8476825.036749919876456, 5319043.693823108449578 ], [ -8476825.260702701285481, 5319043.693823108449578 ], [ -8476825.260702701285481, 5319043.656498150900006 ], [ -8476825.447330018505454, 5319043.656498150900006 ], [ -8476825.447330018505454, 5319043.619173193350434 ], [ -8476825.633957333862782, 5319043.619173193350434 ], [ -8476825.633957333862782, 5319043.58184823486954 ], [ -8476825.708608262240887, 5319043.58184823486954 ], [ -8476825.708608262240887, 5319043.544523277319968 ], [ -8476825.783259188756347, 5319043.544523277319968 ], [ -8476825.783259188756347, 5319043.469873361289501 ], [ -8476825.820584651082754, 5319043.469873361289501 ], [ -8476825.820584651082754, 5319043.432548402808607 ], [ -8476825.857910115271807, 5319043.432548402808607 ], [ -8476825.857910115271807, 5319043.320573529228568 ], [ -8476826.679070310667157, 5319043.320573529228568 ], [ -8476826.679070310667157, 5319043.283248570747674 ], [ -8476826.903023090213537, 5319043.283248570747674 ], [ -8476826.903023090213537, 5319043.320573529228568 ], [ -8476826.977674016728997, 5319043.320573529228568 ], [ -8476826.977674016728997, 5319043.395223445259035 ], [ -8476827.01499948091805, 5319043.395223445259035 ], [ -8476827.01499948091805, 5319043.432548402808607 ], [ -8476827.052324943244457, 5319043.432548402808607 ], [ -8476827.052324943244457, 5319043.469873361289501 ], [ -8476827.08965040743351, 5319043.469873361289501 ], [ -8476827.08965040743351, 5319043.507198318839073 ], [ -8476827.16430133394897, 5319043.507198318839073 ], [ -8476827.16430133394897, 5319043.544523277319968 ], [ -8476827.23895226046443, 5319043.544523277319968 ], [ -8476827.23895226046443, 5319043.58184823486954 ], [ -8476827.350928651168942, 5319043.58184823486954 ], [ -8476827.350928651168942, 5319043.619173193350434 ], [ -8476827.462905041873455, 5319043.619173193350434 ], [ -8476827.462905041873455, 5319043.656498150900006 ], [ -8476827.537555968388915, 5319043.656498150900006 ], [ -8476827.537555968388915, 5319043.693823108449578 ], [ -8476827.649532357230783, 5319043.693823108449578 ], [ -8476827.649532357230783, 5319043.731148066930473 ], [ -8476827.98546152934432, 5319043.731148066930473 ], [ -8476827.98546152934432, 5319043.693823108449578 ], [ -8476828.13476338237524, 5319043.693823108449578 ], [ -8476828.13476338237524, 5319043.656498150900006 ], [ -8476828.28406523540616, 5319043.656498150900006 ], [ -8476828.28406523540616, 5319043.619173193350434 ], [ -8476829.254527283832431, 5319043.619173193350434 ], [ -8476829.254527283832431, 5319043.656498150900006 ], [ -8476829.291852748021483, 5319043.656498150900006 ], [ -8476829.291852748021483, 5319043.693823108449578 ], [ -8476829.329178210347891, 5319043.693823108449578 ], [ -8476829.329178210347891, 5319043.731148066930473 ], [ -8476829.441154601052403, 5319043.731148066930473 ], [ -8476829.441154601052403, 5319043.768473024480045 ], [ -8476829.627781918272376, 5319043.768473024480045 ], [ -8476829.627781918272376, 5319043.805797982960939 ], [ -8476829.851734697818756, 5319043.805797982960939 ], [ -8476829.851734697818756, 5319043.843122940510511 ], [ -8476830.038362015038729, 5319043.843122940510511 ], [ -8476830.038362015038729, 5319043.880447898991406 ], [ -8476830.113012941554189, 5319043.880447898991406 ], [ -8476830.113012941554189, 5319043.917772856540978 ], [ -8476830.224989332258701, 5319043.917772856540978 ], [ -8476830.224989332258701, 5319043.955097815021873 ], [ -8476830.299640258774161, 5319043.955097815021873 ], [ -8476830.299640258774161, 5319043.992422772571445 ], [ -8476830.374291185289621, 5319043.992422772571445 ], [ -8476830.374291185289621, 5319044.029747731052339 ], [ -8476830.411616649478674, 5319044.029747731052339 ], [ -8476830.411616649478674, 5319044.067072688601911 ], [ -8476830.486267575994134, 5319044.067072688601911 ], [ -8476830.486267575994134, 5319044.104397647082806 ], [ -8476830.560918502509594, 5319044.104397647082806 ], [ -8476830.560918502509594, 5319044.141722604632378 ], [ -8476830.635569429025054, 5319044.141722604632378 ], [ -8476830.635569429025054, 5319044.179047563113272 ], [ -8476830.672894893214107, 5319044.179047563113272 ], [ -8476830.672894893214107, 5319044.216372520662844 ], [ -8476830.747545819729567, 5319044.216372520662844 ], [ -8476830.747545819729567, 5319044.253697479143739 ], [ -8476830.784871283918619, 5319044.253697479143739 ], [ -8476830.784871283918619, 5319044.291022436693311 ], [ -8476830.859522210434079, 5319044.291022436693311 ], [ -8476830.859522210434079, 5319044.328347395174205 ], [ -8476830.934173136949539, 5319044.328347395174205 ], [ -8476830.934173136949539, 5319044.365672352723777 ], [ -8476831.008824063464999, 5319044.365672352723777 ], [ -8476831.008824063464999, 5319044.402997311204672 ], [ -8476831.083474989980459, 5319044.402997311204672 ], [ -8476831.083474989980459, 5319044.440322268754244 ], [ -8476831.195451380684972, 5319044.440322268754244 ], [ -8476831.195451380684972, 5319044.477647226303816 ], [ -8476831.344753233715892, 5319044.477647226303816 ], [ -8476831.344753233715892, 5319044.51497218478471 ], [ -8476831.419404160231352, 5319044.51497218478471 ], [ -8476831.419404160231352, 5319044.552297142334282 ], [ -8476831.531380550935864, 5319044.552297142334282 ], [ -8476831.531380550935864, 5319044.589622100815177 ], [ -8476831.606031477451324, 5319044.589622100815177 ], [ -8476831.606031477451324, 5319044.626947058364749 ], [ -8476831.643356941640377, 5319044.626947058364749 ], [ -8476831.643356941640377, 5319044.664272016845644 ], [ -8476831.68068240582943, 5319044.664272016845644 ], [ -8476831.68068240582943, 5319044.701596974395216 ], [ -8476831.718007868155837, 5319044.701596974395216 ], [ -8476831.718007868155837, 5319044.73892193287611 ], [ -8476831.75533333234489, 5319044.73892193287611 ], [ -8476831.75533333234489, 5319044.813571848906577 ], [ -8476831.792658794671297, 5319044.813571848906577 ], [ -8476831.792658794671297, 5319044.850896806456149 ], [ -8476831.82998425886035, 5319044.850896806456149 ], [ -8476831.82998425886035, 5319044.925546722486615 ], [ -8476831.867309721186757, 5319044.925546722486615 ], [ -8476831.867309721186757, 5319044.96287168096751 ], [ -8476831.90463518537581, 5319044.96287168096751 ], [ -8476831.90463518537581, 5319045.000196638517082 ], [ -8476831.941960649564862, 5319045.000196638517082 ], [ -8476831.941960649564862, 5319045.037521596997976 ], [ -8476832.016611576080322, 5319045.037521596997976 ], [ -8476832.016611576080322, 5319045.074846554547548 ], [ -8476832.05393703840673, 5319045.074846554547548 ], [ -8476832.05393703840673, 5319045.112171513028443 ], [ -8476832.091262502595782, 5319045.112171513028443 ], [ -8476832.091262502595782, 5319045.149496470578015 ], [ -8476832.12858796492219, 5319045.149496470578015 ], [ -8476832.12858796492219, 5319045.186821428127587 ], [ -8476832.165913429111242, 5319045.186821428127587 ], [ -8476832.165913429111242, 5319045.224146386608481 ], [ -8476832.203238893300295, 5319045.224146386608481 ], [ -8476832.203238893300295, 5319045.298796302638948 ], [ -8476832.240564355626702, 5319045.298796302638948 ], [ -8476832.240564355626702, 5319045.373446218669415 ], [ -8476832.277889819815755, 5319045.373446218669415 ], [ -8476832.277889819815755, 5319045.485421092249453 ], [ -8476832.315215282142162, 5319045.485421092249453 ], [ -8476832.315215282142162, 5319045.672045882791281 ], [ -8476832.352540746331215, 5319045.672045882791281 ], [ -8476832.352540746331215, 5319045.821345714852214 ], [ -8476832.389866208657622, 5319045.821345714852214 ], [ -8476832.389866208657622, 5319045.895995629951358 ], [ -8476832.427191672846675, 5319045.895995629951358 ], [ -8476832.427191672846675, 5319045.933320588432252 ], [ -8476832.464517137035728, 5319045.933320588432252 ], [ -8476832.464517137035728, 5319046.007970504462719 ], [ -8476832.501842599362135, 5319046.007970504462719 ], [ -8476832.501842599362135, 5319046.045295462012291 ], [ -8476832.576493525877595, 5319046.045295462012291 ], [ -8476832.576493525877595, 5319046.082620420493186 ], [ -8476832.651144452393055, 5319046.082620420493186 ], [ -8476832.651144452393055, 5319046.119945378042758 ], [ -8476832.688469916582108, 5319046.119945378042758 ], [ -8476832.688469916582108, 5319046.157270336523652 ], [ -8476832.72579538077116, 5319046.157270336523652 ], [ -8476832.72579538077116, 5319046.194595294073224 ], [ -8476832.80044630728662, 5319046.194595294073224 ], [ -8476832.80044630728662, 5319046.269245210103691 ], [ -8476832.837771769613028, 5319046.269245210103691 ], [ -8476832.837771769613028, 5319046.343895126134157 ], [ -8476832.87509723380208, 5319046.343895126134157 ], [ -8476832.87509723380208, 5319046.455870000645518 ], [ -8476832.912422696128488, 5319046.455870000645518 ], [ -8476832.912422696128488, 5319046.530519916675985 ], [ -8476832.94974816031754, 5319046.530519916675985 ], [ -8476832.94974816031754, 5319046.71714470628649 ], [ -8476832.912422696128488, 5319046.71714470628649 ], [ -8476832.912422696128488, 5319046.978419411927462 ], [ -8476832.94974816031754, 5319046.978419411927462 ], [ -8476832.94974816031754, 5319047.090394286438823 ], [ -8476832.987073624506593, 5319047.090394286438823 ], [ -8476832.987073624506593, 5319047.202369160018861 ], [ -8476833.024399086833, 5319047.202369160018861 ], [ -8476833.024399086833, 5319047.314344034530222 ], [ -8476833.061724551022053, 5319047.314344034530222 ], [ -8476833.061724551022053, 5319047.388993949629366 ], [ -8476833.09905001334846, 5319047.388993949629366 ], [ -8476833.09905001334846, 5319047.426318908110261 ], [ -8476833.136375477537513, 5319047.426318908110261 ], [ -8476833.136375477537513, 5319047.500968824140728 ], [ -8476833.17370093986392, 5319047.500968824140728 ], [ -8476833.17370093986392, 5319047.612943697720766 ], [ -8476833.211026404052973, 5319047.612943697720766 ], [ -8476833.211026404052973, 5319047.836893445812166 ], [ -8476833.17370093986392, 5319047.836893445812166 ], [ -8476833.17370093986392, 5319048.508742690086365 ], [ -8476833.136375477537513, 5319048.508742690086365 ], [ -8476833.136375477537513, 5319048.770017395727336 ], [ -8476833.09905001334846, 5319048.770017395727336 ], [ -8476833.09905001334846, 5319048.807342354208231 ], [ -8476833.061724551022053, 5319048.807342354208231 ], [ -8476833.061724551022053, 5319048.844667311757803 ], [ -8476833.024399086833, 5319048.844667311757803 ], [ -8476833.024399086833, 5319048.881992269307375 ], [ -8476832.987073624506593, 5319048.881992269307375 ], [ -8476832.987073624506593, 5319048.91931722778827 ], [ -8476832.94974816031754, 5319048.91931722778827 ], [ -8476832.94974816031754, 5319048.956642185337842 ], [ -8476832.912422696128488, 5319048.956642185337842 ], [ -8476832.912422696128488, 5319048.993967143818736 ], [ -8476832.837771769613028, 5319048.993967143818736 ], [ -8476832.837771769613028, 5319049.031292101368308 ], [ -8476832.80044630728662, 5319049.031292101368308 ], [ -8476832.80044630728662, 5319049.068617059849203 ], [ -8476832.763120843097568, 5319049.068617059849203 ], [ -8476832.763120843097568, 5319049.143266975879669 ], [ -8476832.72579538077116, 5319049.143266975879669 ], [ -8476832.72579538077116, 5319049.329891765490174 ], [ -8476832.688469916582108, 5319049.329891765490174 ], [ -8476832.688469916582108, 5319049.479191597551107 ], [ -8476832.651144452393055, 5319049.479191597551107 ], [ -8476832.651144452393055, 5319049.553841513581574 ], [ -8476832.613818990066648, 5319049.553841513581574 ], [ -8476832.613818990066648, 5319049.591166472062469 ], [ -8476832.576493525877595, 5319049.591166472062469 ], [ -8476832.576493525877595, 5319049.628491429612041 ], [ -8476832.539168063551188, 5319049.628491429612041 ], [ -8476832.539168063551188, 5319049.703141345642507 ], [ -8476832.501842599362135, 5319049.703141345642507 ], [ -8476832.501842599362135, 5319049.815116219222546 ], [ -8476832.464517137035728, 5319049.815116219222546 ], [ -8476832.464517137035728, 5319050.001741009764373 ], [ -8476832.427191672846675, 5319050.001741009764373 ], [ -8476832.427191672846675, 5319050.188365799374878 ], [ -8476832.389866208657622, 5319050.188365799374878 ], [ -8476832.389866208657622, 5319050.30034067388624 ], [ -8476832.352540746331215, 5319050.30034067388624 ], [ -8476832.352540746331215, 5319050.412315547466278 ], [ -8476832.315215282142162, 5319050.412315547466278 ], [ -8476832.315215282142162, 5319050.524290421046317 ], [ -8476832.277889819815755, 5319050.524290421046317 ], [ -8476832.277889819815755, 5319050.67359025310725 ], [ -8476832.240564355626702, 5319050.67359025310725 ], [ -8476832.240564355626702, 5319050.822890085168183 ], [ -8476832.203238893300295, 5319050.822890085168183 ], [ -8476832.203238893300295, 5319050.934864959679544 ], [ -8476832.165913429111242, 5319050.934864959679544 ], [ -8476832.165913429111242, 5319050.972189917229116 ], [ -8476832.12858796492219, 5319050.972189917229116 ], [ -8476832.12858796492219, 5319051.009514875710011 ], [ -8476832.091262502595782, 5319051.009514875710011 ], [ -8476832.091262502595782, 5319051.084164791740477 ], [ -8476832.05393703840673, 5319051.084164791740477 ], [ -8476832.05393703840673, 5319051.121489749290049 ], [ -8476832.016611576080322, 5319051.121489749290049 ], [ -8476832.016611576080322, 5319051.158814706839621 ], [ -8476831.941960649564862, 5319051.158814706839621 ], [ -8476831.941960649564862, 5319051.196139665320516 ], [ -8476831.90463518537581, 5319051.196139665320516 ], [ -8476831.90463518537581, 5319051.233464622870088 ], [ -8476831.82998425886035, 5319051.233464622870088 ], [ -8476831.82998425886035, 5319051.270789581350982 ], [ -8476831.792658794671297, 5319051.270789581350982 ], [ -8476831.792658794671297, 5319051.382764454931021 ], [ -8476831.75533333234489, 5319051.382764454931021 ], [ -8476831.75533333234489, 5319051.457414370961487 ], [ -8476831.718007868155837, 5319051.457414370961487 ], [ -8476831.718007868155837, 5319051.532064286991954 ], [ -8476831.68068240582943, 5319051.532064286991954 ], [ -8476831.68068240582943, 5319051.569389245472848 ], [ -8476831.643356941640377, 5319051.569389245472848 ], [ -8476831.643356941640377, 5319051.60671420302242 ], [ -8476831.606031477451324, 5319051.60671420302242 ], [ -8476831.606031477451324, 5319051.644039161503315 ], [ -8476831.568706015124917, 5319051.644039161503315 ], [ -8476831.568706015124917, 5319051.681364119052887 ], [ -8476831.531380550935864, 5319051.681364119052887 ], [ -8476831.531380550935864, 5319051.718689077533782 ], [ -8476831.456729624420404, 5319051.718689077533782 ], [ -8476831.456729624420404, 5319051.756014035083354 ], [ -8476831.419404160231352, 5319051.756014035083354 ], [ -8476831.419404160231352, 5319051.793338993564248 ], [ -8476831.382078697904944, 5319051.793338993564248 ], [ -8476831.382078697904944, 5319051.83066395111382 ], [ -8476831.344753233715892, 5319051.83066395111382 ], [ -8476831.344753233715892, 5319051.867988908663392 ], [ -8476831.270102307200432, 5319051.867988908663392 ], [ -8476831.270102307200432, 5319051.905313867144287 ], [ -8476831.195451380684972, 5319051.905313867144287 ], [ -8476831.195451380684972, 5319051.942638824693859 ], [ -8476831.158125916495919, 5319051.942638824693859 ], [ -8476831.158125916495919, 5319051.979963783174753 ], [ -8476831.120800454169512, 5319051.979963783174753 ], [ -8476831.120800454169512, 5319052.017288740724325 ], [ -8476831.083474989980459, 5319052.017288740724325 ], [ -8476831.083474989980459, 5319052.05461369920522 ], [ -8476831.046149527654052, 5319052.05461369920522 ], [ -8476831.046149527654052, 5319052.129263615235686 ], [ -8476831.008824063464999, 5319052.129263615235686 ], [ -8476831.008824063464999, 5319052.203913531266153 ], [ -8476830.971498601138592, 5319052.203913531266153 ], [ -8476830.971498601138592, 5319052.278563447296619 ], [ -8476830.934173136949539, 5319052.278563447296619 ], [ -8476830.934173136949539, 5319052.353213363327086 ], [ -8476830.896847672760487, 5319052.353213363327086 ], [ -8476830.896847672760487, 5319052.427863279357553 ], [ -8476830.859522210434079, 5319052.427863279357553 ], [ -8476830.859522210434079, 5319052.465188236907125 ], [ -8476830.822196746245027, 5319052.465188236907125 ], [ -8476830.822196746245027, 5319052.502513195388019 ], [ -8476830.784871283918619, 5319052.502513195388019 ], [ -8476830.784871283918619, 5319052.539838152937591 ], [ -8476830.747545819729567, 5319052.539838152937591 ], [ -8476830.747545819729567, 5319052.577163111418486 ], [ -8476830.672894893214107, 5319052.577163111418486 ], [ -8476830.672894893214107, 5319052.614488068968058 ], [ -8476830.635569429025054, 5319052.614488068968058 ], [ -8476830.635569429025054, 5319052.65181302651763 ], [ -8476830.598243966698647, 5319052.65181302651763 ], [ -8476830.598243966698647, 5319052.689137984998524 ], [ -8476830.560918502509594, 5319052.689137984998524 ], [ -8476830.560918502509594, 5319052.763787901028991 ], [ -8476830.523593040183187, 5319052.763787901028991 ], [ -8476830.523593040183187, 5319052.838437817059457 ], [ -8476830.486267575994134, 5319052.838437817059457 ], [ -8476830.486267575994134, 5319052.913087733089924 ], [ -8476830.448942113667727, 5319052.913087733089924 ], [ -8476830.448942113667727, 5319052.950412690639496 ], [ -8476830.411616649478674, 5319052.950412690639496 ], [ -8476830.411616649478674, 5319052.98773764912039 ], [ -8476830.374291185289621, 5319052.98773764912039 ], [ -8476830.374291185289621, 5319053.062387565150857 ], [ -8476830.299640258774161, 5319053.062387565150857 ], [ -8476830.299640258774161, 5319053.099712522700429 ], [ -8476830.262314796447754, 5319053.099712522700429 ], [ -8476830.262314796447754, 5319053.137037481181324 ], [ -8476830.224989332258701, 5319053.137037481181324 ], [ -8476830.224989332258701, 5319053.174362438730896 ], [ -8476830.150338405743241, 5319053.174362438730896 ], [ -8476830.150338405743241, 5319053.21168739721179 ], [ -8476830.113012941554189, 5319053.21168739721179 ], [ -8476830.113012941554189, 5319053.249012354761362 ], [ -8476830.038362015038729, 5319053.249012354761362 ], [ -8476830.038362015038729, 5319053.286337313242257 ], [ -8476829.926385626196861, 5319053.286337313242257 ], [ -8476829.926385626196861, 5319053.323662270791829 ], [ -8476829.777083771303296, 5319053.323662270791829 ], [ -8476829.777083771303296, 5319053.360987228341401 ], [ -8476829.665107380598783, 5319053.360987228341401 ], [ -8476829.665107380598783, 5319053.398312186822295 ], [ -8476829.590456454083323, 5319053.398312186822295 ], [ -8476829.590456454083323, 5319053.435637144371867 ], [ -8476829.553130991756916, 5319053.435637144371867 ], [ -8476829.553130991756916, 5319053.510287060402334 ], [ -8476829.515805527567863, 5319053.510287060402334 ], [ -8476829.515805527567863, 5319053.5849369764328 ], [ -8476829.478480065241456, 5319053.5849369764328 ], [ -8476829.478480065241456, 5319053.659586892463267 ], [ -8476829.441154601052403, 5319053.659586892463267 ], [ -8476829.441154601052403, 5319053.696911850944161 ], [ -8476829.366503674536943, 5319053.696911850944161 ], [ -8476829.366503674536943, 5319053.734236808493733 ], [ -8476829.329178210347891, 5319053.734236808493733 ], [ -8476829.329178210347891, 5319053.771561766974628 ], [ -8476829.217201821506023, 5319053.771561766974628 ], [ -8476829.217201821506023, 5319053.8088867245242 ], [ -8476829.179876357316971, 5319053.8088867245242 ], [ -8476829.179876357316971, 5319053.846211683005095 ], [ -8476829.142550893127918, 5319053.846211683005095 ], [ -8476829.142550893127918, 5319053.883536640554667 ], [ -8476829.105225430801511, 5319053.883536640554667 ], [ -8476829.105225430801511, 5319053.920861599035561 ], [ -8476829.030574504286051, 5319053.920861599035561 ], [ -8476829.030574504286051, 5319053.958186556585133 ], [ -8476828.993249040096998, 5319053.958186556585133 ], [ -8476828.993249040096998, 5319053.995511515066028 ], [ -8476828.918598113581538, 5319053.995511515066028 ], [ -8476828.918598113581538, 5319054.0328364726156 ], [ -8476828.843947187066078, 5319054.0328364726156 ], [ -8476828.843947187066078, 5319054.070161431096494 ], [ -8476828.769296260550618, 5319054.070161431096494 ], [ -8476828.769296260550618, 5319054.107486388646066 ], [ -8476828.731970796361566, 5319054.107486388646066 ], [ -8476828.731970796361566, 5319054.144811346195638 ], [ -8476828.694645334035158, 5319054.144811346195638 ], [ -8476828.694645334035158, 5319054.256786220706999 ], [ -8476828.657319869846106, 5319054.256786220706999 ], [ -8476828.657319869846106, 5319054.406086052767932 ], [ -8476828.619994405657053, 5319054.406086052767932 ], [ -8476828.619994405657053, 5319054.518060926347971 ], [ -8476828.582668943330646, 5319054.518060926347971 ], [ -8476828.582668943330646, 5319054.592710842378438 ], [ -8476828.545343479141593, 5319054.592710842378438 ], [ -8476828.545343479141593, 5319054.630035800859332 ], [ -8476828.508018016815186, 5319054.630035800859332 ], [ -8476828.508018016815186, 5319054.704685716889799 ], [ -8476828.470692552626133, 5319054.704685716889799 ], [ -8476828.470692552626133, 5319054.742010674439371 ], [ -8476828.433367090299726, 5319054.742010674439371 ], [ -8476828.433367090299726, 5319054.779335632920265 ], [ -8476828.396041626110673, 5319054.779335632920265 ], [ -8476828.396041626110673, 5319054.816660590469837 ], [ -8476828.35871616192162, 5319054.816660590469837 ], [ -8476828.35871616192162, 5319054.853985548019409 ], [ -8476828.321390699595213, 5319054.853985548019409 ], [ -8476828.321390699595213, 5319054.891310506500304 ], [ -8476828.28406523540616, 5319054.891310506500304 ], [ -8476828.28406523540616, 5319054.928635464049876 ], [ -8476827.98546152934432, 5319054.928635464049876 ], [ -8476827.98546152934432, 5319054.96596042253077 ], [ -8476827.948136065155268, 5319054.96596042253077 ], [ -8476827.948136065155268, 5319055.003285380080342 ], [ -8476827.91081060282886, 5319055.003285380080342 ], [ -8476827.91081060282886, 5319055.115260254591703 ], [ -8476827.873485138639808, 5319055.115260254591703 ], [ -8476827.873485138639808, 5319055.227235128171742 ], [ -8476827.836159674450755, 5319055.227235128171742 ], [ -8476827.836159674450755, 5319055.264560086652637 ], [ -8476827.649532357230783, 5319055.264560086652637 ], [ -8476827.649532357230783, 5319055.301885044202209 ], [ -8476827.425579577684402, 5319055.301885044202209 ], [ -8476827.425579577684402, 5319055.339210002683103 ], [ -8476827.31360318697989, 5319055.339210002683103 ], [ -8476827.31360318697989, 5319055.376534960232675 ], [ -8476827.276277724653482, 5319055.376534960232675 ], [ -8476827.276277724653482, 5319055.41385991871357 ], [ -8476827.23895226046443, 5319055.41385991871357 ], [ -8476827.23895226046443, 5319055.451184876263142 ], [ -8476827.16430133394897, 5319055.451184876263142 ], [ -8476827.16430133394897, 5319055.488509834744036 ], [ -8476827.08965040743351, 5319055.488509834744036 ], [ -8476827.08965040743351, 5319055.525834792293608 ], [ -8476827.01499948091805, 5319055.525834792293608 ], [ -8476827.01499948091805, 5319055.56315974984318 ], [ -8476826.903023090213537, 5319055.56315974984318 ], [ -8476826.903023090213537, 5319055.637809665873647 ], [ -8476826.94034855440259, 5319055.637809665873647 ], [ -8476826.94034855440259, 5319055.712459581904113 ], [ -8476826.977674016728997, 5319055.712459581904113 ], [ -8476826.977674016728997, 5319055.861759413965046 ], [ -8476827.01499948091805, 5319055.861759413965046 ], [ -8476827.01499948091805, 5319055.973734288476408 ], [ -8476826.977674016728997, 5319055.973734288476408 ], [ -8476826.977674016728997, 5319056.048384204506874 ], [ -8476826.94034855440259, 5319056.048384204506874 ], [ -8476826.94034855440259, 5319056.085709162056446 ], [ -8476826.903023090213537, 5319056.085709162056446 ], [ -8476826.903023090213537, 5319056.123034120537341 ], [ -8476826.791046699509025, 5319056.123034120537341 ], [ -8476826.791046699509025, 5319056.160359078086913 ], [ -8476826.679070310667157, 5319056.160359078086913 ], [ -8476826.679070310667157, 5319056.197684036567807 ], [ -8476826.567093919962645, 5319056.197684036567807 ], [ -8476826.567093919962645, 5319056.235008994117379 ], [ -8476826.455117529258132, 5319056.235008994117379 ], [ -8476826.455117529258132, 5319056.272333952598274 ], [ -8476825.857910115271807, 5319056.272333952598274 ], [ -8476825.857910115271807, 5319056.421633783727884 ], [ -8476825.895235577598214, 5319056.421633783727884 ], [ -8476825.895235577598214, 5319056.496283699758351 ], [ -8476825.969886505976319, 5319056.496283699758351 ], [ -8476825.969886505976319, 5319056.533608658239245 ], [ -8476826.007211968302727, 5319056.533608658239245 ], [ -8476826.007211968302727, 5319056.570933615788817 ], [ -8476826.044537432491779, 5319056.570933615788817 ], [ -8476826.044537432491779, 5319056.645583531819284 ], [ -8476826.081862894818187, 5319056.645583531819284 ], [ -8476826.081862894818187, 5319056.720233447849751 ], [ -8476826.044537432491779, 5319056.720233447849751 ], [ -8476826.044537432491779, 5319056.906858238391578 ], [ -8476826.007211968302727, 5319056.906858238391578 ], [ -8476826.007211968302727, 5319056.94418319594115 ], [ -8476825.820584651082754, 5319056.94418319594115 ], [ -8476825.820584651082754, 5319056.906858238391578 ], [ -8476825.671282798051834, 5319056.906858238391578 ], [ -8476825.671282798051834, 5319056.869533279910684 ], [ -8476825.559306407347322, 5319056.869533279910684 ], [ -8476825.559306407347322, 5319056.832208322361112 ], [ -8476825.521980945020914, 5319056.832208322361112 ], [ -8476825.521980945020914, 5319056.794883363880217 ], [ -8476825.447330018505454, 5319056.794883363880217 ], [ -8476825.447330018505454, 5319056.869533279910684 ], [ -8476825.410004554316401, 5319056.869533279910684 ], [ -8476825.410004554316401, 5319057.018833111971617 ], [ -8476825.372679090127349, 5319057.018833111971617 ], [ -8476825.372679090127349, 5319057.130807985551655 ], [ -8476825.335353627800941, 5319057.130807985551655 ], [ -8476825.335353627800941, 5319057.280107817612588 ], [ -8476825.298028163611889, 5319057.280107817612588 ], [ -8476825.298028163611889, 5319057.39208269212395 ], [ -8476825.372679090127349, 5319057.39208269212395 ], [ -8476825.372679090127349, 5319057.429407649673522 ], [ -8476825.559306407347322, 5319057.429407649673522 ], [ -8476825.559306407347322, 5319057.39208269212395 ], [ -8476825.671282798051834, 5319057.39208269212395 ], [ -8476825.671282798051834, 5319057.242782860063016 ], [ -8476825.708608262240887, 5319057.242782860063016 ], [ -8476825.708608262240887, 5319057.16813294403255 ], [ -8476825.745933724567294, 5319057.16813294403255 ], [ -8476825.745933724567294, 5319057.130807985551655 ], [ -8476825.783259188756347, 5319057.130807985551655 ], [ -8476825.783259188756347, 5319057.093483028002083 ], [ -8476825.857910115271807, 5319057.093483028002083 ], [ -8476825.857910115271807, 5319057.056158069521189 ], [ -8476826.044537432491779, 5319057.056158069521189 ], [ -8476826.044537432491779, 5319057.018833111971617 ], [ -8476826.119188359007239, 5319057.018833111971617 ], [ -8476826.119188359007239, 5319056.981508154422045 ], [ -8476826.193839285522699, 5319056.981508154422045 ], [ -8476826.193839285522699, 5319056.94418319594115 ], [ -8476826.492442993447185, 5319056.94418319594115 ], [ -8476826.492442993447185, 5319056.906858238391578 ], [ -8476826.604419382289052, 5319056.906858238391578 ], [ -8476826.604419382289052, 5319056.869533279910684 ], [ -8476826.716395772993565, 5319056.869533279910684 ], [ -8476826.716395772993565, 5319056.832208322361112 ], [ -8476826.828372163698077, 5319056.832208322361112 ], [ -8476826.828372163698077, 5319056.794883363880217 ], [ -8476826.903023090213537, 5319056.794883363880217 ], [ -8476826.903023090213537, 5319056.832208322361112 ], [ -8476826.94034855440259, 5319056.832208322361112 ], [ -8476826.94034855440259, 5319056.869533279910684 ], [ -8476827.01499948091805, 5319056.869533279910684 ], [ -8476827.01499948091805, 5319056.906858238391578 ], [ -8476827.052324943244457, 5319056.906858238391578 ], [ -8476827.052324943244457, 5319056.94418319594115 ], [ -8476827.08965040743351, 5319056.94418319594115 ], [ -8476827.08965040743351, 5319056.981508154422045 ], [ -8476827.16430133394897, 5319056.981508154422045 ], [ -8476827.16430133394897, 5319057.018833111971617 ], [ -8476827.201626798138022, 5319057.018833111971617 ], [ -8476827.201626798138022, 5319057.056158069521189 ], [ -8476827.23895226046443, 5319057.056158069521189 ], [ -8476827.23895226046443, 5319057.093483028002083 ], [ -8476827.276277724653482, 5319057.093483028002083 ], [ -8476827.276277724653482, 5319057.130807985551655 ], [ -8476827.38825411349535, 5319057.130807985551655 ], [ -8476827.38825411349535, 5319057.093483028002083 ], [ -8476827.425579577684402, 5319057.093483028002083 ], [ -8476827.425579577684402, 5319057.056158069521189 ], [ -8476827.462905041873455, 5319057.056158069521189 ], [ -8476827.462905041873455, 5319057.018833111971617 ], [ -8476827.537555968388915, 5319057.018833111971617 ], [ -8476827.537555968388915, 5319056.981508154422045 ], [ -8476827.649532357230783, 5319056.981508154422045 ], [ -8476827.649532357230783, 5319056.94418319594115 ], [ -8476827.873485138639808, 5319056.94418319594115 ], [ -8476827.873485138639808, 5319056.981508154422045 ], [ -8476827.91081060282886, 5319056.981508154422045 ], [ -8476827.91081060282886, 5319057.018833111971617 ], [ -8476827.948136065155268, 5319057.018833111971617 ], [ -8476827.948136065155268, 5319057.056158069521189 ], [ -8476827.98546152934432, 5319057.056158069521189 ], [ -8476827.98546152934432, 5319057.093483028002083 ], [ -8476828.022786991670728, 5319057.093483028002083 ], [ -8476828.022786991670728, 5319057.130807985551655 ], [ -8476828.097437918186188, 5319057.130807985551655 ], [ -8476828.097437918186188, 5319057.16813294403255 ], [ -8476828.13476338237524, 5319057.16813294403255 ], [ -8476828.13476338237524, 5319057.205457901582122 ], [ -8476828.2094143088907, 5319057.205457901582122 ], [ -8476828.2094143088907, 5319057.242782860063016 ], [ -8476828.28406523540616, 5319057.242782860063016 ], [ -8476828.28406523540616, 5319057.280107817612588 ], [ -8476828.433367090299726, 5319057.280107817612588 ], [ -8476828.433367090299726, 5319057.317432776093483 ], [ -8476828.582668943330646, 5319057.317432776093483 ], [ -8476828.582668943330646, 5319057.354757733643055 ], [ -8476828.657319869846106, 5319057.354757733643055 ], [ -8476828.657319869846106, 5319057.39208269212395 ], [ -8476829.179876357316971, 5319057.39208269212395 ], [ -8476829.179876357316971, 5319057.429407649673522 ], [ -8476829.329178210347891, 5319057.429407649673522 ], [ -8476829.329178210347891, 5319057.466732608154416 ], [ -8476829.441154601052403, 5319057.466732608154416 ], [ -8476829.441154601052403, 5319057.504057565703988 ], [ -8476829.515805527567863, 5319057.504057565703988 ], [ -8476829.515805527567863, 5319057.541382524184883 ], [ -8476829.590456454083323, 5319057.541382524184883 ], [ -8476829.590456454083323, 5319057.578707481734455 ], [ -8476829.627781918272376, 5319057.578707481734455 ], [ -8476829.627781918272376, 5319057.616032440215349 ], [ -8476829.665107380598783, 5319057.616032440215349 ], [ -8476829.665107380598783, 5319057.653357397764921 ], [ -8476829.814409235492349, 5319057.653357397764921 ], [ -8476829.814409235492349, 5319057.690682356245816 ], [ -8476830.001036552712321, 5319057.690682356245816 ], [ -8476830.001036552712321, 5319057.728007313795388 ], [ -8476830.150338405743241, 5319057.728007313795388 ], [ -8476830.150338405743241, 5319057.802657229825854 ], [ -8476830.187663869932294, 5319057.802657229825854 ], [ -8476830.187663869932294, 5319058.138581851497293 ], [ -8476830.075687479227781, 5319058.138581851497293 ], [ -8476830.075687479227781, 5319058.175906809978187 ], [ -8476830.001036552712321, 5319058.175906809978187 ], [ -8476830.001036552712321, 5319058.213231767527759 ], [ -8476829.963711088523269, 5319058.213231767527759 ], [ -8476829.963711088523269, 5319058.250556726008654 ], [ -8476829.926385626196861, 5319058.250556726008654 ], [ -8476829.926385626196861, 5319058.287881683558226 ], [ -8476829.889060162007809, 5319058.287881683558226 ], [ -8476829.889060162007809, 5319058.32520664203912 ], [ -8476829.851734697818756, 5319058.32520664203912 ], [ -8476829.851734697818756, 5319058.399856558069587 ], [ -8476829.814409235492349, 5319058.399856558069587 ], [ -8476829.814409235492349, 5319058.474506474100053 ], [ -8476829.777083771303296, 5319058.474506474100053 ], [ -8476829.777083771303296, 5319058.511831431649625 ], [ -8476829.739758308976889, 5319058.511831431649625 ], [ -8476829.739758308976889, 5319058.586481347680092 ], [ -8476829.702432844787836, 5319058.586481347680092 ], [ -8476829.702432844787836, 5319058.623806305229664 ], [ -8476829.665107380598783, 5319058.623806305229664 ], [ -8476829.665107380598783, 5319058.661131263710558 ], [ -8476829.627781918272376, 5319058.661131263710558 ], [ -8476829.627781918272376, 5319058.69845622126013 ], [ -8476829.590456454083323, 5319058.69845622126013 ], [ -8476829.590456454083323, 5319058.735781179741025 ], [ -8476829.515805527567863, 5319058.735781179741025 ], [ -8476829.515805527567863, 5319058.773106137290597 ], [ -8476829.329178210347891, 5319058.773106137290597 ], [ -8476829.329178210347891, 5319058.810431095771492 ], [ -8476829.105225430801511, 5319058.810431095771492 ], [ -8476829.105225430801511, 5319058.847756053321064 ], [ -8476829.179876357316971, 5319058.847756053321064 ], [ -8476829.179876357316971, 5319058.885081011801958 ], [ -8476829.254527283832431, 5319058.885081011801958 ], [ -8476829.254527283832431, 5319058.92240596935153 ], [ -8476829.291852748021483, 5319058.92240596935153 ], [ -8476829.291852748021483, 5319058.959730927832425 ], [ -8476829.329178210347891, 5319058.959730927832425 ], [ -8476829.329178210347891, 5319059.071705801412463 ], [ -8476829.366503674536943, 5319059.071705801412463 ], [ -8476829.366503674536943, 5319059.221005633473396 ], [ -8476829.329178210347891, 5319059.221005633473396 ], [ -8476829.329178210347891, 5319059.258330591954291 ], [ -8476829.291852748021483, 5319059.258330591954291 ], [ -8476829.291852748021483, 5319059.295655549503863 ], [ -8476829.142550893127918, 5319059.295655549503863 ], [ -8476829.142550893127918, 5319059.258330591954291 ], [ -8476829.067899966612458, 5319059.258330591954291 ], [ -8476829.067899966612458, 5319059.183680675923824 ], [ -8476829.030574504286051, 5319059.183680675923824 ], [ -8476829.030574504286051, 5319058.959730927832425 ], [ -8476828.993249040096998, 5319058.959730927832425 ], [ -8476828.993249040096998, 5319058.92240596935153 ], [ -8476828.769296260550618, 5319058.92240596935153 ], [ -8476828.769296260550618, 5319058.885081011801958 ], [ -8476828.731970796361566, 5319058.885081011801958 ], [ -8476828.731970796361566, 5319058.92240596935153 ], [ -8476828.694645334035158, 5319058.92240596935153 ], [ -8476828.694645334035158, 5319058.959730927832425 ], [ -8476828.619994405657053, 5319058.959730927832425 ], [ -8476828.619994405657053, 5319058.997055885381997 ], [ -8476828.582668943330646, 5319058.997055885381997 ], [ -8476828.582668943330646, 5319059.034380843862891 ], [ -8476828.545343479141593, 5319059.034380843862891 ], [ -8476828.545343479141593, 5319059.071705801412463 ], [ -8476828.508018016815186, 5319059.071705801412463 ], [ -8476828.508018016815186, 5319059.109030759893358 ], [ -8476828.470692552626133, 5319059.109030759893358 ], [ -8476828.470692552626133, 5319059.14635571744293 ], [ -8476828.433367090299726, 5319059.14635571744293 ], [ -8476828.433367090299726, 5319059.183680675923824 ], [ -8476828.396041626110673, 5319059.183680675923824 ], [ -8476828.396041626110673, 5319059.258330591954291 ], [ -8476828.321390699595213, 5319059.258330591954291 ], [ -8476828.321390699595213, 5319059.295655549503863 ], [ -8476828.2094143088907, 5319059.295655549503863 ], [ -8476828.2094143088907, 5319059.258330591954291 ], [ -8476828.172088846564293, 5319059.258330591954291 ], [ -8476828.172088846564293, 5319059.221005633473396 ], [ -8476828.13476338237524, 5319059.221005633473396 ], [ -8476828.13476338237524, 5319059.14635571744293 ], [ -8476828.06011245585978, 5319059.14635571744293 ], [ -8476828.06011245585978, 5319059.109030759893358 ], [ -8476827.98546152934432, 5319059.109030759893358 ], [ -8476827.98546152934432, 5319059.071705801412463 ], [ -8476827.836159674450755, 5319059.071705801412463 ], [ -8476827.836159674450755, 5319059.034380843862891 ], [ -8476827.798834212124348, 5319059.034380843862891 ], [ -8476827.798834212124348, 5319059.071705801412463 ], [ -8476827.724183285608888, 5319059.071705801412463 ], [ -8476827.724183285608888, 5319059.109030759893358 ], [ -8476827.649532357230783, 5319059.109030759893358 ], [ -8476827.649532357230783, 5319059.14635571744293 ], [ -8476827.612206894904375, 5319059.14635571744293 ], [ -8476827.612206894904375, 5319059.183680675923824 ], [ -8476827.574881430715322, 5319059.183680675923824 ], [ -8476827.574881430715322, 5319059.332980507053435 ], [ -8476827.612206894904375, 5319059.332980507053435 ], [ -8476827.612206894904375, 5319059.370305465534329 ], [ -8476827.649532357230783, 5319059.370305465534329 ], [ -8476827.649532357230783, 5319059.407630423083901 ], [ -8476827.91081060282886, 5319059.407630423083901 ], [ -8476827.91081060282886, 5319059.444955381564796 ], [ -8476827.948136065155268, 5319059.444955381564796 ], [ -8476827.948136065155268, 5319059.482280339114368 ], [ -8476827.98546152934432, 5319059.482280339114368 ], [ -8476827.98546152934432, 5319059.631580171175301 ], [ -8476827.948136065155268, 5319059.631580171175301 ], [ -8476827.948136065155268, 5319059.668905129656196 ], [ -8476827.873485138639808, 5319059.668905129656196 ], [ -8476827.873485138639808, 5319059.706230087205768 ], [ -8476827.724183285608888, 5319059.706230087205768 ], [ -8476827.724183285608888, 5319059.668905129656196 ], [ -8476827.649532357230783, 5319059.668905129656196 ], [ -8476827.649532357230783, 5319059.631580171175301 ], [ -8476827.612206894904375, 5319059.631580171175301 ], [ -8476827.612206894904375, 5319059.594255213625729 ], [ -8476827.574881430715322, 5319059.594255213625729 ], [ -8476827.574881430715322, 5319059.444955381564796 ], [ -8476827.537555968388915, 5319059.444955381564796 ], [ -8476827.537555968388915, 5319059.407630423083901 ], [ -8476827.276277724653482, 5319059.407630423083901 ], [ -8476827.276277724653482, 5319059.444955381564796 ], [ -8476827.23895226046443, 5319059.444955381564796 ], [ -8476827.23895226046443, 5319059.482280339114368 ], [ -8476827.201626798138022, 5319059.482280339114368 ], [ -8476827.201626798138022, 5319059.519605297595263 ], [ -8476827.16430133394897, 5319059.519605297595263 ], [ -8476827.16430133394897, 5319059.668905129656196 ], [ -8476827.201626798138022, 5319059.668905129656196 ], [ -8476827.201626798138022, 5319059.743555045686662 ], [ -8476827.23895226046443, 5319059.743555045686662 ], [ -8476827.23895226046443, 5319059.780880003236234 ], [ -8476827.350928651168942, 5319059.780880003236234 ], [ -8476827.350928651168942, 5319059.818204961717129 ], [ -8476827.425579577684402, 5319059.818204961717129 ], [ -8476827.425579577684402, 5319059.855529919266701 ], [ -8476827.462905041873455, 5319059.855529919266701 ], [ -8476827.462905041873455, 5319060.004829751327634 ], [ -8476827.500230504199862, 5319060.004829751327634 ], [ -8476827.500230504199862, 5319060.042154708877206 ], [ -8476827.98546152934432, 5319060.042154708877206 ], [ -8476827.98546152934432, 5319060.004829751327634 ], [ -8476828.022786991670728, 5319060.004829751327634 ], [ -8476828.022786991670728, 5319059.967504793778062 ], [ -8476828.06011245585978, 5319059.967504793778062 ], [ -8476828.06011245585978, 5319059.855529919266701 ], [ -8476828.097437918186188, 5319059.855529919266701 ], [ -8476828.097437918186188, 5319059.780880003236234 ], [ -8476828.2094143088907, 5319059.780880003236234 ], [ -8476828.2094143088907, 5319059.743555045686662 ], [ -8476828.321390699595213, 5319059.743555045686662 ], [ -8476828.321390699595213, 5319059.780880003236234 ], [ -8476828.35871616192162, 5319059.780880003236234 ], [ -8476828.35871616192162, 5319059.818204961717129 ], [ -8476828.396041626110673, 5319059.818204961717129 ], [ -8476828.396041626110673, 5319059.855529919266701 ], [ -8476828.433367090299726, 5319059.855529919266701 ], [ -8476828.433367090299726, 5319059.967504793778062 ], [ -8476828.396041626110673, 5319059.967504793778062 ], [ -8476828.396041626110673, 5319060.042154708877206 ], [ -8476828.35871616192162, 5319060.042154708877206 ], [ -8476828.35871616192162, 5319060.0794796673581 ], [ -8476828.2094143088907, 5319060.0794796673581 ], [ -8476828.2094143088907, 5319060.116804624907672 ], [ -8476828.13476338237524, 5319060.116804624907672 ], [ -8476828.13476338237524, 5319060.228779499419034 ], [ -8476828.097437918186188, 5319060.228779499419034 ], [ -8476828.097437918186188, 5319060.266104456968606 ], [ -8476828.13476338237524, 5319060.266104456968606 ], [ -8476828.13476338237524, 5319060.378079331479967 ], [ -8476828.2094143088907, 5319060.378079331479967 ], [ -8476828.2094143088907, 5319060.415404289029539 ], [ -8476828.28406523540616, 5319060.415404289029539 ], [ -8476828.28406523540616, 5319060.378079331479967 ], [ -8476828.396041626110673, 5319060.378079331479967 ], [ -8476828.396041626110673, 5319060.340754372999072 ], [ -8476828.470692552626133, 5319060.340754372999072 ], [ -8476828.470692552626133, 5319060.3034294154495 ], [ -8476828.508018016815186, 5319060.3034294154495 ], [ -8476828.508018016815186, 5319060.266104456968606 ], [ -8476828.582668943330646, 5319060.266104456968606 ], [ -8476828.582668943330646, 5319060.228779499419034 ], [ -8476828.619994405657053, 5319060.228779499419034 ], [ -8476828.619994405657053, 5319060.191454540938139 ], [ -8476828.843947187066078, 5319060.191454540938139 ], [ -8476828.843947187066078, 5319060.228779499419034 ], [ -8476828.881272649392486, 5319060.228779499419034 ], [ -8476828.881272649392486, 5319060.266104456968606 ], [ -8476828.955923577770591, 5319060.266104456968606 ], [ -8476828.955923577770591, 5319060.3034294154495 ], [ -8476829.105225430801511, 5319060.3034294154495 ], [ -8476829.105225430801511, 5319060.340754372999072 ], [ -8476829.291852748021483, 5319060.340754372999072 ], [ -8476829.291852748021483, 5319060.3034294154495 ], [ -8476829.366503674536943, 5319060.3034294154495 ], [ -8476829.366503674536943, 5319060.266104456968606 ], [ -8476829.403829136863351, 5319060.266104456968606 ], [ -8476829.403829136863351, 5319060.228779499419034 ], [ -8476829.441154601052403, 5319060.228779499419034 ], [ -8476829.441154601052403, 5319060.154129583388567 ], [ -8476829.478480065241456, 5319060.154129583388567 ], [ -8476829.478480065241456, 5319060.0794796673581 ], [ -8476829.553130991756916, 5319060.0794796673581 ], [ -8476829.553130991756916, 5319060.042154708877206 ], [ -8476829.665107380598783, 5319060.042154708877206 ], [ -8476829.665107380598783, 5319060.004829751327634 ], [ -8476829.777083771303296, 5319060.004829751327634 ], [ -8476829.777083771303296, 5319060.042154708877206 ], [ -8476829.926385626196861, 5319060.042154708877206 ], [ -8476829.926385626196861, 5319060.0794796673581 ], [ -8476829.963711088523269, 5319060.0794796673581 ], [ -8476829.963711088523269, 5319060.116804624907672 ], [ -8476830.001036552712321, 5319060.116804624907672 ], [ -8476830.001036552712321, 5319060.191454540938139 ], [ -8476830.038362015038729, 5319060.191454540938139 ], [ -8476830.038362015038729, 5319060.266104456968606 ], [ -8476830.075687479227781, 5319060.266104456968606 ], [ -8476830.075687479227781, 5319060.3034294154495 ], [ -8476830.187663869932294, 5319060.3034294154495 ], [ -8476830.187663869932294, 5319060.340754372999072 ], [ -8476830.224989332258701, 5319060.340754372999072 ], [ -8476830.224989332258701, 5319060.378079331479967 ], [ -8476830.262314796447754, 5319060.378079331479967 ], [ -8476830.262314796447754, 5319060.415404289029539 ], [ -8476830.299640258774161, 5319060.415404289029539 ], [ -8476830.299640258774161, 5319060.452729247510433 ], [ -8476830.336965722963214, 5319060.452729247510433 ], [ -8476830.336965722963214, 5319060.490054205060005 ], [ -8476830.374291185289621, 5319060.490054205060005 ], [ -8476830.374291185289621, 5319060.5273791635409 ], [ -8476830.411616649478674, 5319060.5273791635409 ], [ -8476830.411616649478674, 5319060.564704121090472 ], [ -8476830.448942113667727, 5319060.564704121090472 ], [ -8476830.448942113667727, 5319060.602029079571366 ], [ -8476830.486267575994134, 5319060.602029079571366 ], [ -8476830.486267575994134, 5319060.714003953151405 ], [ -8476830.523593040183187, 5319060.714003953151405 ], [ -8476830.523593040183187, 5319060.90062874276191 ], [ -8476830.560918502509594, 5319060.90062874276191 ], [ -8476830.560918502509594, 5319061.012603617273271 ], [ -8476830.523593040183187, 5319061.012603617273271 ], [ -8476830.523593040183187, 5319061.087253533303738 ], [ -8476830.486267575994134, 5319061.087253533303738 ], [ -8476830.486267575994134, 5319061.161903449334204 ], [ -8476830.448942113667727, 5319061.161903449334204 ], [ -8476830.448942113667727, 5319061.199228406883776 ], [ -8476830.411616649478674, 5319061.199228406883776 ], [ -8476830.411616649478674, 5319061.273878322914243 ], [ -8476830.374291185289621, 5319061.273878322914243 ], [ -8476830.374291185289621, 5319061.385853197425604 ], [ -8476830.336965722963214, 5319061.385853197425604 ], [ -8476830.336965722963214, 5319061.497828071005642 ], [ -8476830.299640258774161, 5319061.497828071005642 ], [ -8476830.299640258774161, 5319061.572477987036109 ], [ -8476830.262314796447754, 5319061.572477987036109 ], [ -8476830.262314796447754, 5319061.647127903066576 ], [ -8476830.224989332258701, 5319061.647127903066576 ], [ -8476830.224989332258701, 5319061.684452860616148 ], [ -8476830.187663869932294, 5319061.684452860616148 ], [ -8476830.187663869932294, 5319062.095027399249375 ], [ -8476830.150338405743241, 5319062.095027399249375 ], [ -8476830.150338405743241, 5319062.05770244076848 ], [ -8476830.113012941554189, 5319062.05770244076848 ], [ -8476830.113012941554189, 5319062.020377483218908 ], [ -8476830.001036552712321, 5319062.020377483218908 ], [ -8476830.001036552712321, 5319061.983052524738014 ], [ -8476829.627781918272376, 5319061.983052524738014 ], [ -8476829.627781918272376, 5319062.020377483218908 ], [ -8476829.515805527567863, 5319062.020377483218908 ], [ -8476829.515805527567863, 5319062.05770244076848 ], [ -8476829.478480065241456, 5319062.05770244076848 ], [ -8476829.478480065241456, 5319062.169677315279841 ], [ -8476829.515805527567863, 5319062.169677315279841 ], [ -8476829.515805527567863, 5319062.207002272829413 ], [ -8476829.553130991756916, 5319062.207002272829413 ], [ -8476829.553130991756916, 5319062.244327231310308 ], [ -8476829.627781918272376, 5319062.244327231310308 ], [ -8476829.627781918272376, 5319062.28165218885988 ], [ -8476829.739758308976889, 5319062.28165218885988 ], [ -8476829.739758308976889, 5319062.318977146409452 ], [ -8476829.814409235492349, 5319062.318977146409452 ], [ -8476829.814409235492349, 5319062.356302104890347 ], [ -8476829.851734697818756, 5319062.356302104890347 ], [ -8476829.851734697818756, 5319062.654901769012213 ], [ -8476829.553130991756916, 5319062.654901769012213 ], [ -8476829.553130991756916, 5319062.692226726561785 ], [ -8476829.478480065241456, 5319062.692226726561785 ], [ -8476829.478480065241456, 5319062.729551685042679 ], [ -8476829.441154601052403, 5319062.729551685042679 ], [ -8476829.441154601052403, 5319062.841526558622718 ], [ -8476829.553130991756916, 5319062.841526558622718 ], [ -8476829.553130991756916, 5319062.878851517103612 ], [ -8476829.702432844787836, 5319062.878851517103612 ], [ -8476829.702432844787836, 5319062.841526558622718 ], [ -8476829.851734697818756, 5319062.841526558622718 ], [ -8476829.851734697818756, 5319062.766876642592251 ], [ -8476829.889060162007809, 5319062.766876642592251 ], [ -8476829.889060162007809, 5319062.692226726561785 ], [ -8476829.926385626196861, 5319062.692226726561785 ], [ -8476829.926385626196861, 5319062.654901769012213 ], [ -8476830.187663869932294, 5319062.654901769012213 ], [ -8476830.187663869932294, 5319062.692226726561785 ], [ -8476830.224989332258701, 5319062.692226726561785 ], [ -8476830.224989332258701, 5319062.841526558622718 ], [ -8476830.187663869932294, 5319062.841526558622718 ], [ -8476830.187663869932294, 5319062.878851517103612 ], [ -8476830.150338405743241, 5319062.878851517103612 ], [ -8476830.150338405743241, 5319062.916176474653184 ], [ -8476830.001036552712321, 5319062.916176474653184 ], [ -8476830.001036552712321, 5319062.953501433134079 ], [ -8476829.963711088523269, 5319062.953501433134079 ], [ -8476829.963711088523269, 5319063.028151348233223 ], [ -8476829.926385626196861, 5319063.028151348233223 ], [ -8476829.926385626196861, 5319063.177451180294156 ], [ -8476829.889060162007809, 5319063.177451180294156 ], [ -8476829.889060162007809, 5319063.214776138775051 ], [ -8476829.851734697818756, 5319063.214776138775051 ], [ -8476829.851734697818756, 5319063.252101096324623 ], [ -8476829.739758308976889, 5319063.252101096324623 ], [ -8476829.739758308976889, 5319063.289426054805517 ], [ -8476829.553130991756916, 5319063.289426054805517 ], [ -8476829.553130991756916, 5319063.252101096324623 ], [ -8476829.478480065241456, 5319063.252101096324623 ], [ -8476829.478480065241456, 5319063.214776138775051 ], [ -8476829.441154601052403, 5319063.214776138775051 ], [ -8476829.441154601052403, 5319062.878851517103612 ], [ -8476829.142550893127918, 5319062.878851517103612 ], [ -8476829.142550893127918, 5319062.841526558622718 ], [ -8476828.993249040096998, 5319062.841526558622718 ], [ -8476828.993249040096998, 5319062.804201601073146 ], [ -8476828.955923577770591, 5319062.804201601073146 ], [ -8476828.955923577770591, 5319062.766876642592251 ], [ -8476828.769296260550618, 5319062.766876642592251 ], [ -8476828.769296260550618, 5319062.729551685042679 ], [ -8476828.731970796361566, 5319062.729551685042679 ], [ -8476828.731970796361566, 5319062.766876642592251 ], [ -8476828.657319869846106, 5319062.766876642592251 ], [ -8476828.657319869846106, 5319062.841526558622718 ], [ -8476828.694645334035158, 5319062.841526558622718 ], [ -8476828.694645334035158, 5319062.878851517103612 ], [ -8476828.843947187066078, 5319062.878851517103612 ], [ -8476828.843947187066078, 5319062.916176474653184 ], [ -8476828.881272649392486, 5319062.916176474653184 ], [ -8476828.881272649392486, 5319062.953501433134079 ], [ -8476828.918598113581538, 5319062.953501433134079 ], [ -8476828.918598113581538, 5319063.177451180294156 ], [ -8476828.955923577770591, 5319063.177451180294156 ], [ -8476828.955923577770591, 5319063.214776138775051 ], [ -8476828.993249040096998, 5319063.214776138775051 ], [ -8476828.993249040096998, 5319063.252101096324623 ], [ -8476829.067899966612458, 5319063.252101096324623 ], [ -8476829.067899966612458, 5319063.289426054805517 ], [ -8476829.142550893127918, 5319063.289426054805517 ], [ -8476829.142550893127918, 5319063.326751012355089 ], [ -8476829.329178210347891, 5319063.326751012355089 ], [ -8476829.329178210347891, 5319063.364075970835984 ], [ -8476829.366503674536943, 5319063.364075970835984 ], [ -8476829.366503674536943, 5319063.588025718927383 ], [ -8476829.329178210347891, 5319063.588025718927383 ], [ -8476829.329178210347891, 5319063.625350676476955 ], [ -8476829.291852748021483, 5319063.625350676476955 ], [ -8476829.291852748021483, 5319063.66267563495785 ], [ -8476829.254527283832431, 5319063.66267563495785 ], [ -8476829.254527283832431, 5319063.700000592507422 ], [ -8476829.179876357316971, 5319063.700000592507422 ], [ -8476829.179876357316971, 5319063.737325550988317 ], [ -8476829.142550893127918, 5319063.737325550988317 ], [ -8476829.142550893127918, 5319063.774650508537889 ], [ -8476829.105225430801511, 5319063.774650508537889 ], [ -8476829.105225430801511, 5319063.886625382117927 ], [ -8476829.142550893127918, 5319063.886625382117927 ], [ -8476829.142550893127918, 5319063.923950340598822 ], [ -8476829.179876357316971, 5319063.923950340598822 ], [ -8476829.179876357316971, 5319063.961275298148394 ], [ -8476829.403829136863351, 5319063.961275298148394 ], [ -8476829.403829136863351, 5319063.923950340598822 ], [ -8476829.889060162007809, 5319063.923950340598822 ], [ -8476829.889060162007809, 5319063.961275298148394 ], [ -8476830.113012941554189, 5319063.961275298148394 ], [ -8476830.113012941554189, 5319063.998600256629288 ], [ -8476830.224989332258701, 5319063.998600256629288 ], [ -8476830.224989332258701, 5319063.961275298148394 ], [ -8476830.336965722963214, 5319063.961275298148394 ], [ -8476830.336965722963214, 5319063.923950340598822 ], [ -8476830.448942113667727, 5319063.923950340598822 ], [ -8476830.448942113667727, 5319063.886625382117927 ], [ -8476830.486267575994134, 5319063.886625382117927 ], [ -8476830.486267575994134, 5319063.849300424568355 ], [ -8476830.523593040183187, 5319063.849300424568355 ], [ -8476830.523593040183187, 5319063.811975466087461 ], [ -8476830.560918502509594, 5319063.811975466087461 ], [ -8476830.560918502509594, 5319063.774650508537889 ], [ -8476830.710220357403159, 5319063.774650508537889 ], [ -8476830.710220357403159, 5319063.811975466087461 ], [ -8476830.747545819729567, 5319063.811975466087461 ], [ -8476830.747545819729567, 5319063.849300424568355 ], [ -8476830.784871283918619, 5319063.849300424568355 ], [ -8476830.784871283918619, 5319063.886625382117927 ], [ -8476830.822196746245027, 5319063.886625382117927 ], [ -8476830.822196746245027, 5319063.923950340598822 ], [ -8476830.896847672760487, 5319063.923950340598822 ], [ -8476830.896847672760487, 5319063.961275298148394 ], [ -8476830.971498601138592, 5319063.961275298148394 ], [ -8476830.971498601138592, 5319063.998600256629288 ], [ -8476831.083474989980459, 5319063.998600256629288 ], [ -8476831.083474989980459, 5319064.03592521417886 ], [ -8476831.232776844874024, 5319064.03592521417886 ], [ -8476831.232776844874024, 5319064.073250172659755 ], [ -8476831.382078697904944, 5319064.073250172659755 ], [ -8476831.382078697904944, 5319064.110575130209327 ], [ -8476831.531380550935864, 5319064.110575130209327 ], [ -8476831.531380550935864, 5319064.147900088690221 ], [ -8476831.606031477451324, 5319064.147900088690221 ], [ -8476831.606031477451324, 5319064.185225046239793 ], [ -8476831.643356941640377, 5319064.185225046239793 ], [ -8476831.643356941640377, 5319064.222550004720688 ], [ -8476831.68068240582943, 5319064.222550004720688 ], [ -8476831.68068240582943, 5319064.25987496227026 ], [ -8476831.718007868155837, 5319064.25987496227026 ], [ -8476831.718007868155837, 5319064.297199920751154 ], [ -8476831.75533333234489, 5319064.297199920751154 ], [ -8476831.75533333234489, 5319064.371849836781621 ], [ -8476831.792658794671297, 5319064.371849836781621 ], [ -8476831.792658794671297, 5319064.409174794331193 ], [ -8476831.82998425886035, 5319064.409174794331193 ], [ -8476831.82998425886035, 5319064.446499752812088 ], [ -8476831.867309721186757, 5319064.446499752812088 ], [ -8476831.867309721186757, 5319064.521149667911232 ], [ -8476831.90463518537581, 5319064.521149667911232 ], [ -8476831.90463518537581, 5319064.558474626392126 ], [ -8476831.941960649564862, 5319064.558474626392126 ], [ -8476831.941960649564862, 5319064.595799583941698 ], [ -8476832.016611576080322, 5319064.595799583941698 ], [ -8476832.016611576080322, 5319064.633124542422593 ], [ -8476832.091262502595782, 5319064.633124542422593 ], [ -8476832.091262502595782, 5319064.670449499972165 ], [ -8476832.12858796492219, 5319064.670449499972165 ], [ -8476832.12858796492219, 5319064.707774458453059 ], [ -8476832.165913429111242, 5319064.707774458453059 ], [ -8476832.165913429111242, 5319064.745099416002631 ], [ -8476832.203238893300295, 5319064.745099416002631 ], [ -8476832.203238893300295, 5319064.819749332033098 ], [ -8476832.240564355626702, 5319064.819749332033098 ], [ -8476832.240564355626702, 5319064.857074290513992 ], [ -8476832.277889819815755, 5319064.857074290513992 ], [ -8476832.277889819815755, 5319064.931724206544459 ], [ -8476832.315215282142162, 5319064.931724206544459 ], [ -8476832.315215282142162, 5319065.304973785765469 ], [ -8476832.352540746331215, 5319065.304973785765469 ], [ -8476832.352540746331215, 5319065.491598576307297 ], [ -8476832.389866208657622, 5319065.491598576307297 ], [ -8476832.389866208657622, 5319065.678223365917802 ], [ -8476832.427191672846675, 5319065.678223365917802 ], [ -8476832.427191672846675, 5319065.827523197978735 ], [ -8476832.464517137035728, 5319065.827523197978735 ], [ -8476832.464517137035728, 5319065.939498072490096 ], [ -8476832.501842599362135, 5319065.939498072490096 ], [ -8476832.501842599362135, 5319065.976823030039668 ], [ -8476832.539168063551188, 5319065.976823030039668 ], [ -8476832.539168063551188, 5319066.01414798758924 ], [ -8476832.576493525877595, 5319066.01414798758924 ], [ -8476832.576493525877595, 5319066.051472946070135 ], [ -8476832.613818990066648, 5319066.051472946070135 ], [ -8476832.613818990066648, 5319066.088797903619707 ], [ -8476832.688469916582108, 5319066.088797903619707 ], [ -8476832.688469916582108, 5319066.126122862100601 ], [ -8476832.72579538077116, 5319066.126122862100601 ], [ -8476832.72579538077116, 5319066.163447819650173 ], [ -8476832.763120843097568, 5319066.163447819650173 ], [ -8476832.763120843097568, 5319066.200772778131068 ], [ -8476832.80044630728662, 5319066.200772778131068 ], [ -8476832.80044630728662, 5319066.23809773568064 ], [ -8476832.837771769613028, 5319066.23809773568064 ], [ -8476832.837771769613028, 5319066.275422694161534 ], [ -8476832.87509723380208, 5319066.275422694161534 ], [ -8476832.87509723380208, 5319066.312747651711106 ], [ -8476832.912422696128488, 5319066.312747651711106 ], [ -8476832.912422696128488, 5319066.350072610192001 ], [ -8476832.94974816031754, 5319066.350072610192001 ], [ -8476832.94974816031754, 5319066.424722526222467 ], [ -8476832.987073624506593, 5319066.424722526222467 ], [ -8476832.987073624506593, 5319066.536697399802506 ], [ -8476833.024399086833, 5319066.536697399802506 ], [ -8476833.024399086833, 5319066.685997231863439 ], [ -8476833.061724551022053, 5319066.685997231863439 ], [ -8476833.061724551022053, 5319067.133896728046238 ], [ -8476833.024399086833, 5319067.133896728046238 ], [ -8476833.024399086833, 5319067.357846476137638 ], [ -8476832.987073624506593, 5319067.357846476137638 ], [ -8476832.987073624506593, 5319067.469821349717677 ], [ -8476832.94974816031754, 5319067.469821349717677 ], [ -8476832.94974816031754, 5319067.507146307267249 ], [ -8476832.912422696128488, 5319067.507146307267249 ], [ -8476832.912422696128488, 5319067.544471265748143 ], [ -8476832.87509723380208, 5319067.544471265748143 ], [ -8476832.87509723380208, 5319067.61912118177861 ], [ -8476832.837771769613028, 5319067.61912118177861 ], [ -8476832.837771769613028, 5319067.656446139328182 ], [ -8476832.80044630728662, 5319067.656446139328182 ], [ -8476832.80044630728662, 5319067.731096055358648 ], [ -8476832.763120843097568, 5319067.731096055358648 ], [ -8476832.763120843097568, 5319067.805745971389115 ], [ -8476832.72579538077116, 5319067.805745971389115 ], [ -8476832.72579538077116, 5319067.955045803450048 ], [ -8476832.763120843097568, 5319067.955045803450048 ], [ -8476832.763120843097568, 5319068.290970425121486 ], [ -8476832.72579538077116, 5319068.290970425121486 ], [ -8476832.72579538077116, 5319068.514920173212886 ], [ -8476832.688469916582108, 5319068.514920173212886 ], [ -8476832.688469916582108, 5319068.589570089243352 ], [ -8476832.72579538077116, 5319068.589570089243352 ], [ -8476832.72579538077116, 5319068.925494711846113 ], [ -8476832.80044630728662, 5319068.925494711846113 ], [ -8476832.80044630728662, 5319068.962819669395685 ], [ -8476832.837771769613028, 5319068.962819669395685 ], [ -8476832.837771769613028, 5319069.000144626945257 ], [ -8476832.87509723380208, 5319069.000144626945257 ], [ -8476832.87509723380208, 5319069.037469585426152 ], [ -8476832.94974816031754, 5319069.037469585426152 ], [ -8476832.94974816031754, 5319069.074794542975724 ], [ -8476832.987073624506593, 5319069.074794542975724 ], [ -8476832.987073624506593, 5319069.112119501456618 ], [ -8476833.024399086833, 5319069.112119501456618 ], [ -8476833.024399086833, 5319069.14944445900619 ], [ -8476833.061724551022053, 5319069.14944445900619 ], [ -8476833.061724551022053, 5319069.186769417487085 ], [ -8476833.09905001334846, 5319069.186769417487085 ], [ -8476833.09905001334846, 5319069.224094375036657 ], [ -8476833.136375477537513, 5319069.224094375036657 ], [ -8476833.136375477537513, 5319069.709318828769028 ], [ -8476833.17370093986392, 5319069.709318828769028 ], [ -8476833.17370093986392, 5319069.821293703280389 ], [ -8476833.211026404052973, 5319069.821293703280389 ], [ -8476833.211026404052973, 5319069.895943619310856 ], [ -8476833.248351868242025, 5319069.895943619310856 ], [ -8476833.248351868242025, 5319069.933268576860428 ], [ -8476833.285677330568433, 5319069.933268576860428 ], [ -8476833.285677330568433, 5319070.045243451371789 ], [ -8476833.248351868242025, 5319070.045243451371789 ], [ -8476833.248351868242025, 5319070.231868240982294 ], [ -8476833.211026404052973, 5319070.231868240982294 ], [ -8476833.211026404052973, 5319070.418493031524122 ], [ -8476833.17370093986392, 5319070.418493031524122 ], [ -8476833.17370093986392, 5319070.53046790510416 ], [ -8476833.136375477537513, 5319070.53046790510416 ], [ -8476833.136375477537513, 5319070.605117821134627 ], [ -8476833.09905001334846, 5319070.605117821134627 ], [ -8476833.09905001334846, 5319070.679767737165093 ], [ -8476833.061724551022053, 5319070.679767737165093 ], [ -8476833.061724551022053, 5319070.866392526775599 ], [ -8476833.09905001334846, 5319070.866392526775599 ], [ -8476833.09905001334846, 5319071.57556672859937 ], [ -8476833.136375477537513, 5319071.57556672859937 ], [ -8476833.136375477537513, 5319071.874166392721236 ], [ -8476833.17370093986392, 5319071.874166392721236 ], [ -8476833.17370093986392, 5319072.023466224782169 ], [ -8476833.211026404052973, 5319072.023466224782169 ], [ -8476833.211026404052973, 5319072.322065888904035 ], [ -8476833.17370093986392, 5319072.322065888904035 ], [ -8476833.17370093986392, 5319072.657990510575473 ], [ -8476833.211026404052973, 5319072.657990510575473 ], [ -8476833.211026404052973, 5319072.807290342636406 ], [ -8476833.248351868242025, 5319072.807290342636406 ], [ -8476833.248351868242025, 5319072.95659017469734 ], [ -8476833.211026404052973, 5319072.95659017469734 ], [ -8476833.211026404052973, 5319073.143214964307845 ], [ -8476833.17370093986392, 5319073.143214964307845 ], [ -8476833.17370093986392, 5319073.255189838819206 ], [ -8476833.136375477537513, 5319073.255189838819206 ], [ -8476833.136375477537513, 5319073.329839754849672 ], [ -8476833.09905001334846, 5319073.329839754849672 ], [ -8476833.09905001334846, 5319073.367164712399244 ], [ -8476833.061724551022053, 5319073.367164712399244 ], [ -8476833.061724551022053, 5319073.404489670880139 ], [ -8476833.024399086833, 5319073.404489670880139 ], [ -8476833.024399086833, 5319073.441814628429711 ], [ -8476832.987073624506593, 5319073.441814628429711 ], [ -8476832.987073624506593, 5319073.479139585979283 ], [ -8476832.94974816031754, 5319073.479139585979283 ], [ -8476832.94974816031754, 5319073.516464544460177 ], [ -8476832.912422696128488, 5319073.516464544460177 ], [ -8476832.912422696128488, 5319073.553789502009749 ], [ -8476832.87509723380208, 5319073.553789502009749 ], [ -8476832.87509723380208, 5319073.665764376521111 ], [ -8476832.912422696128488, 5319073.665764376521111 ], [ -8476832.912422696128488, 5319073.852389166131616 ], [ -8476832.94974816031754, 5319073.852389166131616 ], [ -8476832.94974816031754, 5319074.001688998192549 ], [ -8476832.912422696128488, 5319074.001688998192549 ], [ -8476832.912422696128488, 5319074.076338914223015 ], [ -8476832.87509723380208, 5319074.076338914223015 ], [ -8476832.87509723380208, 5319074.188313787803054 ], [ -8476832.837771769613028, 5319074.188313787803054 ], [ -8476832.837771769613028, 5319074.524238410405815 ], [ -8476832.87509723380208, 5319074.524238410405815 ], [ -8476832.87509723380208, 5319074.71086320001632 ], [ -8476832.912422696128488, 5319074.71086320001632 ], [ -8476832.912422696128488, 5319074.860163032077253 ], [ -8476832.94974816031754, 5319074.860163032077253 ], [ -8476832.94974816031754, 5319075.009462864138186 ], [ -8476832.987073624506593, 5319075.009462864138186 ], [ -8476832.987073624506593, 5319075.345387485809624 ], [ -8476832.94974816031754, 5319075.345387485809624 ], [ -8476832.94974816031754, 5319075.569337233901024 ], [ -8476832.912422696128488, 5319075.569337233901024 ], [ -8476832.912422696128488, 5319075.86793689802289 ], [ -8476832.94974816031754, 5319075.86793689802289 ], [ -8476832.94974816031754, 5319076.054561687633395 ], [ -8476832.987073624506593, 5319076.054561687633395 ], [ -8476832.987073624506593, 5319076.129211603663862 ], [ -8476832.94974816031754, 5319076.129211603663862 ], [ -8476832.94974816031754, 5319076.166536562144756 ], [ -8476832.912422696128488, 5319076.166536562144756 ], [ -8476832.912422696128488, 5319076.241186478175223 ], [ -8476832.87509723380208, 5319076.241186478175223 ], [ -8476832.87509723380208, 5319076.315836394205689 ], [ -8476832.837771769613028, 5319076.315836394205689 ], [ -8476832.837771769613028, 5319076.427811267785728 ], [ -8476832.80044630728662, 5319076.427811267785728 ], [ -8476832.80044630728662, 5319076.987685637548566 ], [ -8476832.763120843097568, 5319076.987685637548566 ], [ -8476832.763120843097568, 5319077.136985469609499 ], [ -8476832.72579538077116, 5319077.136985469609499 ], [ -8476832.72579538077116, 5319077.435585133731365 ], [ -8476832.688469916582108, 5319077.435585133731365 ], [ -8476832.688469916582108, 5319077.584884965792298 ], [ -8476832.72579538077116, 5319077.584884965792298 ], [ -8476832.72579538077116, 5319077.696859839372337 ], [ -8476832.763120843097568, 5319077.696859839372337 ], [ -8476832.763120843097568, 5319077.808834713883698 ], [ -8476832.80044630728662, 5319077.808834713883698 ], [ -8476832.80044630728662, 5319077.958134545013309 ], [ -8476832.837771769613028, 5319077.958134545013309 ], [ -8476832.837771769613028, 5319078.443358999677002 ], [ -8476832.80044630728662, 5319078.443358999677002 ], [ -8476832.80044630728662, 5319078.704633705317974 ], [ -8476832.763120843097568, 5319078.704633705317974 ], [ -8476832.763120843097568, 5319079.152533201500773 ], [ -8476832.72579538077116, 5319079.152533201500773 ], [ -8476832.72579538077116, 5319079.451132864691317 ], [ -8476832.688469916582108, 5319079.451132864691317 ], [ -8476832.688469916582108, 5319079.82438244484365 ], [ -8476832.651144452393055, 5319079.82438244484365 ], [ -8476832.651144452393055, 5319079.936357319355011 ], [ -8476832.613818990066648, 5319079.936357319355011 ], [ -8476832.613818990066648, 5319080.04833219293505 ], [ -8476832.576493525877595, 5319080.04833219293505 ], [ -8476832.576493525877595, 5319080.309606898576021 ], [ -8476832.539168063551188, 5319080.309606898576021 ], [ -8476832.539168063551188, 5319080.458906730636954 ], [ -8476832.576493525877595, 5319080.458906730636954 ], [ -8476832.576493525877595, 5319080.533556646667421 ], [ -8476832.613818990066648, 5319080.533556646667421 ], [ -8476832.613818990066648, 5319080.608206562697887 ], [ -8476832.651144452393055, 5319080.608206562697887 ], [ -8476832.651144452393055, 5319080.682856478728354 ], [ -8476832.688469916582108, 5319080.682856478728354 ], [ -8476832.688469916582108, 5319080.720181437209249 ], [ -8476832.72579538077116, 5319080.720181437209249 ], [ -8476832.72579538077116, 5319080.869481268338859 ], [ -8476832.688469916582108, 5319080.869481268338859 ], [ -8476832.688469916582108, 5319080.98145614285022 ], [ -8476832.651144452393055, 5319080.98145614285022 ], [ -8476832.651144452393055, 5319081.056106058880687 ], [ -8476832.613818990066648, 5319081.056106058880687 ], [ -8476832.613818990066648, 5319081.130755974911153 ], [ -8476832.576493525877595, 5319081.130755974911153 ], [ -8476832.576493525877595, 5319081.168080932460725 ], [ -8476832.539168063551188, 5319081.168080932460725 ], [ -8476832.539168063551188, 5319081.20540589094162 ], [ -8476832.501842599362135, 5319081.20540589094162 ], [ -8476832.501842599362135, 5319081.280055806972086 ], [ -8476832.464517137035728, 5319081.280055806972086 ], [ -8476832.464517137035728, 5319081.392030680552125 ], [ -8476832.427191672846675, 5319081.392030680552125 ], [ -8476832.427191672846675, 5319081.504005555063486 ], [ -8476832.389866208657622, 5319081.504005555063486 ], [ -8476832.389866208657622, 5319081.615980428643525 ], [ -8476832.352540746331215, 5319081.615980428643525 ], [ -8476832.352540746331215, 5319081.690630344673991 ], [ -8476832.315215282142162, 5319081.690630344673991 ], [ -8476832.315215282142162, 5319081.765280260704458 ], [ -8476832.277889819815755, 5319081.765280260704458 ], [ -8476832.277889819815755, 5319081.839930176734924 ], [ -8476832.240564355626702, 5319081.839930176734924 ], [ -8476832.240564355626702, 5319081.951905050314963 ], [ -8476832.203238893300295, 5319081.951905050314963 ], [ -8476832.203238893300295, 5319082.101204882375896 ], [ -8476832.165913429111242, 5319082.101204882375896 ], [ -8476832.165913429111242, 5319082.250504714436829 ], [ -8476832.12858796492219, 5319082.250504714436829 ], [ -8476832.12858796492219, 5319082.399804546497762 ], [ -8476832.091262502595782, 5319082.399804546497762 ], [ -8476832.091262502595782, 5319082.511779420077801 ], [ -8476832.05393703840673, 5319082.511779420077801 ], [ -8476832.05393703840673, 5319082.586429336108267 ], [ -8476832.016611576080322, 5319082.586429336108267 ], [ -8476832.016611576080322, 5319082.623754294589162 ], [ -8476831.97928611189127, 5319082.623754294589162 ], [ -8476831.97928611189127, 5319082.661079252138734 ], [ -8476831.90463518537581, 5319082.661079252138734 ], [ -8476831.90463518537581, 5319082.698404210619628 ], [ -8476831.792658794671297, 5319082.698404210619628 ], [ -8476831.792658794671297, 5319082.7357291681692 ], [ -8476831.643356941640377, 5319082.7357291681692 ], [ -8476831.643356941640377, 5319082.773054126650095 ], [ -8476831.531380550935864, 5319082.773054126650095 ], [ -8476831.531380550935864, 5319082.810379084199667 ], [ -8476831.494055088609457, 5319082.810379084199667 ], [ -8476831.494055088609457, 5319082.847704042680562 ], [ -8476831.456729624420404, 5319082.847704042680562 ], [ -8476831.456729624420404, 5319082.885029000230134 ], [ -8476831.419404160231352, 5319082.885029000230134 ], [ -8476831.419404160231352, 5319082.922353958711028 ], [ -8476831.382078697904944, 5319082.922353958711028 ], [ -8476831.382078697904944, 5319083.071653789840639 ], [ -8476831.344753233715892, 5319083.071653789840639 ], [ -8476831.344753233715892, 5319083.332928496412933 ], [ -8476831.307427771389484, 5319083.332928496412933 ], [ -8476831.307427771389484, 5319083.407578412443399 ], [ -8476831.270102307200432, 5319083.407578412443399 ], [ -8476831.270102307200432, 5319083.519553286023438 ], [ -8476831.232776844874024, 5319083.519553286023438 ], [ -8476831.232776844874024, 5319083.594203202053905 ], [ -8476831.195451380684972, 5319083.594203202053905 ], [ -8476831.195451380684972, 5319083.631528160534799 ], [ -8476831.158125916495919, 5319083.631528160534799 ], [ -8476831.158125916495919, 5319083.706178076565266 ], [ -8476830.598243966698647, 5319083.706178076565266 ], [ -8476830.598243966698647, 5319083.743503034114838 ], [ -8476830.560918502509594, 5319083.743503034114838 ], [ -8476830.560918502509594, 5319083.780827992595732 ], [ -8476830.523593040183187, 5319083.780827992595732 ], [ -8476830.523593040183187, 5319083.818152950145304 ], [ -8476830.486267575994134, 5319083.818152950145304 ], [ -8476830.486267575994134, 5319083.855477907694876 ], [ -8476830.448942113667727, 5319083.855477907694876 ], [ -8476830.448942113667727, 5319083.892802866175771 ], [ -8476830.374291185289621, 5319083.892802866175771 ], [ -8476830.374291185289621, 5319083.930127823725343 ], [ -8476830.299640258774161, 5319083.930127823725343 ], [ -8476830.299640258774161, 5319083.967452782206237 ], [ -8476830.224989332258701, 5319083.967452782206237 ], [ -8476830.224989332258701, 5319084.004777739755809 ], [ -8476830.075687479227781, 5319084.004777739755809 ], [ -8476830.075687479227781, 5319084.042102698236704 ], [ -8476829.963711088523269, 5319084.042102698236704 ], [ -8476829.963711088523269, 5319084.079427655786276 ], [ -8476829.814409235492349, 5319084.079427655786276 ], [ -8476829.814409235492349, 5319084.11675261426717 ], [ -8476829.590456454083323, 5319084.11675261426717 ], [ -8476829.590456454083323, 5319084.154077571816742 ], [ -8476829.403829136863351, 5319084.154077571816742 ], [ -8476829.403829136863351, 5319084.191402530297637 ], [ -8476829.254527283832431, 5319084.191402530297637 ], [ -8476829.254527283832431, 5319084.228727487847209 ], [ -8476828.619994405657053, 5319084.228727487847209 ], [ -8476828.619994405657053, 5319084.266052446328104 ], [ -8476828.508018016815186, 5319084.266052446328104 ], [ -8476828.508018016815186, 5319084.303377403877676 ], [ -8476828.396041626110673, 5319084.303377403877676 ], [ -8476828.396041626110673, 5319084.34070236235857 ], [ -8476828.35871616192162, 5319084.34070236235857 ], [ -8476828.35871616192162, 5319084.378027319908142 ], [ -8476828.28406523540616, 5319084.378027319908142 ], [ -8476828.28406523540616, 5319084.415352278389037 ], [ -8476828.246739773079753, 5319084.415352278389037 ], [ -8476828.246739773079753, 5319084.378027319908142 ], [ -8476828.172088846564293, 5319084.378027319908142 ], [ -8476828.172088846564293, 5319084.34070236235857 ], [ -8476828.097437918186188, 5319084.34070236235857 ], [ -8476828.097437918186188, 5319084.303377403877676 ], [ -8476827.91081060282886, 5319084.303377403877676 ], [ -8476827.91081060282886, 5319084.266052446328104 ], [ -8476827.724183285608888, 5319084.266052446328104 ], [ -8476827.724183285608888, 5319084.303377403877676 ], [ -8476827.612206894904375, 5319084.303377403877676 ], [ -8476827.612206894904375, 5319084.34070236235857 ], [ -8476827.500230504199862, 5319084.34070236235857 ], [ -8476827.500230504199862, 5319084.378027319908142 ], [ -8476827.425579577684402, 5319084.378027319908142 ], [ -8476827.425579577684402, 5319084.415352278389037 ], [ -8476827.38825411349535, 5319084.415352278389037 ], [ -8476827.38825411349535, 5319084.452677235938609 ], [ -8476827.23895226046443, 5319084.452677235938609 ], [ -8476827.23895226046443, 5319084.415352278389037 ], [ -8476827.126975869759917, 5319084.415352278389037 ], [ -8476827.126975869759917, 5319084.378027319908142 ], [ -8476826.903023090213537, 5319084.378027319908142 ], [ -8476826.903023090213537, 5319084.34070236235857 ], [ -8476826.828372163698077, 5319084.34070236235857 ], [ -8476826.828372163698077, 5319084.378027319908142 ], [ -8476826.753721237182617, 5319084.378027319908142 ], [ -8476826.753721237182617, 5319084.452677235938609 ], [ -8476826.716395772993565, 5319084.452677235938609 ], [ -8476826.716395772993565, 5319084.490002194419503 ], [ -8476826.679070310667157, 5319084.490002194419503 ], [ -8476826.679070310667157, 5319084.527327151969075 ], [ -8476826.604419382289052, 5319084.527327151969075 ], [ -8476826.604419382289052, 5319084.564652109518647 ], [ -8476826.492442993447185, 5319084.564652109518647 ], [ -8476826.492442993447185, 5319084.601977067999542 ], [ -8476826.305815676227212, 5319084.601977067999542 ], [ -8476826.305815676227212, 5319084.639302025549114 ], [ -8476826.156513823196292, 5319084.639302025549114 ], [ -8476826.156513823196292, 5319084.676626984030008 ], [ -8476826.119188359007239, 5319084.676626984030008 ], [ -8476826.119188359007239, 5319084.71395194157958 ], [ -8476826.081862894818187, 5319084.71395194157958 ], [ -8476826.081862894818187, 5319084.751276900060475 ], [ -8476826.044537432491779, 5319084.751276900060475 ], [ -8476826.044537432491779, 5319084.788601857610047 ], [ -8476825.969886505976319, 5319084.788601857610047 ], [ -8476825.969886505976319, 5319084.825926816090941 ], [ -8476825.895235577598214, 5319084.825926816090941 ], [ -8476825.895235577598214, 5319084.863251773640513 ], [ -8476825.857910115271807, 5319084.863251773640513 ], [ -8476825.857910115271807, 5319084.93790168967098 ], [ -8476825.820584651082754, 5319084.93790168967098 ], [ -8476825.820584651082754, 5319085.012551605701447 ], [ -8476825.783259188756347, 5319085.012551605701447 ], [ -8476825.783259188756347, 5319085.460451101884246 ], [ -8476825.745933724567294, 5319085.460451101884246 ], [ -8476825.745933724567294, 5319085.497776059433818 ], [ -8476825.708608262240887, 5319085.497776059433818 ], [ -8476825.708608262240887, 5319085.535101017914712 ], [ -8476825.671282798051834, 5319085.535101017914712 ], [ -8476825.671282798051834, 5319085.572425975464284 ], [ -8476825.596631871536374, 5319085.572425975464284 ], [ -8476825.596631871536374, 5319085.609750933945179 ], [ -8476825.484655480831861, 5319085.609750933945179 ], [ -8476825.484655480831861, 5319085.647075891494751 ], [ -8476825.148726310580969, 5319085.647075891494751 ], [ -8476825.148726310580969, 5319085.684400849975646 ], [ -8476824.924773531034589, 5319085.684400849975646 ], [ -8476824.924773531034589, 5319085.721725807525218 ], [ -8476824.775471676141024, 5319085.721725807525218 ], [ -8476824.775471676141024, 5319085.759050766006112 ], [ -8476824.626169823110104, 5319085.759050766006112 ], [ -8476824.626169823110104, 5319085.796375723555684 ], [ -8476824.215589726343751, 5319085.796375723555684 ], [ -8476824.215589726343751, 5319085.759050766006112 ], [ -8476823.954311482608318, 5319085.759050766006112 ], [ -8476823.954311482608318, 5319085.796375723555684 ], [ -8476823.767684165388346, 5319085.796375723555684 ], [ -8476823.767684165388346, 5319085.833700682036579 ], [ -8476823.693033238872886, 5319085.833700682036579 ], [ -8476823.693033238872886, 5319085.983000514097512 ], [ -8476823.655707774683833, 5319085.983000514097512 ], [ -8476823.655707774683833, 5319086.057650429196656 ], [ -8476823.618382310494781, 5319086.057650429196656 ], [ -8476823.618382310494781, 5319086.09497538767755 ], [ -8476823.581056848168373, 5319086.09497538767755 ], [ -8476823.581056848168373, 5319086.132300345227122 ], [ -8476823.506405921652913, 5319086.132300345227122 ], [ -8476823.506405921652913, 5319086.169625303708017 ], [ -8476823.469080457463861, 5319086.169625303708017 ], [ -8476823.469080457463861, 5319086.206950261257589 ], [ -8476823.31977860443294, 5319086.206950261257589 ], [ -8476823.31977860443294, 5319086.244275219738483 ], [ -8476823.17047675140202, 5319086.244275219738483 ], [ -8476823.17047675140202, 5319086.281600177288055 ], [ -8476823.058500360697508, 5319086.281600177288055 ], [ -8476823.058500360697508, 5319086.244275219738483 ], [ -8476822.983849434182048, 5319086.244275219738483 ], [ -8476822.983849434182048, 5319086.206950261257589 ], [ -8476822.946523969992995, 5319086.206950261257589 ], [ -8476822.946523969992995, 5319086.132300345227122 ], [ -8476822.909198507666588, 5319086.132300345227122 ], [ -8476822.909198507666588, 5319086.020325471647084 ], [ -8476822.871873043477535, 5319086.020325471647084 ], [ -8476822.871873043477535, 5319085.983000514097512 ], [ -8476822.834547579288483, 5319085.983000514097512 ], [ -8476822.834547579288483, 5319085.945675555616617 ], [ -8476822.797222116962075, 5319085.945675555616617 ], [ -8476822.797222116962075, 5319085.908350598067045 ], [ -8476822.685245726257563, 5319085.908350598067045 ], [ -8476822.685245726257563, 5319085.871025639586151 ], [ -8476822.57326933555305, 5319085.871025639586151 ], [ -8476822.57326933555305, 5319085.833700682036579 ], [ -8476822.49861840903759, 5319085.833700682036579 ], [ -8476822.49861840903759, 5319085.796375723555684 ], [ -8476822.27466562949121, 5319085.796375723555684 ], [ -8476822.27466562949121, 5319085.759050766006112 ], [ -8476822.050712848082185, 5319085.759050766006112 ], [ -8476822.050712848082185, 5319085.796375723555684 ], [ -8476821.938736459240317, 5319085.796375723555684 ], [ -8476821.938736459240317, 5319085.833700682036579 ], [ -8476821.901410995051265, 5319085.833700682036579 ], [ -8476821.901410995051265, 5319085.908350598067045 ], [ -8476821.864085530862212, 5319085.908350598067045 ], [ -8476821.864085530862212, 5319086.057650429196656 ], [ -8476821.826760068535805, 5319086.057650429196656 ], [ -8476821.826760068535805, 5319086.132300345227122 ], [ -8476821.789434604346752, 5319086.132300345227122 ], [ -8476821.789434604346752, 5319086.169625303708017 ], [ -8476821.714783677831292, 5319086.169625303708017 ], [ -8476821.714783677831292, 5319086.206950261257589 ], [ -8476821.640132751315832, 5319086.206950261257589 ], [ -8476821.640132751315832, 5319086.244275219738483 ], [ -8476821.60280728712678, 5319086.244275219738483 ], [ -8476821.60280728712678, 5319086.281600177288055 ], [ -8476821.565481824800372, 5319086.281600177288055 ], [ -8476821.565481824800372, 5319086.31892513576895 ], [ -8476821.52815636061132, 5319086.31892513576895 ], [ -8476821.52815636061132, 5319086.356250093318522 ], [ -8476821.490830898284912, 5319086.356250093318522 ], [ -8476821.490830898284912, 5319086.393575051799417 ], [ -8476821.416179971769452, 5319086.393575051799417 ], [ -8476821.416179971769452, 5319086.430900009348989 ], [ -8476821.3788545075804, 5319086.430900009348989 ], [ -8476821.3788545075804, 5319086.468224967829883 ], [ -8476821.341529043391347, 5319086.468224967829883 ], [ -8476821.341529043391347, 5319086.505549925379455 ], [ -8476821.304203581064939, 5319086.505549925379455 ], [ -8476821.304203581064939, 5319086.54287488386035 ], [ -8476821.266878116875887, 5319086.54287488386035 ], [ -8476821.266878116875887, 5319086.580199841409922 ], [ -8476821.229552654549479, 5319086.580199841409922 ], [ -8476821.229552654549479, 5319086.804149589501321 ], [ -8476821.192227190360427, 5319086.804149589501321 ], [ -8476821.192227190360427, 5319086.953449421562254 ], [ -8476821.229552654549479, 5319086.953449421562254 ], [ -8476821.229552654549479, 5319087.028099337592721 ], [ -8476821.266878116875887, 5319087.028099337592721 ], [ -8476821.266878116875887, 5319087.102749253623188 ], [ -8476821.304203581064939, 5319087.102749253623188 ], [ -8476821.304203581064939, 5319087.177399169653654 ], [ -8476821.341529043391347, 5319087.177399169653654 ], [ -8476821.341529043391347, 5319087.252049085684121 ], [ -8476821.3788545075804, 5319087.252049085684121 ], [ -8476821.3788545075804, 5319087.662623623386025 ], [ -8476821.416179971769452, 5319087.662623623386025 ], [ -8476821.416179971769452, 5319087.699948580935597 ], [ -8476821.45350543409586, 5319087.699948580935597 ], [ -8476821.45350543409586, 5319087.737273539416492 ], [ -8476821.490830898284912, 5319087.737273539416492 ], [ -8476821.490830898284912, 5319087.774598496966064 ], [ -8476821.52815636061132, 5319087.774598496966064 ], [ -8476821.52815636061132, 5319087.811923455446959 ], [ -8476821.565481824800372, 5319087.811923455446959 ], [ -8476821.565481824800372, 5319087.886573371477425 ], [ -8476821.60280728712678, 5319087.886573371477425 ], [ -8476821.60280728712678, 5319087.961223287507892 ], [ -8476821.640132751315832, 5319087.961223287507892 ], [ -8476821.640132751315832, 5319087.998548245057464 ], [ -8476821.714783677831292, 5319087.998548245057464 ], [ -8476821.714783677831292, 5319088.035873203538358 ], [ -8476821.826760068535805, 5319088.035873203538358 ], [ -8476821.826760068535805, 5319088.07319816108793 ], [ -8476821.938736459240317, 5319088.07319816108793 ], [ -8476821.938736459240317, 5319088.110523119568825 ], [ -8476822.050712848082185, 5319088.110523119568825 ], [ -8476822.050712848082185, 5319088.147848077118397 ], [ -8476822.125363774597645, 5319088.147848077118397 ], [ -8476822.125363774597645, 5319088.185173035599291 ], [ -8476822.162689238786697, 5319088.185173035599291 ], [ -8476822.162689238786697, 5319088.222497993148863 ], [ -8476822.237340165302157, 5319088.222497993148863 ], [ -8476822.237340165302157, 5319088.259822951629758 ], [ -8476822.27466562949121, 5319088.259822951629758 ], [ -8476822.27466562949121, 5319088.29714790917933 ], [ -8476822.311991091817617, 5319088.29714790917933 ], [ -8476822.311991091817617, 5319088.334472866728902 ], [ -8476822.386642018333077, 5319088.334472866728902 ], [ -8476822.386642018333077, 5319088.371797825209796 ], [ -8476822.49861840903759, 5319088.371797825209796 ], [ -8476822.49861840903759, 5319088.409122782759368 ], [ -8476822.685245726257563, 5319088.409122782759368 ], [ -8476822.685245726257563, 5319088.446447741240263 ], [ -8476823.058500360697508, 5319088.446447741240263 ], [ -8476823.058500360697508, 5319088.483772698789835 ], [ -8476823.133151287212968, 5319088.483772698789835 ], [ -8476823.133151287212968, 5319088.52109765727073 ], [ -8476823.17047675140202, 5319088.52109765727073 ], [ -8476823.17047675140202, 5319088.558422614820302 ], [ -8476823.207802213728428, 5319088.558422614820302 ], [ -8476823.207802213728428, 5319088.595747573301196 ], [ -8476823.24512767791748, 5319088.595747573301196 ], [ -8476823.24512767791748, 5319088.633072530850768 ], [ -8476823.282453140243888, 5319088.633072530850768 ], [ -8476823.282453140243888, 5319088.707722446881235 ], [ -8476823.31977860443294, 5319088.707722446881235 ], [ -8476823.31977860443294, 5319088.745047405362129 ], [ -8476823.3944295309484, 5319088.745047405362129 ], [ -8476823.3944295309484, 5319088.782372362911701 ], [ -8476823.431754995137453, 5319088.782372362911701 ], [ -8476823.431754995137453, 5319088.819697321392596 ], [ -8476823.506405921652913, 5319088.819697321392596 ], [ -8476823.506405921652913, 5319088.857022278942168 ], [ -8476823.618382310494781, 5319088.857022278942168 ], [ -8476823.618382310494781, 5319088.894347237423062 ], [ -8476823.805009627714753, 5319088.894347237423062 ], [ -8476823.805009627714753, 5319088.931672194972634 ], [ -8476823.879660554230213, 5319088.931672194972634 ], [ -8476823.879660554230213, 5319088.968997153453529 ], [ -8476823.916986018419266, 5319088.968997153453529 ], [ -8476823.916986018419266, 5319089.006322111003101 ], [ -8476823.954311482608318, 5319089.006322111003101 ], [ -8476823.954311482608318, 5319089.043647068552673 ], [ -8476823.991636944934726, 5319089.043647068552673 ], [ -8476823.991636944934726, 5319089.080972027033567 ], [ -8476824.140938797965646, 5319089.080972027033567 ], [ -8476824.140938797965646, 5319089.118296984583139 ], [ -8476824.290240652859211, 5319089.118296984583139 ], [ -8476824.290240652859211, 5319089.155621943064034 ], [ -8476824.402217043563724, 5319089.155621943064034 ], [ -8476824.402217043563724, 5319089.192946900613606 ], [ -8476824.514193432405591, 5319089.192946900613606 ], [ -8476824.514193432405591, 5319089.230271859094501 ], [ -8476824.551518896594644, 5319089.230271859094501 ], [ -8476824.551518896594644, 5319089.267596816644073 ], [ -8476824.626169823110104, 5319089.267596816644073 ], [ -8476824.626169823110104, 5319089.304921775124967 ], [ -8476824.700820749625564, 5319089.304921775124967 ], [ -8476824.700820749625564, 5319089.342246732674539 ], [ -8476824.738146213814616, 5319089.342246732674539 ], [ -8476824.738146213814616, 5319089.379571691155434 ], [ -8476824.812797140330076, 5319089.379571691155434 ], [ -8476824.812797140330076, 5319089.416896648705006 ], [ -8476824.850122602656484, 5319089.416896648705006 ], [ -8476824.850122602656484, 5319089.4542216071859 ], [ -8476824.887448066845536, 5319089.4542216071859 ], [ -8476824.887448066845536, 5319089.528871523216367 ], [ -8476824.924773531034589, 5319089.528871523216367 ], [ -8476824.924773531034589, 5319089.566196480765939 ], [ -8476824.962098993360996, 5319089.566196480765939 ], [ -8476824.962098993360996, 5319089.640846396796405 ], [ -8476824.999424457550049, 5319089.640846396796405 ], [ -8476824.999424457550049, 5319089.6781713552773 ], [ -8476825.036749919876456, 5319089.6781713552773 ], [ -8476825.036749919876456, 5319089.715496312826872 ], [ -8476825.074075384065509, 5319089.715496312826872 ], [ -8476825.074075384065509, 5319089.752821271307766 ], [ -8476825.111400846391916, 5319089.752821271307766 ], [ -8476825.111400846391916, 5319089.790146228857338 ], [ -8476825.186051774770021, 5319089.790146228857338 ], [ -8476825.186051774770021, 5319089.82747118640691 ], [ -8476825.298028163611889, 5319089.82747118640691 ], [ -8476825.298028163611889, 5319089.864796144887805 ], [ -8476825.372679090127349, 5319089.864796144887805 ], [ -8476825.372679090127349, 5319089.902121102437377 ], [ -8476825.447330018505454, 5319089.902121102437377 ], [ -8476825.447330018505454, 5319089.939446060918272 ], [ -8476825.521980945020914, 5319089.939446060918272 ], [ -8476825.521980945020914, 5319089.976771018467844 ], [ -8476825.596631871536374, 5319089.976771018467844 ], [ -8476825.596631871536374, 5319090.014095976948738 ], [ -8476825.633957333862782, 5319090.014095976948738 ], [ -8476825.633957333862782, 5319090.05142093449831 ], [ -8476825.708608262240887, 5319090.05142093449831 ], [ -8476825.708608262240887, 5319090.088745892979205 ], [ -8476825.783259188756347, 5319090.088745892979205 ], [ -8476825.783259188756347, 5319090.126070850528777 ], [ -8476825.857910115271807, 5319090.126070850528777 ], [ -8476825.857910115271807, 5319090.200720766559243 ], [ -8476825.895235577598214, 5319090.200720766559243 ], [ -8476825.895235577598214, 5319090.238045725040138 ], [ -8476825.932561041787267, 5319090.238045725040138 ], [ -8476825.932561041787267, 5319090.312695641070604 ], [ -8476825.969886505976319, 5319090.312695641070604 ], [ -8476825.969886505976319, 5319090.387345557101071 ], [ -8476826.007211968302727, 5319090.387345557101071 ], [ -8476826.007211968302727, 5319090.424670514650643 ], [ -8476826.044537432491779, 5319090.424670514650643 ], [ -8476826.044537432491779, 5319090.461995473131537 ], [ -8476826.081862894818187, 5319090.461995473131537 ], [ -8476826.081862894818187, 5319090.499320430681109 ], [ -8476826.156513823196292, 5319090.499320430681109 ], [ -8476826.156513823196292, 5319090.536645388230681 ], [ -8476826.231164749711752, 5319090.536645388230681 ], [ -8476826.231164749711752, 5319090.573970346711576 ], [ -8476826.343141138553619, 5319090.573970346711576 ], [ -8476826.343141138553619, 5319090.611295304261148 ], [ -8476826.417792066931725, 5319090.611295304261148 ], [ -8476826.417792066931725, 5319090.648620262742043 ], [ -8476826.455117529258132, 5319090.648620262742043 ], [ -8476826.455117529258132, 5319090.685945220291615 ], [ -8476826.529768455773592, 5319090.685945220291615 ], [ -8476826.529768455773592, 5319090.723270178772509 ], [ -8476826.604419382289052, 5319090.723270178772509 ], [ -8476826.604419382289052, 5319090.760595136322081 ], [ -8476826.641744846478105, 5319090.760595136322081 ], [ -8476826.641744846478105, 5319090.797920094802976 ], [ -8476826.679070310667157, 5319090.797920094802976 ], [ -8476826.679070310667157, 5319090.835245052352548 ], [ -8476826.753721237182617, 5319090.835245052352548 ], [ -8476826.753721237182617, 5319090.872570010833442 ], [ -8476826.791046699509025, 5319090.872570010833442 ], [ -8476826.791046699509025, 5319090.947219926863909 ], [ -8476826.828372163698077, 5319090.947219926863909 ], [ -8476826.828372163698077, 5319091.021869842894375 ], [ -8476826.865697626024485, 5319091.021869842894375 ], [ -8476826.865697626024485, 5319091.096519758924842 ], [ -8476826.903023090213537, 5319091.096519758924842 ], [ -8476826.903023090213537, 5319091.133844716474414 ], [ -8476826.94034855440259, 5319091.133844716474414 ], [ -8476826.94034855440259, 5319091.171169674955308 ], [ -8476826.977674016728997, 5319091.171169674955308 ], [ -8476826.977674016728997, 5319091.20849463250488 ], [ -8476827.01499948091805, 5319091.20849463250488 ], [ -8476827.01499948091805, 5319091.245819590985775 ], [ -8476827.052324943244457, 5319091.245819590985775 ], [ -8476827.052324943244457, 5319091.283144548535347 ], [ -8476827.08965040743351, 5319091.283144548535347 ], [ -8476827.08965040743351, 5319091.357794464565814 ], [ -8476827.126975869759917, 5319091.357794464565814 ], [ -8476827.126975869759917, 5319091.395119422115386 ], [ -8476827.16430133394897, 5319091.395119422115386 ], [ -8476827.16430133394897, 5319091.469769338145852 ], [ -8476827.201626798138022, 5319091.469769338145852 ], [ -8476827.201626798138022, 5319091.544419254176319 ], [ -8476827.23895226046443, 5319091.544419254176319 ], [ -8476827.23895226046443, 5319091.619069170206785 ], [ -8476827.276277724653482, 5319091.619069170206785 ], [ -8476827.276277724653482, 5319091.65639412868768 ], [ -8476827.31360318697989, 5319091.65639412868768 ], [ -8476827.31360318697989, 5319091.693719086237252 ], [ -8476827.350928651168942, 5319091.693719086237252 ], [ -8476827.350928651168942, 5319091.731044044718146 ], [ -8476827.425579577684402, 5319091.731044044718146 ], [ -8476827.425579577684402, 5319091.768369002267718 ], [ -8476827.462905041873455, 5319091.768369002267718 ], [ -8476827.462905041873455, 5319091.805693960748613 ], [ -8476827.500230504199862, 5319091.805693960748613 ], [ -8476827.500230504199862, 5319091.880343876779079 ], [ -8476827.537555968388915, 5319091.880343876779079 ], [ -8476827.537555968388915, 5319091.917668834328651 ], [ -8476827.574881430715322, 5319091.917668834328651 ], [ -8476827.574881430715322, 5319091.954993792809546 ], [ -8476827.612206894904375, 5319091.954993792809546 ], [ -8476827.612206894904375, 5319091.992318750359118 ], [ -8476827.686857821419835, 5319091.992318750359118 ], [ -8476827.686857821419835, 5319092.02964370790869 ], [ -8476827.724183285608888, 5319092.02964370790869 ], [ -8476827.724183285608888, 5319092.066968666389585 ], [ -8476827.761508747935295, 5319092.066968666389585 ], [ -8476827.761508747935295, 5319092.104293623939157 ], [ -8476827.836159674450755, 5319092.104293623939157 ], [ -8476827.836159674450755, 5319092.141618582420051 ], [ -8476827.948136065155268, 5319092.141618582420051 ], [ -8476827.948136065155268, 5319092.178943539969623 ], [ -8476828.022786991670728, 5319092.178943539969623 ], [ -8476828.022786991670728, 5319092.216268498450518 ], [ -8476828.06011245585978, 5319092.216268498450518 ], [ -8476828.06011245585978, 5319092.25359345600009 ], [ -8476828.097437918186188, 5319092.25359345600009 ], [ -8476828.097437918186188, 5319092.290918414480984 ], [ -8476828.13476338237524, 5319092.290918414480984 ], [ -8476828.13476338237524, 5319092.328243372030556 ], [ -8476828.172088846564293, 5319092.328243372030556 ], [ -8476828.172088846564293, 5319092.402893288061023 ], [ -8476828.2094143088907, 5319092.402893288061023 ], [ -8476828.2094143088907, 5319092.440218246541917 ], [ -8476828.246739773079753, 5319092.440218246541917 ], [ -8476828.246739773079753, 5319092.514868162572384 ], [ -8476828.28406523540616, 5319092.514868162572384 ], [ -8476828.28406523540616, 5319092.58951807860285 ], [ -8476828.321390699595213, 5319092.58951807860285 ], [ -8476828.321390699595213, 5319092.664167994633317 ], [ -8476828.35871616192162, 5319092.664167994633317 ], [ -8476828.35871616192162, 5319092.701492952182889 ], [ -8476828.396041626110673, 5319092.701492952182889 ], [ -8476828.396041626110673, 5319092.738817909732461 ], [ -8476828.433367090299726, 5319092.738817909732461 ], [ -8476828.433367090299726, 5319092.776142868213356 ], [ -8476828.470692552626133, 5319092.776142868213356 ], [ -8476828.470692552626133, 5319092.813467825762928 ], [ -8476828.508018016815186, 5319092.813467825762928 ], [ -8476828.508018016815186, 5319092.888117741793394 ], [ -8476828.545343479141593, 5319092.888117741793394 ], [ -8476828.545343479141593, 5319092.962767657823861 ], [ -8476828.582668943330646, 5319092.962767657823861 ], [ -8476828.582668943330646, 5319093.112067489884794 ], [ -8476828.619994405657053, 5319093.112067489884794 ], [ -8476828.619994405657053, 5319093.298692280426621 ], [ -8476828.657319869846106, 5319093.298692280426621 ], [ -8476828.657319869846106, 5319093.41066715400666 ], [ -8476828.694645334035158, 5319093.41066715400666 ], [ -8476828.694645334035158, 5319093.485317070037127 ], [ -8476828.731970796361566, 5319093.485317070037127 ], [ -8476828.731970796361566, 5319093.522642027586699 ], [ -8476828.843947187066078, 5319093.522642027586699 ], [ -8476828.843947187066078, 5319093.559966986067593 ], [ -8476828.955923577770591, 5319093.559966986067593 ], [ -8476828.955923577770591, 5319093.597291943617165 ], [ -8476829.067899966612458, 5319093.597291943617165 ], [ -8476829.067899966612458, 5319093.63461690209806 ], [ -8476829.179876357316971, 5319093.63461690209806 ], [ -8476829.179876357316971, 5319093.671941859647632 ], [ -8476829.217201821506023, 5319093.671941859647632 ], [ -8476829.217201821506023, 5319093.709266818128526 ], [ -8476829.254527283832431, 5319093.709266818128526 ], [ -8476829.254527283832431, 5319093.746591775678098 ], [ -8476829.291852748021483, 5319093.746591775678098 ], [ -8476829.291852748021483, 5319093.821241691708565 ], [ -8476829.329178210347891, 5319093.821241691708565 ], [ -8476829.329178210347891, 5319093.970541523769498 ], [ -8476829.366503674536943, 5319093.970541523769498 ], [ -8476829.366503674536943, 5319094.119841355830431 ], [ -8476829.403829136863351, 5319094.119841355830431 ], [ -8476829.403829136863351, 5319094.157166314311326 ], [ -8476829.441154601052403, 5319094.157166314311326 ], [ -8476829.441154601052403, 5319094.23181622941047 ], [ -8476829.478480065241456, 5319094.23181622941047 ], [ -8476829.478480065241456, 5319094.269141187891364 ], [ -8476829.515805527567863, 5319094.269141187891364 ], [ -8476829.515805527567863, 5319094.306466145440936 ], [ -8476829.553130991756916, 5319094.306466145440936 ], [ -8476829.553130991756916, 5319094.343791103921831 ], [ -8476829.590456454083323, 5319094.343791103921831 ], [ -8476829.590456454083323, 5319094.381116061471403 ], [ -8476829.627781918272376, 5319094.381116061471403 ], [ -8476829.627781918272376, 5319094.418441019952297 ], [ -8476829.665107380598783, 5319094.418441019952297 ], [ -8476829.665107380598783, 5319094.455765977501869 ], [ -8476829.702432844787836, 5319094.455765977501869 ], [ -8476829.702432844787836, 5319094.493090935982764 ], [ -8476829.739758308976889, 5319094.493090935982764 ], [ -8476829.739758308976889, 5319094.679715725593269 ], [ -8476829.777083771303296, 5319094.679715725593269 ], [ -8476829.777083771303296, 5319094.79169060010463 ], [ -8476829.814409235492349, 5319094.79169060010463 ], [ -8476829.814409235492349, 5319094.829015557654202 ], [ -8476829.851734697818756, 5319094.829015557654202 ], [ -8476829.851734697818756, 5319094.866340516135097 ], [ -8476829.889060162007809, 5319094.866340516135097 ], [ -8476829.889060162007809, 5319094.903665473684669 ], [ -8476829.963711088523269, 5319094.903665473684669 ], [ -8476829.963711088523269, 5319094.940990432165563 ], [ -8476830.001036552712321, 5319094.940990432165563 ], [ -8476830.001036552712321, 5319094.978315389715135 ], [ -8476830.038362015038729, 5319094.978315389715135 ], [ -8476830.038362015038729, 5319095.015640347264707 ], [ -8476830.075687479227781, 5319095.015640347264707 ], [ -8476830.075687479227781, 5319095.052965305745602 ], [ -8476830.113012941554189, 5319095.052965305745602 ], [ -8476830.113012941554189, 5319095.090290263295174 ], [ -8476830.150338405743241, 5319095.090290263295174 ], [ -8476830.150338405743241, 5319095.127615221776068 ], [ -8476830.187663869932294, 5319095.127615221776068 ], [ -8476830.187663869932294, 5319095.202265137806535 ], [ -8476830.224989332258701, 5319095.202265137806535 ], [ -8476830.224989332258701, 5319095.426214885897934 ], [ -8476830.262314796447754, 5319095.426214885897934 ], [ -8476830.262314796447754, 5319095.575514717958868 ], [ -8476830.299640258774161, 5319095.575514717958868 ], [ -8476830.299640258774161, 5319095.650164633989334 ], [ -8476830.336965722963214, 5319095.650164633989334 ], [ -8476830.336965722963214, 5319095.724814549088478 ], [ -8476830.374291185289621, 5319095.724814549088478 ], [ -8476830.374291185289621, 5319095.836789423599839 ], [ -8476830.411616649478674, 5319095.836789423599839 ], [ -8476830.411616649478674, 5319095.911439339630306 ], [ -8476830.448942113667727, 5319095.911439339630306 ], [ -8476830.448942113667727, 5319096.023414213210344 ], [ -8476830.486267575994134, 5319096.023414213210344 ], [ -8476830.486267575994134, 5319096.135389087721705 ], [ -8476830.523593040183187, 5319096.135389087721705 ], [ -8476830.523593040183187, 5319096.247363961301744 ], [ -8476830.560918502509594, 5319096.247363961301744 ], [ -8476830.560918502509594, 5319096.322013877332211 ], [ -8476830.598243966698647, 5319096.322013877332211 ], [ -8476830.598243966698647, 5319096.433988751843572 ], [ -8476830.635569429025054, 5319096.433988751843572 ], [ -8476830.635569429025054, 5319096.471313709393144 ], [ -8476830.672894893214107, 5319096.471313709393144 ], [ -8476830.672894893214107, 5319096.508638666942716 ], [ -8476830.747545819729567, 5319096.508638666942716 ], [ -8476830.747545819729567, 5319096.54596362542361 ], [ -8476830.784871283918619, 5319096.54596362542361 ], [ -8476830.784871283918619, 5319096.583288582973182 ], [ -8476830.859522210434079, 5319096.583288582973182 ], [ -8476830.859522210434079, 5319096.620613541454077 ], [ -8476830.896847672760487, 5319096.620613541454077 ], [ -8476830.896847672760487, 5319096.657938499003649 ], [ -8476830.934173136949539, 5319096.657938499003649 ], [ -8476830.934173136949539, 5319096.695263457484543 ], [ -8476830.971498601138592, 5319096.695263457484543 ], [ -8476830.971498601138592, 5319096.732588415034115 ], [ -8476831.008824063464999, 5319096.732588415034115 ], [ -8476831.008824063464999, 5319096.76991337351501 ], [ -8476831.046149527654052, 5319096.76991337351501 ], [ -8476831.046149527654052, 5319096.807238331064582 ], [ -8476831.083474989980459, 5319096.807238331064582 ], [ -8476831.083474989980459, 5319096.844563289545476 ], [ -8476831.120800454169512, 5319096.844563289545476 ], [ -8476831.120800454169512, 5319096.956538163125515 ], [ -8476831.158125916495919, 5319096.956538163125515 ], [ -8476831.158125916495919, 5319097.143162953667343 ], [ -8476831.195451380684972, 5319097.143162953667343 ], [ -8476831.195451380684972, 5319097.255137827247381 ], [ -8476831.232776844874024, 5319097.255137827247381 ], [ -8476831.232776844874024, 5319097.404437659308314 ], [ -8476831.270102307200432, 5319097.404437659308314 ], [ -8476831.270102307200432, 5319097.703037323430181 ], [ -8476831.307427771389484, 5319097.703037323430181 ], [ -8476831.307427771389484, 5319097.852337155491114 ], [ -8476831.344753233715892, 5319097.852337155491114 ], [ -8476831.344753233715892, 5319098.038961945101619 ], [ -8476831.382078697904944, 5319098.038961945101619 ], [ -8476831.382078697904944, 5319098.150936818681657 ], [ -8476831.344753233715892, 5319098.150936818681657 ], [ -8476831.344753233715892, 5319098.486861441284418 ], [ -8476831.382078697904944, 5319098.486861441284418 ], [ -8476831.382078697904944, 5319098.561511357314885 ], [ -8476831.419404160231352, 5319098.561511357314885 ], [ -8476831.419404160231352, 5319098.673486230894923 ], [ -8476831.456729624420404, 5319098.673486230894923 ], [ -8476831.456729624420404, 5319098.74813614692539 ], [ -8476831.494055088609457, 5319098.74813614692539 ], [ -8476831.494055088609457, 5319099.121385727077723 ], [ -8476831.531380550935864, 5319099.121385727077723 ], [ -8476831.531380550935864, 5319099.345335475169122 ], [ -8476831.568706015124917, 5319099.345335475169122 ], [ -8476831.568706015124917, 5319099.531960264779627 ], [ -8476831.606031477451324, 5319099.531960264779627 ], [ -8476831.606031477451324, 5319099.606610180810094 ], [ -8476831.643356941640377, 5319099.606610180810094 ], [ -8476831.643356941640377, 5319099.718585054390132 ], [ -8476831.68068240582943, 5319099.718585054390132 ], [ -8476831.68068240582943, 5319099.793234970420599 ], [ -8476831.718007868155837, 5319099.793234970420599 ], [ -8476831.718007868155837, 5319100.017184718511999 ], [ -8476831.75533333234489, 5319100.017184718511999 ], [ -8476831.75533333234489, 5319100.315784382633865 ], [ -8476831.792658794671297, 5319100.315784382633865 ], [ -8476831.792658794671297, 5319100.465084214694798 ], [ -8476831.82998425886035, 5319100.465084214694798 ], [ -8476831.82998425886035, 5319100.577059088274837 ], [ -8476831.867309721186757, 5319100.577059088274837 ], [ -8476831.867309721186757, 5319100.763683878816664 ], [ -8476831.90463518537581, 5319100.763683878816664 ], [ -8476831.90463518537581, 5319100.875658752396703 ], [ -8476831.941960649564862, 5319100.875658752396703 ], [ -8476831.941960649564862, 5319101.472858080640435 ], [ -8476831.97928611189127, 5319101.472858080640435 ], [ -8476831.97928611189127, 5319101.771457743830979 ], [ -8476832.016611576080322, 5319101.771457743830979 ], [ -8476832.016611576080322, 5319102.10738236643374 ], [ -8476832.05393703840673, 5319102.10738236643374 ], [ -8476832.05393703840673, 5319102.144707323983312 ], [ -8476832.091262502595782, 5319102.144707323983312 ], [ -8476832.091262502595782, 5319102.219357240013778 ], [ -8476832.12858796492219, 5319102.219357240013778 ], [ -8476832.12858796492219, 5319102.294007156044245 ], [ -8476832.165913429111242, 5319102.294007156044245 ], [ -8476832.165913429111242, 5319102.368657072074711 ], [ -8476832.203238893300295, 5319102.368657072074711 ], [ -8476832.203238893300295, 5319102.443306988105178 ], [ -8476832.165913429111242, 5319102.443306988105178 ], [ -8476832.165913429111242, 5319102.70458169374615 ], [ -8476832.12858796492219, 5319102.70458169374615 ], [ -8476832.12858796492219, 5319102.816556568257511 ], [ -8476832.165913429111242, 5319102.816556568257511 ], [ -8476832.165913429111242, 5319103.339105979539454 ], [ -8476832.12858796492219, 5319103.339105979539454 ], [ -8476832.12858796492219, 5319103.563055727630854 ], [ -8476832.165913429111242, 5319103.563055727630854 ], [ -8476832.165913429111242, 5319103.749680518172681 ], [ -8476832.203238893300295, 5319103.749680518172681 ], [ -8476832.203238893300295, 5319103.936305307783186 ], [ -8476832.165913429111242, 5319103.936305307783186 ], [ -8476832.165913429111242, 5319104.160255055874586 ], [ -8476832.12858796492219, 5319104.160255055874586 ], [ -8476832.12858796492219, 5319104.496179677546024 ], [ -8476832.165913429111242, 5319104.496179677546024 ], [ -8476832.165913429111242, 5319104.570829593576491 ], [ -8476832.12858796492219, 5319104.570829593576491 ], [ -8476832.12858796492219, 5319104.720129425637424 ], [ -8476832.091262502595782, 5319104.720129425637424 ], [ -8476832.091262502595782, 5319104.869429257698357 ], [ -8476832.05393703840673, 5319104.869429257698357 ], [ -8476832.05393703840673, 5319105.317328753881156 ], [ -8476832.016611576080322, 5319105.317328753881156 ], [ -8476832.016611576080322, 5319105.578603459522128 ], [ -8476831.97928611189127, 5319105.578603459522128 ], [ -8476831.97928611189127, 5319105.914528081193566 ], [ -8476831.941960649564862, 5319105.914528081193566 ], [ -8476831.941960649564862, 5319106.399752534925938 ], [ -8476831.90463518537581, 5319106.399752534925938 ], [ -8476831.90463518537581, 5319106.511727409437299 ], [ -8476831.867309721186757, 5319106.511727409437299 ], [ -8476831.867309721186757, 5319106.586377325467765 ], [ -8476831.82998425886035, 5319106.586377325467765 ], [ -8476831.82998425886035, 5319106.661027241498232 ], [ -8476831.792658794671297, 5319106.661027241498232 ], [ -8476831.792658794671297, 5319106.698352199047804 ], [ -8476831.75533333234489, 5319106.698352199047804 ], [ -8476831.75533333234489, 5319106.77300211507827 ], [ -8476831.792658794671297, 5319106.77300211507827 ], [ -8476831.792658794671297, 5319106.99695186316967 ], [ -8476831.82998425886035, 5319106.99695186316967 ], [ -8476831.82998425886035, 5319107.071601779200137 ], [ -8476831.792658794671297, 5319107.071601779200137 ], [ -8476831.792658794671297, 5319107.146251695230603 ], [ -8476831.75533333234489, 5319107.146251695230603 ], [ -8476831.75533333234489, 5319107.183576652780175 ], [ -8476831.718007868155837, 5319107.183576652780175 ], [ -8476831.718007868155837, 5319107.258226568810642 ], [ -8476831.68068240582943, 5319107.258226568810642 ], [ -8476831.68068240582943, 5319107.332876484841108 ], [ -8476831.643356941640377, 5319107.332876484841108 ], [ -8476831.643356941640377, 5319107.407526400871575 ], [ -8476831.606031477451324, 5319107.407526400871575 ], [ -8476831.606031477451324, 5319107.81810093857348 ], [ -8476831.568706015124917, 5319107.81810093857348 ], [ -8476831.568706015124917, 5319107.892750854603946 ], [ -8476831.531380550935864, 5319107.892750854603946 ], [ -8476831.531380550935864, 5319107.930075813084841 ], [ -8476831.494055088609457, 5319107.930075813084841 ], [ -8476831.494055088609457, 5319107.967400770634413 ], [ -8476831.456729624420404, 5319107.967400770634413 ], [ -8476831.456729624420404, 5319108.004725729115307 ], [ -8476831.419404160231352, 5319108.004725729115307 ], [ -8476831.419404160231352, 5319108.079375645145774 ], [ -8476831.382078697904944, 5319108.079375645145774 ], [ -8476831.382078697904944, 5319108.116700602695346 ], [ -8476831.344753233715892, 5319108.116700602695346 ], [ -8476831.344753233715892, 5319108.266000434756279 ], [ -8476831.307427771389484, 5319108.266000434756279 ], [ -8476831.307427771389484, 5319108.639250014908612 ], [ -8476831.344753233715892, 5319108.639250014908612 ], [ -8476831.344753233715892, 5319109.049824552610517 ], [ -8476831.307427771389484, 5319109.049824552610517 ], [ -8476831.307427771389484, 5319109.236449342221022 ], [ -8476831.270102307200432, 5319109.236449342221022 ], [ -8476831.270102307200432, 5319109.311099258251488 ], [ -8476831.232776844874024, 5319109.311099258251488 ], [ -8476831.232776844874024, 5319109.348424216732383 ], [ -8476831.195451380684972, 5319109.348424216732383 ], [ -8476831.195451380684972, 5319109.385749174281955 ], [ -8476831.120800454169512, 5319109.385749174281955 ], [ -8476831.120800454169512, 5319109.423074132762849 ], [ -8476831.008824063464999, 5319109.423074132762849 ], [ -8476831.008824063464999, 5319109.460399090312421 ], [ -8476830.896847672760487, 5319109.460399090312421 ], [ -8476830.896847672760487, 5319109.497724048793316 ], [ -8476830.822196746245027, 5319109.497724048793316 ], [ -8476830.822196746245027, 5319109.535049006342888 ], [ -8476830.747545819729567, 5319109.535049006342888 ], [ -8476830.747545819729567, 5319109.572373964823782 ], [ -8476830.710220357403159, 5319109.572373964823782 ], [ -8476830.710220357403159, 5319109.684348838403821 ], [ -8476830.672894893214107, 5319109.684348838403821 ], [ -8476830.672894893214107, 5319110.206898250617087 ], [ -8476830.635569429025054, 5319110.206898250617087 ], [ -8476830.635569429025054, 5319110.35619808267802 ], [ -8476830.598243966698647, 5319110.35619808267802 ], [ -8476830.598243966698647, 5319110.430847998708487 ], [ -8476830.560918502509594, 5319110.430847998708487 ], [ -8476830.560918502509594, 5319110.468172956258059 ], [ -8476830.523593040183187, 5319110.468172956258059 ], [ -8476830.523593040183187, 5319110.542822872288525 ], [ -8476830.486267575994134, 5319110.542822872288525 ], [ -8476830.486267575994134, 5319110.617472788318992 ], [ -8476830.448942113667727, 5319110.617472788318992 ], [ -8476830.448942113667727, 5319110.654797745868564 ], [ -8476830.411616649478674, 5319110.654797745868564 ], [ -8476830.411616649478674, 5319110.766772620379925 ], [ -8476830.374291185289621, 5319110.766772620379925 ], [ -8476830.374291185289621, 5319110.95339740999043 ], [ -8476830.336965722963214, 5319110.95339740999043 ], [ -8476830.336965722963214, 5319111.140022200532258 ], [ -8476830.299640258774161, 5319111.140022200532258 ], [ -8476830.299640258774161, 5319111.289322032593191 ], [ -8476830.262314796447754, 5319111.289322032593191 ], [ -8476830.262314796447754, 5319111.475946822203696 ], [ -8476830.224989332258701, 5319111.475946822203696 ], [ -8476830.224989332258701, 5319111.550596738234162 ], [ -8476830.187663869932294, 5319111.550596738234162 ], [ -8476830.187663869932294, 5319111.662571611814201 ], [ -8476830.113012941554189, 5319111.662571611814201 ], [ -8476830.113012941554189, 5319111.699896570295095 ], [ -8476830.075687479227781, 5319111.699896570295095 ], [ -8476830.075687479227781, 5319111.737221527844667 ], [ -8476830.001036552712321, 5319111.737221527844667 ], [ -8476830.001036552712321, 5319111.886521359905601 ], [ -8476829.963711088523269, 5319111.886521359905601 ], [ -8476829.963711088523269, 5319111.998496234416962 ], [ -8476829.926385626196861, 5319111.998496234416962 ], [ -8476829.926385626196861, 5319112.110471107997 ], [ -8476829.889060162007809, 5319112.110471107997 ], [ -8476829.889060162007809, 5319112.147796065546572 ], [ -8476829.814409235492349, 5319112.147796065546572 ], [ -8476829.814409235492349, 5319112.185121024027467 ], [ -8476829.702432844787836, 5319112.185121024027467 ], [ -8476829.702432844787836, 5319112.222445981577039 ], [ -8476829.665107380598783, 5319112.222445981577039 ], [ -8476829.665107380598783, 5319112.259770940057933 ], [ -8476829.590456454083323, 5319112.259770940057933 ], [ -8476829.590456454083323, 5319112.297095897607505 ], [ -8476829.553130991756916, 5319112.297095897607505 ], [ -8476829.553130991756916, 5319112.3344208560884 ], [ -8476829.478480065241456, 5319112.3344208560884 ], [ -8476829.478480065241456, 5319112.371745813637972 ], [ -8476829.366503674536943, 5319112.371745813637972 ], [ -8476829.366503674536943, 5319112.409070772118866 ], [ -8476829.291852748021483, 5319112.409070772118866 ], [ -8476829.291852748021483, 5319112.446395729668438 ], [ -8476829.179876357316971, 5319112.446395729668438 ], [ -8476829.179876357316971, 5319112.483720688149333 ], [ -8476829.142550893127918, 5319112.483720688149333 ], [ -8476829.142550893127918, 5319112.521045645698905 ], [ -8476829.105225430801511, 5319112.521045645698905 ], [ -8476829.105225430801511, 5319112.5583706041798 ], [ -8476829.067899966612458, 5319112.5583706041798 ], [ -8476829.067899966612458, 5319112.633020520210266 ], [ -8476829.030574504286051, 5319112.633020520210266 ], [ -8476829.030574504286051, 5319112.670345477759838 ], [ -8476828.993249040096998, 5319112.670345477759838 ], [ -8476828.993249040096998, 5319112.744995393790305 ], [ -8476828.955923577770591, 5319112.744995393790305 ], [ -8476828.955923577770591, 5319112.782320352271199 ], [ -8476828.918598113581538, 5319112.782320352271199 ], [ -8476828.918598113581538, 5319113.080920015461743 ], [ -8476828.955923577770591, 5319113.080920015461743 ], [ -8476828.955923577770591, 5319113.230219847522676 ], [ -8476828.881272649392486, 5319113.230219847522676 ], [ -8476828.881272649392486, 5319113.267544806003571 ], [ -8476828.806621722877026, 5319113.267544806003571 ], [ -8476828.806621722877026, 5319113.304869763553143 ], [ -8476828.731970796361566, 5319113.304869763553143 ], [ -8476828.731970796361566, 5319113.342194722034037 ], [ -8476828.694645334035158, 5319113.342194722034037 ], [ -8476828.694645334035158, 5319113.379519679583609 ], [ -8476828.657319869846106, 5319113.379519679583609 ], [ -8476828.657319869846106, 5319113.416844638064504 ], [ -8476828.619994405657053, 5319113.416844638064504 ], [ -8476828.619994405657053, 5319113.49149455409497 ], [ -8476828.582668943330646, 5319113.49149455409497 ], [ -8476828.582668943330646, 5319113.528819511644542 ], [ -8476828.545343479141593, 5319113.528819511644542 ], [ -8476828.545343479141593, 5319113.566144469194114 ], [ -8476828.508018016815186, 5319113.566144469194114 ], [ -8476828.508018016815186, 5319113.640794385224581 ], [ -8476828.470692552626133, 5319113.640794385224581 ], [ -8476828.470692552626133, 5319113.715444301255047 ], [ -8476828.433367090299726, 5319113.715444301255047 ], [ -8476828.433367090299726, 5319113.827419175766408 ], [ -8476828.396041626110673, 5319113.827419175766408 ], [ -8476828.396041626110673, 5319113.902069091796875 ], [ -8476828.35871616192162, 5319113.902069091796875 ], [ -8476828.35871616192162, 5319114.014043965376914 ], [ -8476828.321390699595213, 5319114.014043965376914 ], [ -8476828.321390699595213, 5319114.237993713468313 ], [ -8476828.28406523540616, 5319114.237993713468313 ], [ -8476828.28406523540616, 5319114.31264362949878 ], [ -8476828.097437918186188, 5319114.31264362949878 ], [ -8476828.097437918186188, 5319114.349968587048352 ], [ -8476827.98546152934432, 5319114.349968587048352 ], [ -8476827.98546152934432, 5319114.387293545529246 ], [ -8476827.873485138639808, 5319114.387293545529246 ], [ -8476827.873485138639808, 5319114.424618503078818 ], [ -8476827.761508747935295, 5319114.424618503078818 ], [ -8476827.761508747935295, 5319114.461943461559713 ], [ -8476827.724183285608888, 5319114.461943461559713 ], [ -8476827.724183285608888, 5319114.499268419109285 ], [ -8476827.686857821419835, 5319114.499268419109285 ], [ -8476827.686857821419835, 5319114.536593377590179 ], [ -8476827.649532357230783, 5319114.536593377590179 ], [ -8476827.649532357230783, 5319114.573918335139751 ], [ -8476827.612206894904375, 5319114.573918335139751 ], [ -8476827.612206894904375, 5319114.648568251170218 ], [ -8476827.574881430715322, 5319114.648568251170218 ], [ -8476827.574881430715322, 5319114.723218167200685 ], [ -8476827.537555968388915, 5319114.723218167200685 ], [ -8476827.537555968388915, 5319114.797868083231151 ], [ -8476827.500230504199862, 5319114.797868083231151 ], [ -8476827.500230504199862, 5319114.909842957742512 ], [ -8476827.462905041873455, 5319114.909842957742512 ], [ -8476827.462905041873455, 5319115.021817831322551 ], [ -8476827.38825411349535, 5319115.021817831322551 ], [ -8476827.38825411349535, 5319115.059142788872123 ], [ -8476827.31360318697989, 5319115.059142788872123 ], [ -8476827.31360318697989, 5319115.096467747353017 ], [ -8476827.16430133394897, 5319115.096467747353017 ], [ -8476827.16430133394897, 5319115.133792704902589 ], [ -8476827.052324943244457, 5319115.133792704902589 ], [ -8476827.052324943244457, 5319115.171117663383484 ], [ -8476826.977674016728997, 5319115.171117663383484 ], [ -8476826.977674016728997, 5319115.208442620933056 ], [ -8476826.94034855440259, 5319115.208442620933056 ], [ -8476826.94034855440259, 5319115.24576757941395 ], [ -8476826.903023090213537, 5319115.24576757941395 ], [ -8476826.903023090213537, 5319115.283092536963522 ], [ -8476826.865697626024485, 5319115.283092536963522 ], [ -8476826.865697626024485, 5319115.320417495444417 ], [ -8476826.828372163698077, 5319115.320417495444417 ], [ -8476826.828372163698077, 5319115.357742452993989 ], [ -8476826.753721237182617, 5319115.357742452993989 ], [ -8476826.753721237182617, 5319115.395067411474884 ], [ -8476826.716395772993565, 5319115.395067411474884 ], [ -8476826.716395772993565, 5319115.432392369024456 ], [ -8476826.679070310667157, 5319115.432392369024456 ], [ -8476826.679070310667157, 5319115.46971732750535 ], [ -8476826.641744846478105, 5319115.46971732750535 ], [ -8476826.641744846478105, 5319115.507042285054922 ], [ -8476826.604419382289052, 5319115.507042285054922 ], [ -8476826.604419382289052, 5319115.581692201085389 ], [ -8476826.567093919962645, 5319115.581692201085389 ], [ -8476826.567093919962645, 5319115.656342117115855 ], [ -8476826.529768455773592, 5319115.656342117115855 ], [ -8476826.529768455773592, 5319115.768316991627216 ], [ -8476826.492442993447185, 5319115.768316991627216 ], [ -8476826.492442993447185, 5319115.805641949176788 ], [ -8476826.455117529258132, 5319115.805641949176788 ], [ -8476826.455117529258132, 5319115.84296690672636 ], [ -8476826.417792066931725, 5319115.84296690672636 ], [ -8476826.417792066931725, 5319115.880291865207255 ], [ -8476826.380466602742672, 5319115.880291865207255 ], [ -8476826.380466602742672, 5319115.917616822756827 ], [ -8476826.231164749711752, 5319115.917616822756827 ], [ -8476826.231164749711752, 5319115.954941781237721 ], [ -8476826.119188359007239, 5319115.954941781237721 ], [ -8476826.119188359007239, 5319115.992266738787293 ], [ -8476826.044537432491779, 5319115.992266738787293 ], [ -8476826.044537432491779, 5319116.029591697268188 ], [ -8476825.969886505976319, 5319116.029591697268188 ], [ -8476825.969886505976319, 5319116.06691665481776 ], [ -8476825.895235577598214, 5319116.06691665481776 ], [ -8476825.895235577598214, 5319116.104241613298655 ], [ -8476825.857910115271807, 5319116.104241613298655 ], [ -8476825.857910115271807, 5319116.141566570848227 ], [ -8476825.820584651082754, 5319116.141566570848227 ], [ -8476825.820584651082754, 5319116.178891529329121 ], [ -8476825.783259188756347, 5319116.178891529329121 ], [ -8476825.783259188756347, 5319116.253541445359588 ], [ -8476825.745933724567294, 5319116.253541445359588 ], [ -8476825.745933724567294, 5319116.29086640290916 ], [ -8476825.708608262240887, 5319116.29086640290916 ], [ -8476825.708608262240887, 5319116.365516318939626 ], [ -8476825.671282798051834, 5319116.365516318939626 ], [ -8476825.671282798051834, 5319116.440166234970093 ], [ -8476825.633957333862782, 5319116.440166234970093 ], [ -8476825.633957333862782, 5319116.477491193450987 ], [ -8476825.559306407347322, 5319116.477491193450987 ], [ -8476825.559306407347322, 5319116.514816151000559 ], [ -8476825.484655480831861, 5319116.514816151000559 ], [ -8476825.484655480831861, 5319116.552141108550131 ], [ -8476825.148726310580969, 5319116.552141108550131 ], [ -8476825.148726310580969, 5319116.589466067031026 ], [ -8476824.924773531034589, 5319116.589466067031026 ], [ -8476824.924773531034589, 5319116.626791024580598 ], [ -8476824.850122602656484, 5319116.626791024580598 ], [ -8476824.850122602656484, 5319116.664115983061492 ], [ -8476824.775471676141024, 5319116.664115983061492 ], [ -8476824.775471676141024, 5319116.701440940611064 ], [ -8476824.738146213814616, 5319116.701440940611064 ], [ -8476824.738146213814616, 5319116.738765899091959 ], [ -8476824.663495287299156, 5319116.738765899091959 ], [ -8476824.663495287299156, 5319116.776090856641531 ], [ -8476824.626169823110104, 5319116.776090856641531 ], [ -8476824.626169823110104, 5319116.813415815122426 ], [ -8476824.588844358921051, 5319116.813415815122426 ], [ -8476824.588844358921051, 5319117.186665395274758 ], [ -8476824.551518896594644, 5319117.186665395274758 ], [ -8476824.551518896594644, 5319117.22399035282433 ], [ -8476824.514193432405591, 5319117.22399035282433 ], [ -8476824.514193432405591, 5319117.261315311305225 ], [ -8476824.327566115185618, 5319117.261315311305225 ], [ -8476824.327566115185618, 5319117.298640268854797 ], [ -8476824.178264262154698, 5319117.298640268854797 ], [ -8476824.178264262154698, 5319117.335965226404369 ], [ -8476824.066287871450186, 5319117.335965226404369 ], [ -8476824.066287871450186, 5319117.373290184885263 ], [ -8476823.954311482608318, 5319117.373290184885263 ], [ -8476823.954311482608318, 5319117.410615142434835 ], [ -8476823.842335091903806, 5319117.410615142434835 ], [ -8476823.842335091903806, 5319117.44794010091573 ], [ -8476823.767684165388346, 5319117.44794010091573 ], [ -8476823.767684165388346, 5319117.485265058465302 ], [ -8476823.693033238872886, 5319117.485265058465302 ], [ -8476823.693033238872886, 5319117.522590016946197 ], [ -8476823.655707774683833, 5319117.522590016946197 ], [ -8476823.655707774683833, 5319117.597239932976663 ], [ -8476823.618382310494781, 5319117.597239932976663 ], [ -8476823.618382310494781, 5319117.67188984900713 ], [ -8476823.581056848168373, 5319117.67188984900713 ], [ -8476823.581056848168373, 5319117.821189681068063 ], [ -8476823.506405921652913, 5319117.821189681068063 ], [ -8476823.506405921652913, 5319117.783864722587168 ], [ -8476823.431754995137453, 5319117.783864722587168 ], [ -8476823.431754995137453, 5319117.746539765037596 ], [ -8476823.31977860443294, 5319117.746539765037596 ], [ -8476823.31977860443294, 5319117.709214806556702 ], [ -8476823.133151287212968, 5319117.709214806556702 ], [ -8476823.133151287212968, 5319117.67188984900713 ], [ -8476823.058500360697508, 5319117.67188984900713 ], [ -8476823.058500360697508, 5319117.746539765037596 ], [ -8476823.021174896508455, 5319117.746539765037596 ], [ -8476823.021174896508455, 5319117.783864722587168 ], [ -8476822.983849434182048, 5319117.783864722587168 ], [ -8476822.983849434182048, 5319117.858514638617635 ], [ -8476822.946523969992995, 5319117.858514638617635 ], [ -8476822.946523969992995, 5319117.895839597098529 ], [ -8476822.871873043477535, 5319117.895839597098529 ], [ -8476822.871873043477535, 5319117.933164554648101 ], [ -8476822.759896652773023, 5319117.933164554648101 ], [ -8476822.759896652773023, 5319117.970489513128996 ], [ -8476822.685245726257563, 5319117.970489513128996 ], [ -8476822.685245726257563, 5319118.007814470678568 ], [ -8476822.535943873226643, 5319118.007814470678568 ], [ -8476822.535943873226643, 5319118.04513942822814 ], [ -8476822.42396748252213, 5319118.04513942822814 ], [ -8476822.42396748252213, 5319118.082464386709034 ], [ -8476822.311991091817617, 5319118.082464386709034 ], [ -8476822.311991091817617, 5319118.119789344258606 ], [ -8476822.237340165302157, 5319118.119789344258606 ], [ -8476822.237340165302157, 5319118.157114302739501 ], [ -8476822.125363774597645, 5319118.157114302739501 ], [ -8476822.125363774597645, 5319118.194439260289073 ], [ -8476821.565481824800372, 5319118.194439260289073 ], [ -8476821.565481824800372, 5319118.231764218769968 ], [ -8476821.416179971769452, 5319118.231764218769968 ], [ -8476821.416179971769452, 5319118.26908917631954 ], [ -8476821.341529043391347, 5319118.26908917631954 ], [ -8476821.341529043391347, 5319118.306414134800434 ], [ -8476821.229552654549479, 5319118.306414134800434 ], [ -8476821.229552654549479, 5319118.343739092350006 ], [ -8476821.154901728034019, 5319118.343739092350006 ], [ -8476821.154901728034019, 5319118.381064050830901 ], [ -8476821.080250799655914, 5319118.381064050830901 ], [ -8476821.080250799655914, 5319118.418389008380473 ], [ -8476821.042925337329507, 5319118.418389008380473 ], [ -8476821.042925337329507, 5319118.455713966861367 ], [ -8476820.968274410814047, 5319118.455713966861367 ], [ -8476820.968274410814047, 5319118.493038924410939 ], [ -8476820.930948946624994, 5319118.493038924410939 ], [ -8476820.930948946624994, 5319118.530363882891834 ], [ -8476820.893623484298587, 5319118.530363882891834 ], [ -8476820.893623484298587, 5319118.567688840441406 ], [ -8476820.856298020109534, 5319118.567688840441406 ], [ -8476820.856298020109534, 5319118.6050137989223 ], [ -8476820.781647093594074, 5319118.6050137989223 ], [ -8476820.781647093594074, 5319118.642338756471872 ], [ -8476820.744321629405022, 5319118.642338756471872 ], [ -8476820.744321629405022, 5319118.679663714952767 ], [ -8476820.595019776374102, 5319118.679663714952767 ], [ -8476820.595019776374102, 5319118.716988672502339 ], [ -8476820.445717923343182, 5319118.716988672502339 ], [ -8476820.445717923343182, 5319118.754313630983233 ], [ -8476820.333741532638669, 5319118.754313630983233 ], [ -8476820.333741532638669, 5319118.791638588532805 ], [ -8476820.109788751229644, 5319118.791638588532805 ], [ -8476820.109788751229644, 5319118.828963546082377 ], [ -8476819.736534118652344, 5319118.828963546082377 ], [ -8476819.736534118652344, 5319118.866288504563272 ], [ -8476819.512581337243319, 5319118.866288504563272 ], [ -8476819.512581337243319, 5319118.903613462112844 ], [ -8476819.325954020023346, 5319118.903613462112844 ], [ -8476819.325954020023346, 5319118.940938420593739 ], [ -8476819.027350313961506, 5319118.940938420593739 ], [ -8476819.027350313961506, 5319119.500812790356576 ], [ -8476834.181488452479243, 5319119.500812790356576 ] ], [ [ -8476829.254527283832431, 5319116.440166234970093 ], [ -8476829.179876357316971, 5319116.440166234970093 ], [ -8476829.179876357316971, 5319116.365516318939626 ], [ -8476829.142550893127918, 5319116.365516318939626 ], [ -8476829.142550893127918, 5319116.253541445359588 ], [ -8476829.105225430801511, 5319116.253541445359588 ], [ -8476829.105225430801511, 5319116.178891529329121 ], [ -8476829.067899966612458, 5319116.178891529329121 ], [ -8476829.067899966612458, 5319115.992266738787293 ], [ -8476829.105225430801511, 5319115.992266738787293 ], [ -8476829.105225430801511, 5319115.917616822756827 ], [ -8476829.142550893127918, 5319115.917616822756827 ], [ -8476829.142550893127918, 5319115.880291865207255 ], [ -8476829.179876357316971, 5319115.880291865207255 ], [ -8476829.179876357316971, 5319115.805641949176788 ], [ -8476829.291852748021483, 5319115.805641949176788 ], [ -8476829.291852748021483, 5319115.84296690672636 ], [ -8476829.329178210347891, 5319115.84296690672636 ], [ -8476829.329178210347891, 5319115.880291865207255 ], [ -8476829.366503674536943, 5319115.880291865207255 ], [ -8476829.366503674536943, 5319115.954941781237721 ], [ -8476829.403829136863351, 5319115.954941781237721 ], [ -8476829.403829136863351, 5319116.178891529329121 ], [ -8476829.366503674536943, 5319116.178891529329121 ], [ -8476829.366503674536943, 5319116.253541445359588 ], [ -8476829.329178210347891, 5319116.253541445359588 ], [ -8476829.329178210347891, 5319116.328191361390054 ], [ -8476829.291852748021483, 5319116.328191361390054 ], [ -8476829.291852748021483, 5319116.402841277420521 ], [ -8476829.254527283832431, 5319116.402841277420521 ], [ -8476829.254527283832431, 5319116.440166234970093 ] ], [ [ -8476830.187663869932294, 5319115.805641949176788 ], [ -8476830.113012941554189, 5319115.805641949176788 ], [ -8476830.113012941554189, 5319115.768316991627216 ], [ -8476830.001036552712321, 5319115.768316991627216 ], [ -8476830.001036552712321, 5319115.730992033146322 ], [ -8476829.926385626196861, 5319115.730992033146322 ], [ -8476829.926385626196861, 5319115.69366707559675 ], [ -8476830.001036552712321, 5319115.69366707559675 ], [ -8476830.001036552712321, 5319115.656342117115855 ], [ -8476830.038362015038729, 5319115.656342117115855 ], [ -8476830.038362015038729, 5319115.619017159566283 ], [ -8476830.113012941554189, 5319115.619017159566283 ], [ -8476830.113012941554189, 5319115.581692201085389 ], [ -8476830.187663869932294, 5319115.581692201085389 ], [ -8476830.187663869932294, 5319115.656342117115855 ], [ -8476830.224989332258701, 5319115.656342117115855 ], [ -8476830.224989332258701, 5319115.730992033146322 ], [ -8476830.187663869932294, 5319115.730992033146322 ], [ -8476830.187663869932294, 5319115.805641949176788 ] ], [ [ -8476830.187663869932294, 5319089.902121102437377 ], [ -8476829.665107380598783, 5319089.902121102437377 ], [ -8476829.665107380598783, 5319089.864796144887805 ], [ -8476829.590456454083323, 5319089.864796144887805 ], [ -8476829.590456454083323, 5319089.82747118640691 ], [ -8476829.553130991756916, 5319089.82747118640691 ], [ -8476829.553130991756916, 5319089.715496312826872 ], [ -8476829.590456454083323, 5319089.715496312826872 ], [ -8476829.590456454083323, 5319089.6781713552773 ], [ -8476829.627781918272376, 5319089.6781713552773 ], [ -8476829.627781918272376, 5319089.640846396796405 ], [ -8476829.665107380598783, 5319089.640846396796405 ], [ -8476829.665107380598783, 5319089.603521439246833 ], [ -8476829.777083771303296, 5319089.603521439246833 ], [ -8476829.777083771303296, 5319089.566196480765939 ], [ -8476829.926385626196861, 5319089.566196480765939 ], [ -8476829.926385626196861, 5319089.528871523216367 ], [ -8476830.075687479227781, 5319089.528871523216367 ], [ -8476830.075687479227781, 5319089.491546564735472 ], [ -8476830.187663869932294, 5319089.491546564735472 ], [ -8476830.187663869932294, 5319089.528871523216367 ], [ -8476830.224989332258701, 5319089.528871523216367 ], [ -8476830.224989332258701, 5319089.603521439246833 ], [ -8476830.262314796447754, 5319089.603521439246833 ], [ -8476830.262314796447754, 5319089.6781713552773 ], [ -8476830.299640258774161, 5319089.6781713552773 ], [ -8476830.299640258774161, 5319089.82747118640691 ], [ -8476830.262314796447754, 5319089.82747118640691 ], [ -8476830.262314796447754, 5319089.864796144887805 ], [ -8476830.187663869932294, 5319089.864796144887805 ], [ -8476830.187663869932294, 5319089.902121102437377 ] ], [ [ -8476828.769296260550618, 5319059.631580171175301 ], [ -8476828.694645334035158, 5319059.631580171175301 ], [ -8476828.694645334035158, 5319059.594255213625729 ], [ -8476828.657319869846106, 5319059.594255213625729 ], [ -8476828.657319869846106, 5319059.556930255144835 ], [ -8476828.619994405657053, 5319059.556930255144835 ], [ -8476828.619994405657053, 5319059.519605297595263 ], [ -8476828.657319869846106, 5319059.519605297595263 ], [ -8476828.657319869846106, 5319059.482280339114368 ], [ -8476828.694645334035158, 5319059.482280339114368 ], [ -8476828.694645334035158, 5319059.444955381564796 ], [ -8476828.806621722877026, 5319059.444955381564796 ], [ -8476828.806621722877026, 5319059.482280339114368 ], [ -8476828.843947187066078, 5319059.482280339114368 ], [ -8476828.843947187066078, 5319059.519605297595263 ], [ -8476828.881272649392486, 5319059.519605297595263 ], [ -8476828.881272649392486, 5319059.556930255144835 ], [ -8476828.843947187066078, 5319059.556930255144835 ], [ -8476828.843947187066078, 5319059.594255213625729 ], [ -8476828.769296260550618, 5319059.594255213625729 ], [ -8476828.769296260550618, 5319059.631580171175301 ] ], [ [ -8476829.702432844787836, 5319059.594255213625729 ], [ -8476829.665107380598783, 5319059.594255213625729 ], [ -8476829.665107380598783, 5319059.519605297595263 ], [ -8476829.739758308976889, 5319059.519605297595263 ], [ -8476829.739758308976889, 5319059.556930255144835 ], [ -8476829.702432844787836, 5319059.556930255144835 ], [ -8476829.702432844787836, 5319059.594255213625729 ] ], [ [ -8476822.647920263931155, 5319041.60362546145916 ], [ -8476822.49861840903759, 5319041.60362546145916 ], [ -8476822.49861840903759, 5319041.566300502978265 ], [ -8476822.311991091817617, 5319041.566300502978265 ], [ -8476822.311991091817617, 5319041.528975545428693 ], [ -8476822.27466562949121, 5319041.528975545428693 ], [ -8476822.27466562949121, 5319041.491650586947799 ], [ -8476822.311991091817617, 5319041.491650586947799 ], [ -8476822.311991091817617, 5319041.454325629398227 ], [ -8476822.386642018333077, 5319041.454325629398227 ], [ -8476822.386642018333077, 5319041.417000671848655 ], [ -8476822.461292946711183, 5319041.417000671848655 ], [ -8476822.461292946711183, 5319041.37967571336776 ], [ -8476822.57326933555305, 5319041.37967571336776 ], [ -8476822.57326933555305, 5319041.342350755818188 ], [ -8476822.610594799742103, 5319041.342350755818188 ], [ -8476822.610594799742103, 5319041.417000671848655 ], [ -8476822.647920263931155, 5319041.417000671848655 ], [ -8476822.647920263931155, 5319041.491650586947799 ], [ -8476822.685245726257563, 5319041.491650586947799 ], [ -8476822.685245726257563, 5319041.528975545428693 ], [ -8476822.647920263931155, 5319041.528975545428693 ], [ -8476822.647920263931155, 5319041.60362546145916 ] ], [ [ -8476825.932561041787267, 5319041.566300502978265 ], [ -8476825.671282798051834, 5319041.566300502978265 ], [ -8476825.671282798051834, 5319041.528975545428693 ], [ -8476825.447330018505454, 5319041.528975545428693 ], [ -8476825.447330018505454, 5319041.491650586947799 ], [ -8476825.969886505976319, 5319041.491650586947799 ], [ -8476825.969886505976319, 5319041.528975545428693 ], [ -8476825.932561041787267, 5319041.528975545428693 ], [ -8476825.932561041787267, 5319041.566300502978265 ] ], [ [ -8476826.380466602742672, 5319041.342350755818188 ], [ -8476826.343141138553619, 5319041.342350755818188 ], [ -8476826.343141138553619, 5319041.305025797337294 ], [ -8476826.268490212038159, 5319041.305025797337294 ], [ -8476826.268490212038159, 5319041.267700839787722 ], [ -8476826.231164749711752, 5319041.267700839787722 ], [ -8476826.231164749711752, 5319041.193050923757255 ], [ -8476826.193839285522699, 5319041.193050923757255 ], [ -8476826.193839285522699, 5319041.155725965276361 ], [ -8476826.156513823196292, 5319041.155725965276361 ], [ -8476826.156513823196292, 5319041.118401007726789 ], [ -8476826.119188359007239, 5319041.118401007726789 ], [ -8476826.119188359007239, 5319041.081076049245894 ], [ -8476826.044537432491779, 5319041.081076049245894 ], [ -8476826.044537432491779, 5319041.043751091696322 ], [ -8476826.007211968302727, 5319041.043751091696322 ], [ -8476826.007211968302727, 5319041.006426133215427 ], [ -8476825.932561041787267, 5319041.006426133215427 ], [ -8476825.932561041787267, 5319040.969101175665855 ], [ -8476825.484655480831861, 5319040.969101175665855 ], [ -8476825.484655480831861, 5319040.931776217184961 ], [ -8476825.447330018505454, 5319040.931776217184961 ], [ -8476825.447330018505454, 5319040.894451259635389 ], [ -8476825.410004554316401, 5319040.894451259635389 ], [ -8476825.410004554316401, 5319040.782476385124028 ], [ -8476825.521980945020914, 5319040.782476385124028 ], [ -8476825.521980945020914, 5319040.745151427574456 ], [ -8476825.596631871536374, 5319040.745151427574456 ], [ -8476825.596631871536374, 5319040.707826469093561 ], [ -8476825.708608262240887, 5319040.707826469093561 ], [ -8476825.708608262240887, 5319040.670501511543989 ], [ -8476825.820584651082754, 5319040.670501511543989 ], [ -8476825.820584651082754, 5319040.633176553994417 ], [ -8476825.932561041787267, 5319040.633176553994417 ], [ -8476825.932561041787267, 5319040.595851595513523 ], [ -8476825.969886505976319, 5319040.595851595513523 ], [ -8476825.969886505976319, 5319040.558526637963951 ], [ -8476826.007211968302727, 5319040.558526637963951 ], [ -8476826.007211968302727, 5319040.521201679483056 ], [ -8476826.044537432491779, 5319040.521201679483056 ], [ -8476826.044537432491779, 5319040.483876721933484 ], [ -8476826.081862894818187, 5319040.483876721933484 ], [ -8476826.081862894818187, 5319040.44655176345259 ], [ -8476826.119188359007239, 5319040.44655176345259 ], [ -8476826.119188359007239, 5319040.409226805903018 ], [ -8476826.231164749711752, 5319040.409226805903018 ], [ -8476826.231164749711752, 5319040.371901847422123 ], [ -8476826.305815676227212, 5319040.371901847422123 ], [ -8476826.305815676227212, 5319040.334576889872551 ], [ -8476826.417792066931725, 5319040.334576889872551 ], [ -8476826.417792066931725, 5319040.371901847422123 ], [ -8476826.492442993447185, 5319040.371901847422123 ], [ -8476826.492442993447185, 5319040.409226805903018 ], [ -8476826.529768455773592, 5319040.409226805903018 ], [ -8476826.529768455773592, 5319040.483876721933484 ], [ -8476826.567093919962645, 5319040.483876721933484 ], [ -8476826.567093919962645, 5319040.595851595513523 ], [ -8476826.604419382289052, 5319040.595851595513523 ], [ -8476826.604419382289052, 5319040.745151427574456 ], [ -8476826.641744846478105, 5319040.745151427574456 ], [ -8476826.641744846478105, 5319040.857126301154494 ], [ -8476826.604419382289052, 5319040.857126301154494 ], [ -8476826.604419382289052, 5319040.969101175665855 ], [ -8476826.567093919962645, 5319040.969101175665855 ], [ -8476826.567093919962645, 5319041.043751091696322 ], [ -8476826.529768455773592, 5319041.043751091696322 ], [ -8476826.529768455773592, 5319041.118401007726789 ], [ -8476826.492442993447185, 5319041.118401007726789 ], [ -8476826.492442993447185, 5319041.155725965276361 ], [ -8476826.455117529258132, 5319041.155725965276361 ], [ -8476826.455117529258132, 5319041.230375881306827 ], [ -8476826.417792066931725, 5319041.230375881306827 ], [ -8476826.417792066931725, 5319041.305025797337294 ], [ -8476826.380466602742672, 5319041.305025797337294 ], [ -8476826.380466602742672, 5319041.342350755818188 ] ], [ [ -8476830.187663869932294, 5319041.043751091696322 ], [ -8476830.113012941554189, 5319041.043751091696322 ], [ -8476830.113012941554189, 5319041.006426133215427 ], [ -8476830.075687479227781, 5319041.006426133215427 ], [ -8476830.075687479227781, 5319040.969101175665855 ], [ -8476830.038362015038729, 5319040.969101175665855 ], [ -8476830.038362015038729, 5319040.931776217184961 ], [ -8476830.001036552712321, 5319040.931776217184961 ], [ -8476830.001036552712321, 5319040.894451259635389 ], [ -8476829.963711088523269, 5319040.894451259635389 ], [ -8476829.963711088523269, 5319040.745151427574456 ], [ -8476830.001036552712321, 5319040.745151427574456 ], [ -8476830.001036552712321, 5319040.707826469093561 ], [ -8476830.038362015038729, 5319040.707826469093561 ], [ -8476830.038362015038729, 5319040.670501511543989 ], [ -8476830.075687479227781, 5319040.670501511543989 ], [ -8476830.075687479227781, 5319040.633176553994417 ], [ -8476830.113012941554189, 5319040.633176553994417 ], [ -8476830.113012941554189, 5319040.595851595513523 ], [ -8476830.187663869932294, 5319040.595851595513523 ], [ -8476830.187663869932294, 5319040.633176553994417 ], [ -8476830.224989332258701, 5319040.633176553994417 ], [ -8476830.224989332258701, 5319040.670501511543989 ], [ -8476830.262314796447754, 5319040.670501511543989 ], [ -8476830.262314796447754, 5319040.745151427574456 ], [ -8476830.299640258774161, 5319040.745151427574456 ], [ -8476830.299640258774161, 5319040.782476385124028 ], [ -8476830.336965722963214, 5319040.782476385124028 ], [ -8476830.336965722963214, 5319040.819801343604922 ], [ -8476830.299640258774161, 5319040.819801343604922 ], [ -8476830.299640258774161, 5319040.894451259635389 ], [ -8476830.262314796447754, 5319040.894451259635389 ], [ -8476830.262314796447754, 5319040.969101175665855 ], [ -8476830.224989332258701, 5319040.969101175665855 ], [ -8476830.224989332258701, 5319041.006426133215427 ], [ -8476830.187663869932294, 5319041.006426133215427 ], [ -8476830.187663869932294, 5319041.043751091696322 ] ], [ [ -8476822.647920263931155, 5319041.043751091696322 ], [ -8476822.461292946711183, 5319041.043751091696322 ], [ -8476822.461292946711183, 5319041.006426133215427 ], [ -8476822.42396748252213, 5319041.006426133215427 ], [ -8476822.42396748252213, 5319040.969101175665855 ], [ -8476822.386642018333077, 5319040.969101175665855 ], [ -8476822.386642018333077, 5319040.931776217184961 ], [ -8476822.34931655600667, 5319040.931776217184961 ], [ -8476822.34931655600667, 5319040.857126301154494 ], [ -8476822.311991091817617, 5319040.857126301154494 ], [ -8476822.311991091817617, 5319040.745151427574456 ], [ -8476822.34931655600667, 5319040.745151427574456 ], [ -8476822.34931655600667, 5319040.670501511543989 ], [ -8476822.386642018333077, 5319040.670501511543989 ], [ -8476822.386642018333077, 5319040.595851595513523 ], [ -8476822.42396748252213, 5319040.595851595513523 ], [ -8476822.42396748252213, 5319040.558526637963951 ], [ -8476822.461292946711183, 5319040.558526637963951 ], [ -8476822.461292946711183, 5319040.521201679483056 ], [ -8476822.49861840903759, 5319040.521201679483056 ], [ -8476822.49861840903759, 5319040.483876721933484 ], [ -8476822.57326933555305, 5319040.483876721933484 ], [ -8476822.57326933555305, 5319040.44655176345259 ], [ -8476822.610594799742103, 5319040.44655176345259 ], [ -8476822.610594799742103, 5319040.483876721933484 ], [ -8476822.647920263931155, 5319040.483876721933484 ], [ -8476822.647920263931155, 5319040.521201679483056 ], [ -8476822.685245726257563, 5319040.521201679483056 ], [ -8476822.685245726257563, 5319040.595851595513523 ], [ -8476822.722571190446615, 5319040.595851595513523 ], [ -8476822.722571190446615, 5319040.670501511543989 ], [ -8476822.759896652773023, 5319040.670501511543989 ], [ -8476822.759896652773023, 5319040.745151427574456 ], [ -8476822.797222116962075, 5319040.745151427574456 ], [ -8476822.797222116962075, 5319040.857126301154494 ], [ -8476822.759896652773023, 5319040.857126301154494 ], [ -8476822.759896652773023, 5319040.931776217184961 ], [ -8476822.722571190446615, 5319040.931776217184961 ], [ -8476822.722571190446615, 5319040.969101175665855 ], [ -8476822.685245726257563, 5319040.969101175665855 ], [ -8476822.685245726257563, 5319041.006426133215427 ], [ -8476822.647920263931155, 5319041.006426133215427 ], [ -8476822.647920263931155, 5319041.043751091696322 ] ], [ [ -8476821.677458215504885, 5319041.006426133215427 ], [ -8476821.640132751315832, 5319041.006426133215427 ], [ -8476821.640132751315832, 5319040.969101175665855 ], [ -8476821.60280728712678, 5319040.969101175665855 ], [ -8476821.60280728712678, 5319040.857126301154494 ], [ -8476821.565481824800372, 5319040.857126301154494 ], [ -8476821.565481824800372, 5319040.782476385124028 ], [ -8476821.60280728712678, 5319040.782476385124028 ], [ -8476821.60280728712678, 5319040.745151427574456 ], [ -8476821.640132751315832, 5319040.745151427574456 ], [ -8476821.640132751315832, 5319040.707826469093561 ], [ -8476821.677458215504885, 5319040.707826469093561 ], [ -8476821.677458215504885, 5319040.745151427574456 ], [ -8476821.714783677831292, 5319040.745151427574456 ], [ -8476821.714783677831292, 5319040.782476385124028 ], [ -8476821.752109142020345, 5319040.782476385124028 ], [ -8476821.752109142020345, 5319040.931776217184961 ], [ -8476821.714783677831292, 5319040.931776217184961 ], [ -8476821.714783677831292, 5319040.969101175665855 ], [ -8476821.677458215504885, 5319040.969101175665855 ], [ -8476821.677458215504885, 5319041.006426133215427 ] ], [ [ -8476828.769296260550618, 5319040.483876721933484 ], [ -8476828.731970796361566, 5319040.483876721933484 ], [ -8476828.731970796361566, 5319040.44655176345259 ], [ -8476828.769296260550618, 5319040.44655176345259 ], [ -8476828.769296260550618, 5319040.483876721933484 ] ], [ [ -8476821.266878116875887, 5319040.483876721933484 ], [ -8476821.154901728034019, 5319040.483876721933484 ], [ -8476821.154901728034019, 5319040.44655176345259 ], [ -8476821.266878116875887, 5319040.44655176345259 ], [ -8476821.266878116875887, 5319040.483876721933484 ] ] ] } },
{ "type": "Feature", "properties": { "value": 255.0 }, "geometry": { "type": "Polygon", "coordinates": [ [ [ -8476811.786210414022207, 5319118.007814470678568 ], [ -8476811.786210414022207, 5319117.970489513128996 ], [ -8476812.196790512651205, 5319117.970489513128996 ], [ -8476812.196790512651205, 5319117.933164554648101 ], [ -8476812.383417829871178, 5319117.933164554648101 ], [ -8476812.383417829871178, 5319117.895839597098529 ], [ -8476812.532719682902098, 5319117.895839597098529 ], [ -8476812.532719682902098, 5319117.858514638617635 ], [ -8476812.570045145228505, 5319117.858514638617635 ], [ -8476812.570045145228505, 5319117.821189681068063 ], [ -8476812.64469607360661, 5319117.821189681068063 ], [ -8476812.64469607360661, 5319117.783864722587168 ], [ -8476812.682021535933018, 5319117.783864722587168 ], [ -8476812.682021535933018, 5319117.709214806556702 ], [ -8476812.71934700012207, 5319117.709214806556702 ], [ -8476812.71934700012207, 5319117.67188984900713 ], [ -8476812.756672462448478, 5319117.67188984900713 ], [ -8476812.756672462448478, 5319117.597239932976663 ], [ -8476812.79399792663753, 5319117.597239932976663 ], [ -8476812.79399792663753, 5319117.522590016946197 ], [ -8476812.831323388963938, 5319117.522590016946197 ], [ -8476812.831323388963938, 5319117.410615142434835 ], [ -8476812.86864885315299, 5319117.410615142434835 ], [ -8476812.86864885315299, 5319117.335965226404369 ], [ -8476812.905974317342043, 5319117.335965226404369 ], [ -8476812.905974317342043, 5319117.186665395274758 ], [ -8476812.94329977966845, 5319117.186665395274758 ], [ -8476812.94329977966845, 5319115.021817831322551 ], [ -8476812.980625243857503, 5319115.021817831322551 ], [ -8476812.980625243857503, 5319114.872517999261618 ], [ -8476812.94329977966845, 5319114.872517999261618 ], [ -8476812.94329977966845, 5319114.536593377590179 ], [ -8476812.980625243857503, 5319114.536593377590179 ], [ -8476812.980625243857503, 5319108.116700602695346 ], [ -8476813.01795070618391, 5319108.116700602695346 ], [ -8476813.01795070618391, 5319106.474402450956404 ], [ -8476812.980625243857503, 5319106.474402450956404 ], [ -8476812.980625243857503, 5319105.989177997224033 ], [ -8476813.01795070618391, 5319105.989177997224033 ], [ -8476813.01795070618391, 5319105.765228249132633 ], [ -8476813.055276170372963, 5319105.765228249132633 ], [ -8476813.055276170372963, 5319105.3919786689803 ], [ -8476813.09260163269937, 5319105.3919786689803 ], [ -8476813.09260163269937, 5319105.168028921820223 ], [ -8476813.055276170372963, 5319105.168028921820223 ], [ -8476813.055276170372963, 5319104.421529761515558 ], [ -8476813.09260163269937, 5319104.421529761515558 ], [ -8476813.09260163269937, 5319104.010955223813653 ], [ -8476813.055276170372963, 5319104.010955223813653 ], [ -8476813.055276170372963, 5319102.070057407952845 ], [ -8476813.01795070618391, 5319102.070057407952845 ], [ -8476813.01795070618391, 5319101.920757575891912 ], [ -8476813.055276170372963, 5319101.920757575891912 ], [ -8476813.055276170372963, 5319099.68126009684056 ], [ -8476813.09260163269937, 5319099.68126009684056 ], [ -8476813.09260163269937, 5319099.233360600657761 ], [ -8476813.055276170372963, 5319099.233360600657761 ], [ -8476813.055276170372963, 5319099.084060768596828 ], [ -8476813.09260163269937, 5319099.084060768596828 ], [ -8476813.09260163269937, 5319097.703037323430181 ], [ -8476813.129927096888423, 5319097.703037323430181 ], [ -8476813.129927096888423, 5319097.105837995186448 ], [ -8476813.167252561077476, 5319097.105837995186448 ], [ -8476813.167252561077476, 5319096.583288582973182 ], [ -8476813.204578023403883, 5319096.583288582973182 ], [ -8476813.204578023403883, 5319096.508638666942716 ], [ -8476813.241903487592936, 5319096.508638666942716 ], [ -8476813.241903487592936, 5319096.471313709393144 ], [ -8476813.279228949919343, 5319096.471313709393144 ], [ -8476813.279228949919343, 5319096.396663793362677 ], [ -8476813.316554414108396, 5319096.396663793362677 ], [ -8476813.316554414108396, 5319096.359338835813105 ], [ -8476813.353879876434803, 5319096.359338835813105 ], [ -8476813.353879876434803, 5319096.322013877332211 ], [ -8476813.391205340623856, 5319096.322013877332211 ], [ -8476813.391205340623856, 5319096.284688919782639 ], [ -8476813.465856267139316, 5319096.284688919782639 ], [ -8476813.465856267139316, 5319096.247363961301744 ], [ -8476813.503181731328368, 5319096.247363961301744 ], [ -8476813.503181731328368, 5319096.172714045271277 ], [ -8476813.540507193654776, 5319096.172714045271277 ], [ -8476813.540507193654776, 5319096.135389087721705 ], [ -8476813.615158122032881, 5319096.135389087721705 ], [ -8476813.615158122032881, 5319096.098064129240811 ], [ -8476814.100389145314693, 5319096.098064129240811 ], [ -8476814.100389145314693, 5319096.060739171691239 ], [ -8476814.212365536019206, 5319096.060739171691239 ], [ -8476814.212365536019206, 5319096.023414213210344 ], [ -8476814.361667389050126, 5319096.023414213210344 ], [ -8476814.361667389050126, 5319095.986089255660772 ], [ -8476814.510969242081046, 5319095.986089255660772 ], [ -8476814.510969242081046, 5319095.948764297179878 ], [ -8476814.996200267225504, 5319095.948764297179878 ], [ -8476814.996200267225504, 5319095.986089255660772 ], [ -8476815.145502120256424, 5319095.986089255660772 ], [ -8476815.145502120256424, 5319096.023414213210344 ], [ -8476815.220153046771884, 5319096.023414213210344 ], [ -8476815.220153046771884, 5319096.060739171691239 ], [ -8476815.332129437476397, 5319096.060739171691239 ], [ -8476815.332129437476397, 5319096.098064129240811 ], [ -8476815.406780363991857, 5319096.098064129240811 ], [ -8476815.406780363991857, 5319096.135389087721705 ], [ -8476815.518756754696369, 5319096.135389087721705 ], [ -8476815.518756754696369, 5319096.172714045271277 ], [ -8476815.556082217022777, 5319096.172714045271277 ], [ -8476815.556082217022777, 5319096.135389087721705 ], [ -8476816.041313242167234, 5319096.135389087721705 ], [ -8476816.041313242167234, 5319096.098064129240811 ], [ -8476816.451893338933587, 5319096.098064129240811 ], [ -8476816.451893338933587, 5319096.060739171691239 ], [ -8476816.526544265449047, 5319096.060739171691239 ], [ -8476816.526544265449047, 5319096.023414213210344 ], [ -8476816.601195191964507, 5319096.023414213210344 ], [ -8476816.601195191964507, 5319095.986089255660772 ], [ -8476816.675846120342612, 5319095.986089255660772 ], [ -8476816.675846120342612, 5319095.948764297179878 ], [ -8476816.71317158266902, 5319095.948764297179878 ], [ -8476816.71317158266902, 5319095.911439339630306 ], [ -8476816.78782250918448, 5319095.911439339630306 ], [ -8476816.78782250918448, 5319095.874114381149411 ], [ -8476816.86247343569994, 5319095.874114381149411 ], [ -8476816.86247343569994, 5319095.836789423599839 ], [ -8476816.974449826404452, 5319095.836789423599839 ], [ -8476816.974449826404452, 5319095.799464465118945 ], [ -8476817.123751681298018, 5319095.799464465118945 ], [ -8476817.123751681298018, 5319095.762139507569373 ], [ -8476817.235728070139885, 5319095.762139507569373 ], [ -8476817.235728070139885, 5319095.724814549088478 ], [ -8476817.347704460844398, 5319095.724814549088478 ], [ -8476817.347704460844398, 5319095.687489591538906 ], [ -8476817.45968085154891, 5319095.687489591538906 ], [ -8476817.45968085154891, 5319095.650164633989334 ], [ -8476817.83293548412621, 5319095.650164633989334 ], [ -8476817.83293548412621, 5319095.61283967550844 ], [ -8476818.355491971597075, 5319095.61283967550844 ], [ -8476818.355491971597075, 5319095.575514717958868 ], [ -8476818.542119288817048, 5319095.575514717958868 ], [ -8476818.542119288817048, 5319095.538189759477973 ], [ -8476818.654095679521561, 5319095.538189759477973 ], [ -8476818.654095679521561, 5319095.500864801928401 ], [ -8476818.803397532552481, 5319095.500864801928401 ], [ -8476818.803397532552481, 5319095.463539843447506 ], [ -8476818.840722996741533, 5319095.463539843447506 ], [ -8476818.840722996741533, 5319095.426214885897934 ], [ -8476818.878048460930586, 5319095.426214885897934 ], [ -8476818.878048460930586, 5319095.38888992741704 ], [ -8476818.915373923256993, 5319095.38888992741704 ], [ -8476818.915373923256993, 5319095.351564969867468 ], [ -8476818.952699387446046, 5319095.351564969867468 ], [ -8476818.952699387446046, 5319095.314240011386573 ], [ -8476818.990024849772453, 5319095.314240011386573 ], [ -8476818.990024849772453, 5319095.239590095356107 ], [ -8476819.027350313961506, 5319095.239590095356107 ], [ -8476819.027350313961506, 5319095.16494017932564 ], [ -8476819.064675776287913, 5319095.16494017932564 ], [ -8476819.064675776287913, 5319095.052965305745602 ], [ -8476819.102001240476966, 5319095.052965305745602 ], [ -8476819.102001240476966, 5319094.903665473684669 ], [ -8476819.139326704666018, 5319094.903665473684669 ], [ -8476819.139326704666018, 5319094.642390768043697 ], [ -8476819.176652166992426, 5319094.642390768043697 ], [ -8476819.176652166992426, 5319094.23181622941047 ], [ -8476819.213977631181479, 5319094.23181622941047 ], [ -8476819.213977631181479, 5319093.895891607739031 ], [ -8476819.176652166992426, 5319093.895891607739031 ], [ -8476819.176652166992426, 5319092.066968666389585 ], [ -8476819.139326704666018, 5319092.066968666389585 ], [ -8476819.139326704666018, 5319091.805693960748613 ], [ -8476819.176652166992426, 5319091.805693960748613 ], [ -8476819.176652166992426, 5319090.909894968383014 ], [ -8476819.213977631181479, 5319090.909894968383014 ], [ -8476819.213977631181479, 5319090.424670514650643 ], [ -8476819.251303093507886, 5319090.424670514650643 ], [ -8476819.251303093507886, 5319090.238045725040138 ], [ -8476819.288628557696939, 5319090.238045725040138 ], [ -8476819.288628557696939, 5319090.05142093449831 ], [ -8476819.325954020023346, 5319090.05142093449831 ], [ -8476819.325954020023346, 5319089.939446060918272 ], [ -8476819.363279484212399, 5319089.939446060918272 ], [ -8476819.363279484212399, 5319089.864796144887805 ], [ -8476819.400604948401451, 5319089.864796144887805 ], [ -8476819.400604948401451, 5319089.82747118640691 ], [ -8476819.437930410727859, 5319089.82747118640691 ], [ -8476819.437930410727859, 5319089.790146228857338 ], [ -8476819.512581337243319, 5319089.790146228857338 ], [ -8476819.512581337243319, 5319089.752821271307766 ], [ -8476819.624557727947831, 5319089.752821271307766 ], [ -8476819.624557727947831, 5319089.715496312826872 ], [ -8476819.736534118652344, 5319089.715496312826872 ], [ -8476819.736534118652344, 5319089.6781713552773 ], [ -8476819.811185045167804, 5319089.6781713552773 ], [ -8476819.811185045167804, 5319089.640846396796405 ], [ -8476819.885835971683264, 5319089.640846396796405 ], [ -8476819.885835971683264, 5319089.603521439246833 ], [ -8476819.923161435872316, 5319089.603521439246833 ], [ -8476819.923161435872316, 5319089.566196480765939 ], [ -8476819.960486898198724, 5319089.566196480765939 ], [ -8476819.960486898198724, 5319089.528871523216367 ], [ -8476820.035137824714184, 5319089.528871523216367 ], [ -8476820.035137824714184, 5319089.491546564735472 ], [ -8476820.072463288903236, 5319089.491546564735472 ], [ -8476820.072463288903236, 5319089.4542216071859 ], [ -8476820.109788751229644, 5319089.4542216071859 ], [ -8476820.109788751229644, 5319089.379571691155434 ], [ -8476820.147114215418696, 5319089.379571691155434 ], [ -8476820.147114215418696, 5319089.342246732674539 ], [ -8476820.184439679607749, 5319089.342246732674539 ], [ -8476820.184439679607749, 5319089.304921775124967 ], [ -8476820.221765141934156, 5319089.304921775124967 ], [ -8476820.221765141934156, 5319089.267596816644073 ], [ -8476820.259090606123209, 5319089.267596816644073 ], [ -8476820.259090606123209, 5319089.192946900613606 ], [ -8476820.296416068449616, 5319089.192946900613606 ], [ -8476820.296416068449616, 5319089.118296984583139 ], [ -8476820.333741532638669, 5319089.118296984583139 ], [ -8476820.333741532638669, 5319088.782372362911701 ], [ -8476820.371066994965076, 5319088.782372362911701 ], [ -8476820.371066994965076, 5319088.558422614820302 ], [ -8476820.408392459154129, 5319088.558422614820302 ], [ -8476820.408392459154129, 5319088.371797825209796 ], [ -8476820.445717923343182, 5319088.371797825209796 ], [ -8476820.445717923343182, 5319087.587973707355559 ], [ -8476820.408392459154129, 5319087.587973707355559 ], [ -8476820.408392459154129, 5319086.953449421562254 ], [ -8476820.445717923343182, 5319086.953449421562254 ], [ -8476820.445717923343182, 5319085.721725807525218 ], [ -8476820.483043385669589, 5319085.721725807525218 ], [ -8476820.483043385669589, 5319084.975226648151875 ], [ -8476820.520368849858642, 5319084.975226648151875 ], [ -8476820.520368849858642, 5319084.490002194419503 ], [ -8476820.483043385669589, 5319084.490002194419503 ], [ -8476820.483043385669589, 5319083.444903369992971 ], [ -8476820.520368849858642, 5319083.444903369992971 ], [ -8476820.520368849858642, 5319083.108978748321533 ], [ -8476820.483043385669589, 5319083.108978748321533 ], [ -8476820.483043385669589, 5319082.810379084199667 ], [ -8476820.520368849858642, 5319082.810379084199667 ], [ -8476820.520368849858642, 5319082.399804546497762 ], [ -8476820.483043385669589, 5319082.399804546497762 ], [ -8476820.483043385669589, 5319082.101204882375896 ], [ -8476820.520368849858642, 5319082.101204882375896 ], [ -8476820.520368849858642, 5319081.615980428643525 ], [ -8476820.483043385669589, 5319081.615980428643525 ], [ -8476820.483043385669589, 5319081.242730848491192 ], [ -8476820.520368849858642, 5319081.242730848491192 ], [ -8476820.520368849858642, 5319080.085657151415944 ], [ -8476820.483043385669589, 5319080.085657151415944 ], [ -8476820.483043385669589, 5319080.011007235385478 ], [ -8476820.520368849858642, 5319080.011007235385478 ], [ -8476820.520368849858642, 5319077.659534881822765 ], [ -8476820.557694312185049, 5319077.659534881822765 ], [ -8476820.557694312185049, 5319077.323610259220004 ], [ -8476820.520368849858642, 5319077.323610259220004 ], [ -8476820.520368849858642, 5319077.062335553579032 ], [ -8476820.557694312185049, 5319077.062335553579032 ], [ -8476820.557694312185049, 5319076.577111099846661 ], [ -8476820.520368849858642, 5319076.577111099846661 ], [ -8476820.520368849858642, 5319076.390486309304833 ], [ -8476820.557694312185049, 5319076.390486309304833 ], [ -8476820.557694312185049, 5319074.71086320001632 ], [ -8476820.520368849858642, 5319074.71086320001632 ], [ -8476820.520368849858642, 5319074.561563367955387 ], [ -8476820.557694312185049, 5319074.561563367955387 ], [ -8476820.557694312185049, 5319073.367164712399244 ], [ -8476820.595019776374102, 5319073.367164712399244 ], [ -8476820.595019776374102, 5319072.135441098362207 ], [ -8476820.557694312185049, 5319072.135441098362207 ], [ -8476820.557694312185049, 5319070.493142946623266 ], [ -8476820.520368849858642, 5319070.493142946623266 ], [ -8476820.520368849858642, 5319069.783968744799495 ], [ -8476820.483043385669589, 5319069.783968744799495 ], [ -8476820.483043385669589, 5319069.59734395518899 ], [ -8476820.445717923343182, 5319069.59734395518899 ], [ -8476820.445717923343182, 5319069.485369081608951 ], [ -8476820.408392459154129, 5319069.485369081608951 ], [ -8476820.408392459154129, 5319069.37339420709759 ], [ -8476820.371066994965076, 5319069.37339420709759 ], [ -8476820.371066994965076, 5319069.261419333517551 ], [ -8476820.333741532638669, 5319069.261419333517551 ], [ -8476820.333741532638669, 5319069.224094375036657 ], [ -8476820.296416068449616, 5319069.224094375036657 ], [ -8476820.296416068449616, 5319069.186769417487085 ], [ -8476820.259090606123209, 5319069.186769417487085 ], [ -8476820.259090606123209, 5319069.14944445900619 ], [ -8476820.221765141934156, 5319069.14944445900619 ], [ -8476820.221765141934156, 5319069.112119501456618 ], [ -8476820.109788751229644, 5319069.112119501456618 ], [ -8476820.109788751229644, 5319069.074794542975724 ], [ -8476819.997812362387776, 5319069.074794542975724 ], [ -8476819.997812362387776, 5319069.037469585426152 ], [ -8476819.923161435872316, 5319069.037469585426152 ], [ -8476819.923161435872316, 5319069.000144626945257 ], [ -8476819.848510507494211, 5319069.000144626945257 ], [ -8476819.848510507494211, 5319068.962819669395685 ], [ -8476819.773859580978751, 5319068.962819669395685 ], [ -8476819.773859580978751, 5319068.925494711846113 ], [ -8476819.736534118652344, 5319068.925494711846113 ], [ -8476819.736534118652344, 5319068.888169753365219 ], [ -8476819.699208654463291, 5319068.888169753365219 ], [ -8476819.699208654463291, 5319068.813519837334752 ], [ -8476819.661883192136884, 5319068.813519837334752 ], [ -8476819.661883192136884, 5319068.77619487978518 ], [ -8476819.624557727947831, 5319068.77619487978518 ], [ -8476819.624557727947831, 5319068.701544963754714 ], [ -8476819.587232263758779, 5319068.701544963754714 ], [ -8476819.587232263758779, 5319068.589570089243352 ], [ -8476819.549906801432371, 5319068.589570089243352 ], [ -8476819.549906801432371, 5319068.514920173212886 ], [ -8476819.512581337243319, 5319068.514920173212886 ], [ -8476819.512581337243319, 5319068.365620341151953 ], [ -8476819.475255874916911, 5319068.365620341151953 ], [ -8476819.475255874916911, 5319068.21632050909102 ], [ -8476819.437930410727859, 5319068.21632050909102 ], [ -8476819.437930410727859, 5319066.536697399802506 ], [ -8476819.400604948401451, 5319066.536697399802506 ], [ -8476819.400604948401451, 5319065.790198240429163 ], [ -8476819.437930410727859, 5319065.790198240429163 ], [ -8476819.437930410727859, 5319064.894399248063564 ], [ -8476819.475255874916911, 5319064.894399248063564 ], [ -8476819.475255874916911, 5319064.745099416002631 ], [ -8476819.512581337243319, 5319064.745099416002631 ], [ -8476819.512581337243319, 5319064.595799583941698 ], [ -8476819.549906801432371, 5319064.595799583941698 ], [ -8476819.549906801432371, 5319063.923950340598822 ], [ -8476819.512581337243319, 5319063.923950340598822 ], [ -8476819.512581337243319, 5319063.625350676476955 ], [ -8476819.475255874916911, 5319063.625350676476955 ], [ -8476819.475255874916911, 5319063.476050844416022 ], [ -8476819.437930410727859, 5319063.476050844416022 ], [ -8476819.437930410727859, 5319063.43872588686645 ], [ -8476819.363279484212399, 5319063.43872588686645 ], [ -8476819.363279484212399, 5319063.401400928385556 ], [ -8476819.288628557696939, 5319063.401400928385556 ], [ -8476819.288628557696939, 5319063.364075970835984 ], [ -8476819.213977631181479, 5319063.364075970835984 ], [ -8476819.213977631181479, 5319063.326751012355089 ], [ -8476819.176652166992426, 5319063.326751012355089 ], [ -8476819.176652166992426, 5319063.289426054805517 ], [ -8476819.102001240476966, 5319063.289426054805517 ], [ -8476819.102001240476966, 5319063.252101096324623 ], [ -8476819.064675776287913, 5319063.252101096324623 ], [ -8476819.064675776287913, 5319063.214776138775051 ], [ -8476818.990024849772453, 5319063.214776138775051 ], [ -8476818.990024849772453, 5319063.177451180294156 ], [ -8476818.952699387446046, 5319063.177451180294156 ], [ -8476818.952699387446046, 5319063.140126222744584 ], [ -8476818.915373923256993, 5319063.140126222744584 ], [ -8476818.915373923256993, 5319063.065476306714118 ], [ -8476818.878048460930586, 5319063.065476306714118 ], [ -8476818.878048460930586, 5319063.028151348233223 ], [ -8476818.840722996741533, 5319063.028151348233223 ], [ -8476818.840722996741533, 5319062.953501433134079 ], [ -8476818.728746606037021, 5319062.953501433134079 ], [ -8476818.728746606037021, 5319062.916176474653184 ], [ -8476818.654095679521561, 5319062.916176474653184 ], [ -8476818.654095679521561, 5319062.878851517103612 ], [ -8476818.542119288817048, 5319062.878851517103612 ], [ -8476818.542119288817048, 5319062.841526558622718 ], [ -8476818.430142899975181, 5319062.841526558622718 ], [ -8476818.430142899975181, 5319062.804201601073146 ], [ -8476818.280841045081615, 5319062.804201601073146 ], [ -8476818.280841045081615, 5319062.766876642592251 ], [ -8476818.131539192050695, 5319062.766876642592251 ], [ -8476818.131539192050695, 5319062.729551685042679 ], [ -8476817.944911874830723, 5319062.729551685042679 ], [ -8476817.944911874830723, 5319062.692226726561785 ], [ -8476817.123751681298018, 5319062.692226726561785 ], [ -8476817.123751681298018, 5319062.654901769012213 ], [ -8476816.825147973373532, 5319062.654901769012213 ], [ -8476816.825147973373532, 5319062.692226726561785 ], [ -8476816.526544265449047, 5319062.692226726561785 ], [ -8476816.526544265449047, 5319062.729551685042679 ], [ -8476816.302591485902667, 5319062.729551685042679 ], [ -8476816.302591485902667, 5319062.766876642592251 ], [ -8476816.190615095198154, 5319062.766876642592251 ], [ -8476816.190615095198154, 5319062.804201601073146 ], [ -8476816.041313242167234, 5319062.804201601073146 ], [ -8476816.041313242167234, 5319062.841526558622718 ], [ -8476815.892011389136314, 5319062.841526558622718 ], [ -8476815.892011389136314, 5319062.804201601073146 ], [ -8476815.630733145400882, 5319062.804201601073146 ], [ -8476815.630733145400882, 5319062.766876642592251 ], [ -8476815.444105828180909, 5319062.766876642592251 ], [ -8476815.444105828180909, 5319062.804201601073146 ], [ -8476815.257478510960937, 5319062.804201601073146 ], [ -8476815.257478510960937, 5319062.841526558622718 ], [ -8476815.108176656067371, 5319062.841526558622718 ], [ -8476815.108176656067371, 5319062.878851517103612 ], [ -8476814.958874803036451, 5319062.878851517103612 ], [ -8476814.958874803036451, 5319062.841526558622718 ], [ -8476814.734922023490071, 5319062.841526558622718 ], [ -8476814.734922023490071, 5319062.804201601073146 ], [ -8476814.473643779754639, 5319062.804201601073146 ], [ -8476814.473643779754639, 5319062.841526558622718 ], [ -8476814.212365536019206, 5319062.841526558622718 ], [ -8476814.212365536019206, 5319062.878851517103612 ], [ -8476814.063063681125641, 5319062.878851517103612 ], [ -8476814.063063681125641, 5319062.841526558622718 ], [ -8476813.951087292283773, 5319062.841526558622718 ], [ -8476813.951087292283773, 5319062.804201601073146 ], [ -8476813.876436365768313, 5319062.804201601073146 ], [ -8476813.876436365768313, 5319062.766876642592251 ], [ -8476813.839110901579261, 5319062.766876642592251 ], [ -8476813.839110901579261, 5319062.729551685042679 ], [ -8476813.801785437390208, 5319062.729551685042679 ], [ -8476813.801785437390208, 5319062.692226726561785 ], [ -8476813.764459975063801, 5319062.692226726561785 ], [ -8476813.764459975063801, 5319062.617576810531318 ], [ -8476813.727134510874748, 5319062.617576810531318 ], [ -8476813.727134510874748, 5319062.542926894500852 ], [ -8476813.689809048548341, 5319062.542926894500852 ], [ -8476813.689809048548341, 5319062.468276978470385 ], [ -8476813.652483584359288, 5319062.468276978470385 ], [ -8476813.652483584359288, 5319062.318977146409452 ], [ -8476813.615158122032881, 5319062.318977146409452 ], [ -8476813.615158122032881, 5319061.12457849085331 ], [ -8476813.577832657843828, 5319061.12457849085331 ], [ -8476813.577832657843828, 5319060.714003953151405 ], [ -8476813.615158122032881, 5319060.714003953151405 ], [ -8476813.615158122032881, 5319060.452729247510433 ], [ -8476813.577832657843828, 5319060.452729247510433 ], [ -8476813.577832657843828, 5319059.14635571744293 ], [ -8476813.540507193654776, 5319059.14635571744293 ], [ -8476813.540507193654776, 5319058.997055885381997 ], [ -8476813.503181731328368, 5319058.997055885381997 ], [ -8476813.503181731328368, 5319058.810431095771492 ], [ -8476813.465856267139316, 5319058.810431095771492 ], [ -8476813.465856267139316, 5319055.973734288476408 ], [ -8476813.428530804812908, 5319055.973734288476408 ], [ -8476813.428530804812908, 5319055.56315974984318 ], [ -8476813.465856267139316, 5319055.56315974984318 ], [ -8476813.465856267139316, 5319049.85244117770344 ], [ -8476813.428530804812908, 5319049.85244117770344 ], [ -8476813.428530804812908, 5319049.815116219222546 ], [ -8476813.465856267139316, 5319049.815116219222546 ], [ -8476813.465856267139316, 5319049.180591933429241 ], [ -8476813.428530804812908, 5319049.180591933429241 ], [ -8476813.428530804812908, 5319049.068617059849203 ], [ -8476813.465856267139316, 5319049.068617059849203 ], [ -8476813.465856267139316, 5319047.426318908110261 ], [ -8476813.503181731328368, 5319047.426318908110261 ], [ -8476813.503181731328368, 5319046.567844874225557 ], [ -8476813.540507193654776, 5319046.567844874225557 ], [ -8476813.540507193654776, 5319046.157270336523652 ], [ -8476813.503181731328368, 5319046.157270336523652 ], [ -8476813.503181731328368, 5319044.776246890425682 ], [ -8476813.540507193654776, 5319044.776246890425682 ], [ -8476813.540507193654776, 5319044.402997311204672 ], [ -8476813.503181731328368, 5319044.402997311204672 ], [ -8476813.503181731328368, 5319043.917772856540978 ], [ -8476813.540507193654776, 5319043.917772856540978 ], [ -8476813.540507193654776, 5319042.387449579313397 ], [ -8476813.503181731328368, 5319042.387449579313397 ], [ -8476813.503181731328368, 5319042.051524957641959 ], [ -8476813.540507193654776, 5319042.051524957641959 ], [ -8476813.540507193654776, 5319041.864900167100132 ], [ -8476813.503181731328368, 5319041.864900167100132 ], [ -8476813.503181731328368, 5319041.566300502978265 ], [ -8476813.465856267139316, 5319041.566300502978265 ], [ -8476813.465856267139316, 5319041.155725965276361 ], [ -8476813.428530804812908, 5319041.155725965276361 ], [ -8476813.428530804812908, 5319041.081076049245894 ], [ -8476813.391205340623856, 5319041.081076049245894 ], [ -8476813.391205340623856, 5319040.969101175665855 ], [ -8476813.353879876434803, 5319040.969101175665855 ], [ -8476813.353879876434803, 5319040.894451259635389 ], [ -8476813.316554414108396, 5319040.894451259635389 ], [ -8476813.316554414108396, 5319040.782476385124028 ], [ -8476813.279228949919343, 5319040.782476385124028 ], [ -8476813.279228949919343, 5319040.745151427574456 ], [ -8476813.241903487592936, 5319040.745151427574456 ], [ -8476813.241903487592936, 5319040.670501511543989 ], [ -8476813.204578023403883, 5319040.670501511543989 ], [ -8476813.204578023403883, 5319040.633176553994417 ], [ -8476813.167252561077476, 5319040.633176553994417 ], [ -8476813.167252561077476, 5319040.595851595513523 ], [ -8476813.129927096888423, 5319040.595851595513523 ], [ -8476813.129927096888423, 5319040.558526637963951 ], [ -8476813.09260163269937, 5319040.558526637963951 ], [ -8476813.09260163269937, 5319040.521201679483056 ], [ -8476813.055276170372963, 5319040.521201679483056 ], [ -8476813.055276170372963, 5319040.483876721933484 ], [ -8476813.01795070618391, 5319040.483876721933484 ], [ -8476813.01795070618391, 5319040.371901847422123 ], [ -8476812.980625243857503, 5319040.371901847422123 ], [ -8476812.980625243857503, 5319039.737377561628819 ], [ -8476812.94329977966845, 5319039.737377561628819 ], [ -8476812.94329977966845, 5319039.476102855987847 ], [ -8476812.905974317342043, 5319039.476102855987847 ], [ -8476812.905974317342043, 5319039.177503191865981 ], [ -8476812.94329977966845, 5319039.177503191865981 ], [ -8476812.94329977966845, 5319038.505653947591782 ], [ -8476812.905974317342043, 5319038.505653947591782 ], [ -8476812.905974317342043, 5319038.132404368370771 ], [ -8476812.86864885315299, 5319038.132404368370771 ], [ -8476812.86864885315299, 5319037.908454620279372 ], [ -8476812.831323388963938, 5319037.908454620279372 ], [ -8476812.831323388963938, 5319037.6471799146384 ], [ -8476812.79399792663753, 5319037.6471799146384 ], [ -8476812.79399792663753, 5319037.497880082577467 ], [ -8476812.756672462448478, 5319037.497880082577467 ], [ -8476812.756672462448478, 5319037.460555124096572 ], [ -8476812.71934700012207, 5319037.460555124096572 ], [ -8476812.71934700012207, 5319037.385905208066106 ], [ -8476812.682021535933018, 5319037.385905208066106 ], [ -8476812.682021535933018, 5319037.348580250516534 ], [ -8476812.607370609417558, 5319037.348580250516534 ], [ -8476812.607370609417558, 5319037.311255292035639 ], [ -8476812.495394218713045, 5319037.311255292035639 ], [ -8476812.495394218713045, 5319037.273930334486067 ], [ -8476812.308766901493073, 5319037.273930334486067 ], [ -8476812.308766901493073, 5319037.236605376005173 ], [ -8476812.122139586135745, 5319037.236605376005173 ], [ -8476812.122139586135745, 5319037.199280418455601 ], [ -8476812.010163195431232, 5319037.199280418455601 ], [ -8476812.010163195431232, 5319037.161955459974706 ], [ -8476811.89818680472672, 5319037.161955459974706 ], [ -8476811.89818680472672, 5319037.124630502425134 ], [ -8476811.7488849516958, 5319037.124630502425134 ], [ -8476811.7488849516958, 5319037.08730554394424 ], [ -8476811.226328464224935, 5319037.08730554394424 ], [ -8476811.226328464224935, 5319037.049980586394668 ], [ -8476810.853073829784989, 5319037.049980586394668 ], [ -8476810.853073829784989, 5319037.012655627913773 ], [ -8476810.778422903269529, 5319037.012655627913773 ], [ -8476810.778422903269529, 5319037.049980586394668 ], [ -8476810.554470121860504, 5319037.049980586394668 ], [ -8476810.554470121860504, 5319037.08730554394424 ], [ -8476810.106564562767744, 5319037.08730554394424 ], [ -8476810.106564562767744, 5319037.049980586394668 ], [ -8476809.061451585963368, 5319037.049980586394668 ], [ -8476809.061451585963368, 5319037.012655627913773 ], [ -8476808.762847879901528, 5319037.012655627913773 ], [ -8476808.762847879901528, 5319037.049980586394668 ], [ -8476807.643083978444338, 5319037.049980586394668 ], [ -8476807.643083978444338, 5319037.08730554394424 ], [ -8476807.381805734708905, 5319037.08730554394424 ], [ -8476807.381805734708905, 5319037.049980586394668 ], [ -8476807.120527490973473, 5319037.049980586394668 ], [ -8476807.120527490973473, 5319037.012655627913773 ], [ -8476806.896574709564447, 5319037.012655627913773 ], [ -8476806.896574709564447, 5319037.049980586394668 ], [ -8476806.560645539313555, 5319037.049980586394668 ], [ -8476806.560645539313555, 5319037.08730554394424 ], [ -8476806.523320075124502, 5319037.08730554394424 ], [ -8476806.523320075124502, 5319037.049980586394668 ], [ -8476806.18739090487361, 5319037.049980586394668 ], [ -8476806.18739090487361, 5319037.012655627913773 ], [ -8476805.366230711340904, 5319037.012655627913773 ], [ -8476805.366230711340904, 5319036.975330670364201 ], [ -8476804.806348759680986, 5319036.975330670364201 ], [ -8476804.806348759680986, 5319037.012655627913773 ], [ -8476804.246466808021069, 5319037.012655627913773 ], [ -8476804.246466808021069, 5319036.975330670364201 ], [ -8476804.171815881505609, 5319036.975330670364201 ], [ -8476804.171815881505609, 5319037.012655627913773 ], [ -8476803.947863101959229, 5319037.012655627913773 ], [ -8476803.947863101959229, 5319037.049980586394668 ], [ -8476803.387981150299311, 5319037.049980586394668 ], [ -8476803.387981150299311, 5319037.012655627913773 ], [ -8476802.902750127017498, 5319037.012655627913773 ], [ -8476802.902750127017498, 5319037.049980586394668 ], [ -8476802.641471883282065, 5319037.049980586394668 ], [ -8476802.641471883282065, 5319037.012655627913773 ], [ -8476801.782986223697662, 5319037.012655627913773 ], [ -8476801.782986223697662, 5319036.975330670364201 ], [ -8476801.409731591120362, 5319036.975330670364201 ], [ -8476801.409731591120362, 5319036.938005712814629 ], [ -8476801.29775520041585, 5319036.938005712814629 ], [ -8476801.29775520041585, 5319036.975330670364201 ], [ -8476801.036476956680417, 5319036.975330670364201 ], [ -8476801.036476956680417, 5319037.012655627913773 ], [ -8476800.252642225474119, 5319037.012655627913773 ], [ -8476800.252642225474119, 5319037.049980586394668 ], [ -8476800.066014908254147, 5319037.049980586394668 ], [ -8476800.066014908254147, 5319037.08730554394424 ], [ -8476799.692760273814201, 5319037.08730554394424 ], [ -8476799.692760273814201, 5319037.049980586394668 ], [ -8476799.095552859827876, 5319037.049980586394668 ], [ -8476799.095552859827876, 5319037.08730554394424 ], [ -8476798.871600080281496, 5319037.08730554394424 ], [ -8476798.871600080281496, 5319037.049980586394668 ], [ -8476797.60253432393074, 5319037.049980586394668 ], [ -8476797.60253432393074, 5319037.012655627913773 ], [ -8476797.52788339741528, 5319037.012655627913773 ], [ -8476797.52788339741528, 5319037.049980586394668 ], [ -8476796.296143105253577, 5319037.049980586394668 ], [ -8476796.296143105253577, 5319037.08730554394424 ], [ -8476795.997539397329092, 5319037.08730554394424 ], [ -8476795.997539397329092, 5319037.049980586394668 ], [ -8476795.698935691267252, 5319037.049980586394668 ], [ -8476795.698935691267252, 5319037.012655627913773 ], [ -8476795.512308374047279, 5319037.012655627913773 ], [ -8476795.512308374047279, 5319037.049980586394668 ], [ -8476795.139053739607334, 5319037.049980586394668 ], [ -8476795.139053739607334, 5319037.012655627913773 ], [ -8476794.392544472590089, 5319037.012655627913773 ], [ -8476794.392544472590089, 5319037.049980586394668 ], [ -8476794.168591691181064, 5319037.049980586394668 ], [ -8476794.168591691181064, 5319037.012655627913773 ], [ -8476793.944638911634684, 5319037.012655627913773 ], [ -8476793.944638911634684, 5319036.975330670364201 ], [ -8476793.384756959974766, 5319036.975330670364201 ], [ -8476793.384756959974766, 5319037.012655627913773 ], [ -8476793.272780569270253, 5319037.012655627913773 ], [ -8476793.272780569270253, 5319036.975330670364201 ], [ -8476792.936851399019361, 5319036.975330670364201 ], [ -8476792.936851399019361, 5319036.938005712814629 ], [ -8476792.63824769295752, 5319036.938005712814629 ], [ -8476792.63824769295752, 5319036.900680754333735 ], [ -8476792.302318522706628, 5319036.900680754333735 ], [ -8476792.302318522706628, 5319036.863355796784163 ], [ -8476792.190342132002115, 5319036.863355796784163 ], [ -8476792.190342132002115, 5319036.826030838303268 ], [ -8476792.078365741297603, 5319036.826030838303268 ], [ -8476792.078365741297603, 5319036.788705880753696 ], [ -8476792.003714814782143, 5319036.788705880753696 ], [ -8476792.003714814782143, 5319036.751380922272801 ], [ -8476791.929063888266683, 5319036.751380922272801 ], [ -8476791.929063888266683, 5319036.714055964723229 ], [ -8476791.705111106857657, 5319036.714055964723229 ], [ -8476791.705111106857657, 5319036.676731006242335 ], [ -8476791.406507400795817, 5319036.676731006242335 ], [ -8476791.406507400795817, 5319036.639406048692763 ], [ -8476791.182554619386792, 5319036.639406048692763 ], [ -8476791.182554619386792, 5319036.602081090211868 ], [ -8476790.585347205400467, 5319036.602081090211868 ], [ -8476790.585347205400467, 5319036.564756132662296 ], [ -8476790.324068961665034, 5319036.564756132662296 ], [ -8476790.324068961665034, 5319036.527431174181402 ], [ -8476790.174767108634114, 5319036.527431174181402 ], [ -8476790.174767108634114, 5319036.49010621663183 ], [ -8476789.988139791414142, 5319036.49010621663183 ], [ -8476789.988139791414142, 5319036.452781258150935 ], [ -8476789.353606913238764, 5319036.452781258150935 ], [ -8476789.353606913238764, 5319036.415456300601363 ], [ -8476789.204305060207844, 5319036.415456300601363 ], [ -8476789.204305060207844, 5319036.378131342120469 ], [ -8476789.092328669503331, 5319036.378131342120469 ], [ -8476789.092328669503331, 5319036.340806384570897 ], [ -8476789.055003207176924, 5319036.340806384570897 ], [ -8476789.055003207176924, 5319036.378131342120469 ], [ -8476788.943026816472411, 5319036.378131342120469 ], [ -8476788.943026816472411, 5319036.415456300601363 ], [ -8476788.868375889956951, 5319036.415456300601363 ], [ -8476788.868375889956951, 5319036.452781258150935 ], [ -8476788.756399499252439, 5319036.452781258150935 ], [ -8476788.756399499252439, 5319036.564756132662296 ], [ -8476788.793724963441491, 5319036.564756132662296 ], [ -8476788.793724963441491, 5319036.676731006242335 ], [ -8476788.831050425767899, 5319036.676731006242335 ], [ -8476788.831050425767899, 5319036.826030838303268 ], [ -8476788.868375889956951, 5319036.826030838303268 ], [ -8476788.868375889956951, 5319036.863355796784163 ], [ -8476788.831050425767899, 5319036.863355796784163 ], [ -8476788.831050425767899, 5319036.938005712814629 ], [ -8476788.793724963441491, 5319036.938005712814629 ], [ -8476788.793724963441491, 5319037.012655627913773 ], [ -8476788.756399499252439, 5319037.012655627913773 ], [ -8476788.756399499252439, 5319037.08730554394424 ], [ -8476788.719074035063386, 5319037.08730554394424 ], [ -8476788.719074035063386, 5319037.124630502425134 ], [ -8476788.681748572736979, 5319037.124630502425134 ], [ -8476788.681748572736979, 5319037.199280418455601 ], [ -8476788.644423108547926, 5319037.199280418455601 ], [ -8476788.644423108547926, 5319037.609854956157506 ], [ -8476788.607097646221519, 5319037.609854956157506 ], [ -8476788.607097646221519, 5319037.684504872187972 ], [ -8476788.532446719706059, 5319037.684504872187972 ], [ -8476788.532446719706059, 5319037.6471799146384 ], [ -8476788.495121255517006, 5319037.6471799146384 ], [ -8476788.495121255517006, 5319037.609854956157506 ], [ -8476788.457795791327953, 5319037.609854956157506 ], [ -8476788.457795791327953, 5319037.497880082577467 ], [ -8476788.420470329001546, 5319037.497880082577467 ], [ -8476788.420470329001546, 5319037.423230166547 ], [ -8476788.383144864812493, 5319037.423230166547 ], [ -8476788.383144864812493, 5319037.385905208066106 ], [ -8476788.345819402486086, 5319037.385905208066106 ], [ -8476788.345819402486086, 5319037.348580250516534 ], [ -8476788.308493938297033, 5319037.348580250516534 ], [ -8476788.308493938297033, 5319037.311255292035639 ], [ -8476788.196517547592521, 5319037.311255292035639 ], [ -8476788.196517547592521, 5319037.273930334486067 ], [ -8476788.084541158750653, 5319037.273930334486067 ], [ -8476788.084541158750653, 5319037.311255292035639 ], [ -8476787.972564768046141, 5319037.311255292035639 ], [ -8476787.972564768046141, 5319037.348580250516534 ], [ -8476787.897913841530681, 5319037.348580250516534 ], [ -8476787.897913841530681, 5319037.385905208066106 ], [ -8476787.860588377341628, 5319037.385905208066106 ], [ -8476787.860588377341628, 5319037.423230166547 ], [ -8476787.823262915015221, 5319037.423230166547 ], [ -8476787.823262915015221, 5319037.460555124096572 ], [ -8476787.785937450826168, 5319037.460555124096572 ], [ -8476787.785937450826168, 5319037.497880082577467 ], [ -8476787.748611986637115, 5319037.497880082577467 ], [ -8476787.748611986637115, 5319037.572529998607934 ], [ -8476787.711286524310708, 5319037.572529998607934 ], [ -8476787.711286524310708, 5319037.609854956157506 ], [ -8476787.673961060121655, 5319037.609854956157506 ], [ -8476787.673961060121655, 5319037.6471799146384 ], [ -8476787.599310133606195, 5319037.6471799146384 ], [ -8476787.599310133606195, 5319037.609854956157506 ], [ -8476787.561984671279788, 5319037.609854956157506 ], [ -8476787.561984671279788, 5319037.572529998607934 ], [ -8476787.524659207090735, 5319037.572529998607934 ], [ -8476787.524659207090735, 5319037.535205040127039 ], [ -8476787.487333742901683, 5319037.535205040127039 ], [ -8476787.487333742901683, 5319037.497880082577467 ], [ -8476787.450008280575275, 5319037.497880082577467 ], [ -8476787.450008280575275, 5319037.460555124096572 ], [ -8476787.375357354059815, 5319037.460555124096572 ], [ -8476787.375357354059815, 5319037.423230166547 ], [ -8476787.300706427544355, 5319037.423230166547 ], [ -8476787.300706427544355, 5319037.385905208066106 ], [ -8476787.114079110324383, 5319037.385905208066106 ], [ -8476787.114079110324383, 5319037.348580250516534 ], [ -8476786.964777255430818, 5319037.348580250516534 ], [ -8476786.964777255430818, 5319037.311255292035639 ], [ -8476786.92745179310441, 5319037.311255292035639 ], [ -8476786.92745179310441, 5319037.199280418455601 ], [ -8476786.890126328915358, 5319037.199280418455601 ], [ -8476786.890126328915358, 5319037.161955459974706 ], [ -8476786.815475402399898, 5319037.161955459974706 ], [ -8476786.815475402399898, 5319037.124630502425134 ], [ -8476786.292918914929032, 5319037.124630502425134 ], [ -8476786.292918914929032, 5319037.161955459974706 ], [ -8476786.218267988413572, 5319037.161955459974706 ], [ -8476786.218267988413572, 5319037.199280418455601 ], [ -8476786.143617061898112, 5319037.199280418455601 ], [ -8476786.143617061898112, 5319037.236605376005173 ], [ -8476786.068966135382652, 5319037.236605376005173 ], [ -8476786.068966135382652, 5319037.273930334486067 ], [ -8476786.0316406711936, 5319037.273930334486067 ], [ -8476786.0316406711936, 5319037.311255292035639 ], [ -8476785.994315207004547, 5319037.311255292035639 ], [ -8476785.994315207004547, 5319037.535205040127039 ], [ -8476785.95698974467814, 5319037.535205040127039 ], [ -8476785.95698974467814, 5319037.572529998607934 ], [ -8476785.994315207004547, 5319037.572529998607934 ], [ -8476785.994315207004547, 5319037.684504872187972 ], [ -8476786.0316406711936, 5319037.684504872187972 ], [ -8476786.0316406711936, 5319037.721829829737544 ], [ -8476786.10629159770906, 5319037.721829829737544 ], [ -8476786.10629159770906, 5319037.759154788218439 ], [ -8476786.330244379118085, 5319037.759154788218439 ], [ -8476786.330244379118085, 5319037.796479745768011 ], [ -8476786.404895305633545, 5319037.796479745768011 ], [ -8476786.404895305633545, 5319037.833804704248905 ], [ -8476786.442220767959952, 5319037.833804704248905 ], [ -8476786.442220767959952, 5319037.871129661798477 ], [ -8476786.479546232149005, 5319037.871129661798477 ], [ -8476786.479546232149005, 5319038.095079409889877 ], [ -8476786.516871696338058, 5319038.095079409889877 ], [ -8476786.516871696338058, 5319038.132404368370771 ], [ -8476786.703499011695385, 5319038.132404368370771 ], [ -8476786.703499011695385, 5319038.169729325920343 ], [ -8476786.815475402399898, 5319038.169729325920343 ], [ -8476786.815475402399898, 5319038.207054284401238 ], [ -8476786.890126328915358, 5319038.207054284401238 ], [ -8476786.890126328915358, 5319038.319029157981277 ], [ -8476786.815475402399898, 5319038.319029157981277 ], [ -8476786.815475402399898, 5319038.356354116462171 ], [ -8476786.740824475884438, 5319038.356354116462171 ], [ -8476786.740824475884438, 5319038.393679074011743 ], [ -8476786.666173549368978, 5319038.393679074011743 ], [ -8476786.666173549368978, 5319038.356354116462171 ], [ -8476786.554197158664465, 5319038.356354116462171 ], [ -8476786.554197158664465, 5319038.319029157981277 ], [ -8476786.442220767959952, 5319038.319029157981277 ], [ -8476786.442220767959952, 5319038.24437924195081 ], [ -8476786.404895305633545, 5319038.24437924195081 ], [ -8476786.404895305633545, 5319038.207054284401238 ], [ -8476786.367569841444492, 5319038.207054284401238 ], [ -8476786.367569841444492, 5319038.169729325920343 ], [ -8476786.068966135382652, 5319038.169729325920343 ], [ -8476786.068966135382652, 5319038.207054284401238 ], [ -8476785.95698974467814, 5319038.207054284401238 ], [ -8476785.95698974467814, 5319038.24437924195081 ], [ -8476785.919664280489087, 5319038.24437924195081 ], [ -8476785.919664280489087, 5319038.281704200431705 ], [ -8476785.88233881816268, 5319038.281704200431705 ], [ -8476785.88233881816268, 5319038.319029157981277 ], [ -8476785.770362427458167, 5319038.319029157981277 ], [ -8476785.770362427458167, 5319038.356354116462171 ], [ -8476785.733036963269114, 5319038.356354116462171 ], [ -8476785.733036963269114, 5319038.319029157981277 ], [ -8476785.621060574427247, 5319038.319029157981277 ], [ -8476785.621060574427247, 5319038.281704200431705 ], [ -8476785.583735110238194, 5319038.281704200431705 ], [ -8476785.583735110238194, 5319038.24437924195081 ], [ -8476785.546409647911787, 5319038.24437924195081 ], [ -8476785.546409647911787, 5319038.207054284401238 ], [ -8476785.359782330691814, 5319038.207054284401238 ], [ -8476785.359782330691814, 5319038.169729325920343 ], [ -8476785.210480475798249, 5319038.169729325920343 ], [ -8476785.210480475798249, 5319038.207054284401238 ], [ -8476785.098504086956382, 5319038.207054284401238 ], [ -8476785.098504086956382, 5319038.24437924195081 ], [ -8476785.061178622767329, 5319038.24437924195081 ], [ -8476785.061178622767329, 5319038.281704200431705 ], [ -8476785.023853160440922, 5319038.281704200431705 ], [ -8476785.023853160440922, 5319038.319029157981277 ], [ -8476784.949202232062817, 5319038.319029157981277 ], [ -8476784.949202232062817, 5319038.356354116462171 ], [ -8476784.687923988327384, 5319038.356354116462171 ], [ -8476784.687923988327384, 5319038.319029157981277 ], [ -8476784.613273061811924, 5319038.319029157981277 ], [ -8476784.613273061811924, 5319038.281704200431705 ], [ -8476784.575947599485517, 5319038.281704200431705 ], [ -8476784.575947599485517, 5319038.24437924195081 ], [ -8476784.463971208781004, 5319038.24437924195081 ], [ -8476784.463971208781004, 5319038.207054284401238 ], [ -8476784.202692965045571, 5319038.207054284401238 ], [ -8476784.202692965045571, 5319038.24437924195081 ], [ -8476784.090716574341059, 5319038.24437924195081 ], [ -8476784.090716574341059, 5319038.281704200431705 ], [ -8476784.016065647825599, 5319038.281704200431705 ], [ -8476784.016065647825599, 5319038.319029157981277 ], [ -8476783.941414721310139, 5319038.319029157981277 ], [ -8476783.941414721310139, 5319038.356354116462171 ], [ -8476783.792112868279219, 5319038.356354116462171 ], [ -8476783.792112868279219, 5319038.319029157981277 ], [ -8476783.642811013385653, 5319038.319029157981277 ], [ -8476783.642811013385653, 5319038.281704200431705 ], [ -8476783.530834624543786, 5319038.281704200431705 ], [ -8476783.530834624543786, 5319038.24437924195081 ], [ -8476783.344207307323813, 5319038.24437924195081 ], [ -8476783.344207307323813, 5319038.207054284401238 ], [ -8476783.232230916619301, 5319038.207054284401238 ], [ -8476783.232230916619301, 5319038.169729325920343 ], [ -8476783.194905452430248, 5319038.169729325920343 ], [ -8476783.194905452430248, 5319038.132404368370771 ], [ -8476783.157579990103841, 5319038.132404368370771 ], [ -8476783.157579990103841, 5319038.095079409889877 ], [ -8476783.120254525914788, 5319038.095079409889877 ], [ -8476783.120254525914788, 5319038.057754452340305 ], [ -8476783.082929063588381, 5319038.057754452340305 ], [ -8476783.082929063588381, 5319037.945779577828944 ], [ -8476783.045603599399328, 5319037.945779577828944 ], [ -8476783.045603599399328, 5319037.833804704248905 ], [ -8476783.008278137072921, 5319037.833804704248905 ], [ -8476783.008278137072921, 5319037.759154788218439 ], [ -8476782.970952672883868, 5319037.759154788218439 ], [ -8476782.970952672883868, 5319037.721829829737544 ], [ -8476782.672348964959383, 5319037.721829829737544 ], [ -8476782.672348964959383, 5319037.945779577828944 ], [ -8476782.597698038443923, 5319037.945779577828944 ], [ -8476782.597698038443923, 5319037.983104536309838 ], [ -8476782.48572164773941, 5319037.983104536309838 ], [ -8476782.48572164773941, 5319038.02042949385941 ], [ -8476782.41107072122395, 5319038.02042949385941 ], [ -8476782.41107072122395, 5319037.983104536309838 ], [ -8476782.224443404003978, 5319037.983104536309838 ], [ -8476782.224443404003978, 5319037.945779577828944 ], [ -8476782.075141550973058, 5319037.945779577828944 ], [ -8476782.075141550973058, 5319037.908454620279372 ], [ -8476781.925839697942138, 5319037.908454620279372 ], [ -8476781.925839697942138, 5319037.945779577828944 ], [ -8476781.813863307237625, 5319037.945779577828944 ], [ -8476781.813863307237625, 5319037.983104536309838 ], [ -8476781.589910527691245, 5319037.983104536309838 ], [ -8476781.589910527691245, 5319038.02042949385941 ], [ -8476781.515259601175785, 5319038.02042949385941 ], [ -8476781.515259601175785, 5319037.983104536309838 ], [ -8476781.477934136986732, 5319037.983104536309838 ], [ -8476781.477934136986732, 5319037.945779577828944 ], [ -8476781.44060867279768, 5319037.945779577828944 ], [ -8476781.44060867279768, 5319037.497880082577467 ], [ -8476781.403283210471272, 5319037.497880082577467 ], [ -8476781.403283210471272, 5319037.423230166547 ], [ -8476781.36595774628222, 5319037.423230166547 ], [ -8476781.36595774628222, 5319037.348580250516534 ], [ -8476781.328632283955812, 5319037.348580250516534 ], [ -8476781.328632283955812, 5319037.273930334486067 ], [ -8476781.29130681976676, 5319037.273930334486067 ], [ -8476781.29130681976676, 5319037.161955459974706 ], [ -8476781.253981357440352, 5319037.161955459974706 ], [ -8476781.253981357440352, 5319036.676731006242335 ], [ -8476781.29130681976676, 5319036.676731006242335 ], [ -8476781.29130681976676, 5319036.452781258150935 ], [ -8476781.253981357440352, 5319036.452781258150935 ], [ -8476781.253981357440352, 5319036.340806384570897 ], [ -8476781.2166558932513, 5319036.340806384570897 ], [ -8476781.2166558932513, 5319036.26615646854043 ], [ -8476781.179330429062247, 5319036.26615646854043 ], [ -8476781.179330429062247, 5319036.228831510990858 ], [ -8476781.14200496673584, 5319036.228831510990858 ], [ -8476781.14200496673584, 5319036.191506552509964 ], [ -8476781.104679502546787, 5319036.191506552509964 ], [ -8476781.104679502546787, 5319036.154181594960392 ], [ -8476781.06735404022038, 5319036.154181594960392 ], [ -8476781.06735404022038, 5319036.116856636479497 ], [ -8476780.582123015075922, 5319036.116856636479497 ], [ -8476780.582123015075922, 5319036.079531678929925 ], [ -8476780.544797552749515, 5319036.079531678929925 ], [ -8476780.544797552749515, 5319036.116856636479497 ], [ -8476780.395495697855949, 5319036.116856636479497 ], [ -8476780.395495697855949, 5319036.191506552509964 ], [ -8476780.358170235529542, 5319036.191506552509964 ], [ -8476780.358170235529542, 5319036.26615646854043 ], [ -8476780.320844771340489, 5319036.26615646854043 ], [ -8476780.320844771340489, 5319036.303481426090002 ], [ -8476780.246193844825029, 5319036.303481426090002 ], [ -8476780.246193844825029, 5319036.340806384570897 ], [ -8476780.134217454120517, 5319036.340806384570897 ], [ -8476780.134217454120517, 5319036.378131342120469 ], [ -8476779.984915601089597, 5319036.378131342120469 ], [ -8476779.984915601089597, 5319036.340806384570897 ], [ -8476779.798288283869624, 5319036.340806384570897 ], [ -8476779.798288283869624, 5319036.303481426090002 ], [ -8476779.760962821543217, 5319036.303481426090002 ], [ -8476779.760962821543217, 5319036.26615646854043 ], [ -8476779.686311893165112, 5319036.26615646854043 ], [ -8476779.686311893165112, 5319036.191506552509964 ], [ -8476779.648986430838704, 5319036.191506552509964 ], [ -8476779.648986430838704, 5319036.116856636479497 ], [ -8476779.611660966649652, 5319036.116856636479497 ], [ -8476779.611660966649652, 5319036.154181594960392 ], [ -8476779.574335504323244, 5319036.154181594960392 ], [ -8476779.574335504323244, 5319036.228831510990858 ], [ -8476779.499684577807784, 5319036.228831510990858 ], [ -8476779.499684577807784, 5319036.26615646854043 ], [ -8476779.275731796398759, 5319036.26615646854043 ], [ -8476779.275731796398759, 5319036.303481426090002 ], [ -8476779.051779016852379, 5319036.303481426090002 ], [ -8476779.051779016852379, 5319036.26615646854043 ], [ -8476778.753175308927894, 5319036.26615646854043 ], [ -8476778.753175308927894, 5319036.228831510990858 ], [ -8476778.641198918223381, 5319036.228831510990858 ], [ -8476778.641198918223381, 5319036.303481426090002 ], [ -8476778.603873455896974, 5319036.303481426090002 ], [ -8476778.603873455896974, 5319036.340806384570897 ], [ -8476778.566547991707921, 5319036.340806384570897 ], [ -8476778.566547991707921, 5319036.378131342120469 ], [ -8476778.491897065192461, 5319036.378131342120469 ], [ -8476778.491897065192461, 5319036.415456300601363 ], [ -8476778.379920674487948, 5319036.415456300601363 ], [ -8476778.379920674487948, 5319036.452781258150935 ], [ -8476778.118642430752516, 5319036.452781258150935 ], [ -8476778.118642430752516, 5319036.49010621663183 ], [ -8476777.820038724690676, 5319036.49010621663183 ], [ -8476777.820038724690676, 5319036.527431174181402 ], [ -8476777.670736869797111, 5319036.527431174181402 ], [ -8476777.670736869797111, 5319036.564756132662296 ], [ -8476777.558760480955243, 5319036.564756132662296 ], [ -8476777.558760480955243, 5319036.602081090211868 ], [ -8476777.484109554439783, 5319036.602081090211868 ], [ -8476777.484109554439783, 5319036.639406048692763 ], [ -8476777.372133163735271, 5319036.639406048692763 ], [ -8476777.372133163735271, 5319036.676731006242335 ], [ -8476777.260156773030758, 5319036.676731006242335 ], [ -8476777.260156773030758, 5319036.714055964723229 ], [ -8476777.222831308841705, 5319036.714055964723229 ], [ -8476777.222831308841705, 5319036.676731006242335 ], [ -8476776.812251212075353, 5319036.676731006242335 ], [ -8476776.812251212075353, 5319036.639406048692763 ], [ -8476776.774925749748945, 5319036.639406048692763 ], [ -8476776.774925749748945, 5319036.676731006242335 ], [ -8476775.953765554353595, 5319036.676731006242335 ], [ -8476775.953765554353595, 5319036.714055964723229 ], [ -8476774.834001652896404, 5319036.714055964723229 ], [ -8476774.834001652896404, 5319036.751380922272801 ], [ -8476774.610048871487379, 5319036.751380922272801 ], [ -8476774.610048871487379, 5319036.788705880753696 ], [ -8476774.423421554267406, 5319036.788705880753696 ], [ -8476774.423421554267406, 5319036.826030838303268 ], [ -8476774.311445165425539, 5319036.826030838303268 ], [ -8476774.311445165425539, 5319036.788705880753696 ], [ -8476773.826214140281081, 5319036.788705880753696 ], [ -8476773.826214140281081, 5319036.826030838303268 ], [ -8476773.079704873263836, 5319036.826030838303268 ], [ -8476773.079704873263836, 5319036.788705880753696 ], [ -8476772.893077556043863, 5319036.788705880753696 ], [ -8476772.893077556043863, 5319036.826030838303268 ], [ -8476772.146568287163973, 5319036.826030838303268 ], [ -8476772.146568287163973, 5319036.788705880753696 ], [ -8476771.773313654586673, 5319036.788705880753696 ], [ -8476771.773313654586673, 5319036.751380922272801 ], [ -8476771.250757167115808, 5319036.751380922272801 ], [ -8476771.250757167115808, 5319036.714055964723229 ], [ -8476771.064129849895835, 5319036.714055964723229 ], [ -8476771.064129849895835, 5319036.751380922272801 ], [ -8476770.728200679644942, 5319036.751380922272801 ], [ -8476770.728200679644942, 5319036.788705880753696 ], [ -8476770.242969654500484, 5319036.788705880753696 ], [ -8476770.242969654500484, 5319036.751380922272801 ], [ -8476770.168318727985024, 5319036.751380922272801 ], [ -8476770.168318727985024, 5319036.788705880753696 ], [ -8476769.981691410765052, 5319036.788705880753696 ], [ -8476769.981691410765052, 5319036.826030838303268 ], [ -8476769.832389557734132, 5319036.826030838303268 ], [ -8476769.832389557734132, 5319036.863355796784163 ], [ -8476769.459134923294187, 5319036.863355796784163 ], [ -8476769.459134923294187, 5319036.826030838303268 ], [ -8476768.787276582792401, 5319036.826030838303268 ], [ -8476768.787276582792401, 5319036.863355796784163 ], [ -8476768.712625656276941, 5319036.863355796784163 ], [ -8476768.712625656276941, 5319036.826030838303268 ], [ -8476768.190069166943431, 5319036.826030838303268 ], [ -8476768.190069166943431, 5319036.788705880753696 ], [ -8476767.816814534366131, 5319036.788705880753696 ], [ -8476767.816814534366131, 5319036.751380922272801 ], [ -8476767.07030526548624, 5319036.751380922272801 ], [ -8476767.07030526548624, 5319036.788705880753696 ], [ -8476766.286470534279943, 5319036.788705880753696 ], [ -8476766.286470534279943, 5319036.826030838303268 ], [ -8476766.17449414357543, 5319036.826030838303268 ], [ -8476766.17449414357543, 5319036.863355796784163 ], [ -8476765.987866828218102, 5319036.863355796784163 ], [ -8476765.987866828218102, 5319036.900680754333735 ], [ -8476765.72658858448267, 5319036.900680754333735 ], [ -8476765.72658858448267, 5319036.863355796784163 ], [ -8476765.054730242118239, 5319036.863355796784163 ], [ -8476765.054730242118239, 5319036.900680754333735 ], [ -8476764.905428389087319, 5319036.900680754333735 ], [ -8476764.905428389087319, 5319036.863355796784163 ], [ -8476764.569499218836427, 5319036.863355796784163 ], [ -8476764.569499218836427, 5319036.826030838303268 ], [ -8476764.270895510911942, 5319036.826030838303268 ], [ -8476764.270895510911942, 5319036.788705880753696 ], [ -8476764.009617267176509, 5319036.788705880753696 ], [ -8476764.009617267176509, 5319036.751380922272801 ], [ -8476763.711013561114669, 5319036.751380922272801 ], [ -8476763.711013561114669, 5319036.714055964723229 ], [ -8476763.449735317379236, 5319036.714055964723229 ], [ -8476763.449735317379236, 5319036.751380922272801 ], [ -8476763.188457073643804, 5319036.751380922272801 ], [ -8476763.188457073643804, 5319036.788705880753696 ], [ -8476762.852527901530266, 5319036.788705880753696 ], [ -8476762.852527901530266, 5319036.751380922272801 ], [ -8476762.367296878248453, 5319036.751380922272801 ], [ -8476762.367296878248453, 5319036.788705880753696 ], [ -8476761.994042243808508, 5319036.788705880753696 ], [ -8476761.994042243808508, 5319036.751380922272801 ], [ -8476761.695438537746668, 5319036.751380922272801 ], [ -8476761.695438537746668, 5319036.714055964723229 ], [ -8476761.620787609368563, 5319036.714055964723229 ], [ -8476761.620787609368563, 5319036.751380922272801 ], [ -8476760.948929268866777, 5319036.751380922272801 ], [ -8476760.948929268866777, 5319036.714055964723229 ], [ -8476760.575674634426832, 5319036.714055964723229 ], [ -8476760.575674634426832, 5319036.676731006242335 ], [ -8476760.01579268462956, 5319036.676731006242335 ], [ -8476760.01579268462956, 5319036.639406048692763 ], [ -8476759.455910732969642, 5319036.639406048692763 ], [ -8476759.455910732969642, 5319036.676731006242335 ], [ -8476758.896028781309724, 5319036.676731006242335 ], [ -8476758.896028781309724, 5319036.639406048692763 ], [ -8476758.821377854794264, 5319036.639406048692763 ], [ -8476758.821377854794264, 5319036.676731006242335 ], [ -8476758.597425075247884, 5319036.676731006242335 ], [ -8476758.597425075247884, 5319036.714055964723229 ], [ -8476758.448123222216964, 5319036.714055964723229 ], [ -8476758.448123222216964, 5319036.751380922272801 ], [ -8476758.224170440807939, 5319036.751380922272801 ], [ -8476758.224170440807939, 5319036.714055964723229 ], [ -8476757.029755612835288, 5319036.714055964723229 ], [ -8476757.029755612835288, 5319036.676731006242335 ], [ -8476756.731151904910803, 5319036.676731006242335 ], [ -8476756.731151904910803, 5319036.639406048692763 ], [ -8476756.096619026735425, 5319036.639406048692763 ], [ -8476756.096619026735425, 5319036.602081090211868 ], [ -8476755.27545883320272, 5319036.602081090211868 ], [ -8476755.27545883320272, 5319036.564756132662296 ], [ -8476754.827553272247314, 5319036.564756132662296 ], [ -8476754.827553272247314, 5319036.602081090211868 ], [ -8476753.894416688010097, 5319036.602081090211868 ], [ -8476753.894416688010097, 5319036.639406048692763 ], [ -8476752.700001858174801, 5319036.639406048692763 ], [ -8476752.700001858174801, 5319036.676731006242335 ], [ -8476752.662676395848393, 5319036.676731006242335 ], [ -8476752.662676395848393, 5319036.639406048692763 ], [ -8476751.87884166277945, 5319036.639406048692763 ], [ -8476751.87884166277945, 5319036.602081090211868 ], [ -8476751.766865273937583, 5319036.602081090211868 ], [ -8476751.766865273937583, 5319036.564756132662296 ], [ -8476751.72953980974853, 5319036.564756132662296 ], [ -8476751.72953980974853, 5319036.527431174181402 ], [ -8476751.692214347422123, 5319036.527431174181402 ], [ -8476751.692214347422123, 5319036.49010621663183 ], [ -8476751.617563419044018, 5319036.49010621663183 ], [ -8476751.617563419044018, 5319036.452781258150935 ], [ -8476751.50558703020215, 5319036.452781258150935 ], [ -8476751.50558703020215, 5319036.415456300601363 ], [ -8476751.393610639497638, 5319036.415456300601363 ], [ -8476751.393610639497638, 5319036.378131342120469 ], [ -8476751.095006931573153, 5319036.378131342120469 ], [ -8476751.095006931573153, 5319036.415456300601363 ], [ -8476750.871054152026772, 5319036.415456300601363 ], [ -8476750.871054152026772, 5319036.452781258150935 ], [ -8476750.75907776132226, 5319036.452781258150935 ], [ -8476750.75907776132226, 5319036.527431174181402 ], [ -8476750.796403225511312, 5319036.527431174181402 ], [ -8476750.796403225511312, 5319036.564756132662296 ], [ -8476750.83372868783772, 5319036.564756132662296 ], [ -8476750.83372868783772, 5319036.602081090211868 ], [ -8476750.908379616215825, 5319036.602081090211868 ], [ -8476750.908379616215825, 5319036.639406048692763 ], [ -8476750.945705078542233, 5319036.639406048692763 ], [ -8476750.945705078542233, 5319036.676731006242335 ], [ -8476750.983030542731285, 5319036.676731006242335 ], [ -8476750.983030542731285, 5319036.714055964723229 ], [ -8476751.020356005057693, 5319036.714055964723229 ], [ -8476751.020356005057693, 5319036.751380922272801 ], [ -8476751.057681469246745, 5319036.751380922272801 ], [ -8476751.057681469246745, 5319036.788705880753696 ], [ -8476751.095006931573153, 5319036.788705880753696 ], [ -8476751.095006931573153, 5319036.826030838303268 ], [ -8476751.132332395762205, 5319036.826030838303268 ], [ -8476751.132332395762205, 5319036.863355796784163 ], [ -8476751.095006931573153, 5319036.863355796784163 ], [ -8476751.095006931573153, 5319036.900680754333735 ], [ -8476751.057681469246745, 5319036.900680754333735 ], [ -8476751.057681469246745, 5319036.975330670364201 ], [ -8476750.983030542731285, 5319036.975330670364201 ], [ -8476750.983030542731285, 5319037.012655627913773 ], [ -8476750.945705078542233, 5319037.012655627913773 ], [ -8476750.945705078542233, 5319037.049980586394668 ], [ -8476750.871054152026772, 5319037.049980586394668 ], [ -8476750.871054152026772, 5319037.08730554394424 ], [ -8476750.124544883146882, 5319037.08730554394424 ], [ -8476750.124544883146882, 5319037.124630502425134 ], [ -8476749.975243030115962, 5319037.124630502425134 ], [ -8476749.975243030115962, 5319037.161955459974706 ], [ -8476749.863266639411449, 5319037.161955459974706 ], [ -8476749.863266639411449, 5319037.199280418455601 ], [ -8476749.751290250569582, 5319037.199280418455601 ], [ -8476749.751290250569582, 5319037.236605376005173 ], [ -8476749.490012006834149, 5319037.236605376005173 ], [ -8476749.490012006834149, 5319037.273930334486067 ], [ -8476749.303384689614177, 5319037.273930334486067 ], [ -8476749.303384689614177, 5319037.236605376005173 ], [ -8476749.154082836583257, 5319037.236605376005173 ], [ -8476749.154082836583257, 5319037.199280418455601 ], [ -8476748.930130055174232, 5319037.199280418455601 ], [ -8476748.930130055174232, 5319037.161955459974706 ], [ -8476748.743502737954259, 5319037.161955459974706 ], [ -8476748.743502737954259, 5319037.124630502425134 ], [ -8476748.631526349112391, 5319037.124630502425134 ], [ -8476748.631526349112391, 5319037.08730554394424 ], [ -8476748.594200884923339, 5319037.08730554394424 ], [ -8476748.594200884923339, 5319037.049980586394668 ], [ -8476748.556875420734286, 5319037.049980586394668 ], [ -8476748.556875420734286, 5319037.012655627913773 ], [ -8476748.519549958407879, 5319037.012655627913773 ], [ -8476748.519549958407879, 5319036.975330670364201 ], [ -8476748.482224494218826, 5319036.975330670364201 ], [ -8476748.482224494218826, 5319036.863355796784163 ], [ -8476748.444899031892419, 5319036.863355796784163 ], [ -8476748.444899031892419, 5319036.826030838303268 ], [ -8476748.370248103514314, 5319036.826030838303268 ], [ -8476748.370248103514314, 5319036.863355796784163 ], [ -8476748.258271714672446, 5319036.863355796784163 ], [ -8476748.258271714672446, 5319036.900680754333735 ], [ -8476748.108969859778881, 5319036.900680754333735 ], [ -8476748.108969859778881, 5319036.938005712814629 ], [ -8476747.698389763012528, 5319036.938005712814629 ], [ -8476747.698389763012528, 5319036.900680754333735 ], [ -8476747.474436983466148, 5319036.900680754333735 ], [ -8476747.474436983466148, 5319037.012655627913773 ], [ -8476747.437111519277096, 5319037.012655627913773 ], [ -8476747.437111519277096, 5319037.08730554394424 ], [ -8476747.399786056950688, 5319037.08730554394424 ], [ -8476747.399786056950688, 5319037.124630502425134 ], [ -8476747.362460592761636, 5319037.124630502425134 ], [ -8476747.362460592761636, 5319037.161955459974706 ], [ -8476747.325135128572583, 5319037.161955459974706 ], [ -8476747.325135128572583, 5319037.199280418455601 ], [ -8476747.287809666246176, 5319037.199280418455601 ], [ -8476747.287809666246176, 5319037.236605376005173 ], [ -8476747.250484202057123, 5319037.236605376005173 ], [ -8476747.250484202057123, 5319037.273930334486067 ], [ -8476747.213158739730716, 5319037.273930334486067 ], [ -8476747.213158739730716, 5319037.311255292035639 ], [ -8476747.175833275541663, 5319037.311255292035639 ], [ -8476747.175833275541663, 5319037.348580250516534 ], [ -8476747.138507813215256, 5319037.348580250516534 ], [ -8476747.138507813215256, 5319037.385905208066106 ], [ -8476747.101182349026203, 5319037.385905208066106 ], [ -8476747.101182349026203, 5319037.423230166547 ], [ -8476747.063856884837151, 5319037.423230166547 ], [ -8476747.063856884837151, 5319037.497880082577467 ], [ -8476746.951880495995283, 5319037.497880082577467 ], [ -8476746.951880495995283, 5319037.460555124096572 ], [ -8476746.727927714586258, 5319037.460555124096572 ], [ -8476746.727927714586258, 5319037.423230166547 ], [ -8476746.541300397366285, 5319037.423230166547 ], [ -8476746.541300397366285, 5319037.460555124096572 ], [ -8476746.466649470850825, 5319037.460555124096572 ], [ -8476746.466649470850825, 5319037.497880082577467 ], [ -8476746.429324008524418, 5319037.497880082577467 ], [ -8476746.429324008524418, 5319037.535205040127039 ], [ -8476746.391998544335365, 5319037.535205040127039 ], [ -8476746.391998544335365, 5319037.6471799146384 ], [ -8476746.429324008524418, 5319037.6471799146384 ], [ -8476746.429324008524418, 5319037.684504872187972 ], [ -8476746.466649470850825, 5319037.684504872187972 ], [ -8476746.466649470850825, 5319037.721829829737544 ], [ -8476746.503974935039878, 5319037.721829829737544 ], [ -8476746.503974935039878, 5319037.759154788218439 ], [ -8476746.578625861555338, 5319037.759154788218439 ], [ -8476746.578625861555338, 5319037.796479745768011 ], [ -8476746.653276788070798, 5319037.796479745768011 ], [ -8476746.653276788070798, 5319037.833804704248905 ], [ -8476746.690602252259851, 5319037.833804704248905 ], [ -8476746.690602252259851, 5319037.908454620279372 ], [ -8476746.727927714586258, 5319037.908454620279372 ], [ -8476746.727927714586258, 5319037.945779577828944 ], [ -8476746.690602252259851, 5319037.945779577828944 ], [ -8476746.690602252259851, 5319037.983104536309838 ], [ -8476746.653276788070798, 5319037.983104536309838 ], [ -8476746.653276788070798, 5319038.02042949385941 ], [ -8476746.615951323881745, 5319038.02042949385941 ], [ -8476746.615951323881745, 5319038.057754452340305 ], [ -8476746.317347617819905, 5319038.057754452340305 ], [ -8476746.317347617819905, 5319038.095079409889877 ], [ -8476746.280022153630853, 5319038.095079409889877 ], [ -8476746.280022153630853, 5319038.132404368370771 ], [ -8476746.242696691304445, 5319038.132404368370771 ], [ -8476746.242696691304445, 5319038.281704200431705 ], [ -8476746.205371227115393, 5319038.281704200431705 ], [ -8476746.205371227115393, 5319038.319029157981277 ], [ -8476745.72014020383358, 5319038.319029157981277 ], [ -8476745.72014020383358, 5319038.281704200431705 ], [ -8476745.570838348940015, 5319038.281704200431705 ], [ -8476745.570838348940015, 5319038.24437924195081 ], [ -8476745.496187422424555, 5319038.24437924195081 ], [ -8476745.496187422424555, 5319038.169729325920343 ], [ -8476745.458861960098147, 5319038.169729325920343 ], [ -8476745.458861960098147, 5319038.057754452340305 ], [ -8476745.421536495909095, 5319038.057754452340305 ], [ -8476745.421536495909095, 5319037.796479745768011 ], [ -8476745.458861960098147, 5319037.796479745768011 ], [ -8476745.458861960098147, 5319037.684504872187972 ], [ -8476745.496187422424555, 5319037.684504872187972 ], [ -8476745.496187422424555, 5319037.6471799146384 ], [ -8476745.533512886613607, 5319037.6471799146384 ], [ -8476745.533512886613607, 5319037.609854956157506 ], [ -8476745.608163813129067, 5319037.609854956157506 ], [ -8476745.608163813129067, 5319037.535205040127039 ], [ -8476745.533512886613607, 5319037.535205040127039 ], [ -8476745.533512886613607, 5319037.497880082577467 ], [ -8476745.458861960098147, 5319037.497880082577467 ], [ -8476745.458861960098147, 5319037.460555124096572 ], [ -8476745.421536495909095, 5319037.460555124096572 ], [ -8476745.421536495909095, 5319037.385905208066106 ], [ -8476745.384211033582687, 5319037.385905208066106 ], [ -8476745.384211033582687, 5319037.273930334486067 ], [ -8476745.346885569393635, 5319037.273930334486067 ], [ -8476745.346885569393635, 5319037.199280418455601 ], [ -8476745.309560105204582, 5319037.199280418455601 ], [ -8476745.309560105204582, 5319037.161955459974706 ], [ -8476745.272234642878175, 5319037.161955459974706 ], [ -8476745.272234642878175, 5319037.124630502425134 ], [ -8476745.234909178689122, 5319037.124630502425134 ], [ -8476745.234909178689122, 5319037.08730554394424 ], [ -8476745.160258252173662, 5319037.08730554394424 ], [ -8476745.160258252173662, 5319037.049980586394668 ], [ -8476745.04828186146915, 5319037.049980586394668 ], [ -8476745.04828186146915, 5319037.012655627913773 ], [ -8476744.936305472627282, 5319037.012655627913773 ], [ -8476744.936305472627282, 5319036.975330670364201 ], [ -8476744.861654546111822, 5319036.975330670364201 ], [ -8476744.861654546111822, 5319036.938005712814629 ], [ -8476744.82432908192277, 5319036.938005712814629 ], [ -8476744.82432908192277, 5319036.900680754333735 ], [ -8476744.787003617733717, 5319036.900680754333735 ], [ -8476744.787003617733717, 5319036.863355796784163 ], [ -8476744.74967815540731, 5319036.863355796784163 ], [ -8476744.74967815540731, 5319036.826030838303268 ], [ -8476744.563050838187337, 5319036.826030838303268 ], [ -8476744.563050838187337, 5319036.863355796784163 ], [ -8476744.525725373998284, 5319036.863355796784163 ], [ -8476744.525725373998284, 5319036.900680754333735 ], [ -8476744.488399911671877, 5319036.900680754333735 ], [ -8476744.488399911671877, 5319036.975330670364201 ], [ -8476744.451074447482824, 5319036.975330670364201 ], [ -8476744.451074447482824, 5319037.012655627913773 ], [ -8476744.413748985156417, 5319037.012655627913773 ], [ -8476744.413748985156417, 5319037.049980586394668 ], [ -8476744.376423520967364, 5319037.049980586394668 ], [ -8476744.376423520967364, 5319037.08730554394424 ], [ -8476744.339098056778312, 5319037.08730554394424 ], [ -8476744.339098056778312, 5319037.124630502425134 ], [ -8476744.264447130262852, 5319037.124630502425134 ], [ -8476744.264447130262852, 5319037.161955459974706 ], [ -8476744.227121667936444, 5319037.161955459974706 ], [ -8476744.227121667936444, 5319037.199280418455601 ], [ -8476744.077819813042879, 5319037.199280418455601 ], [ -8476744.077819813042879, 5319037.161955459974706 ], [ -8476743.928517960011959, 5319037.161955459974706 ], [ -8476743.928517960011959, 5319037.124630502425134 ], [ -8476743.853867033496499, 5319037.124630502425134 ], [ -8476743.853867033496499, 5319037.08730554394424 ], [ -8476743.779216106981039, 5319037.08730554394424 ], [ -8476743.779216106981039, 5319037.049980586394668 ], [ -8476743.741890642791986, 5319037.049980586394668 ], [ -8476743.741890642791986, 5319037.012655627913773 ], [ -8476743.032706838101149, 5319037.012655627913773 ], [ -8476743.032706838101149, 5319036.975330670364201 ], [ -8476742.920730449259281, 5319036.975330670364201 ], [ -8476742.920730449259281, 5319036.938005712814629 ], [ -8476742.883404985070229, 5319036.938005712814629 ], [ -8476742.883404985070229, 5319036.863355796784163 ], [ -8476742.846079520881176, 5319036.863355796784163 ], [ -8476742.846079520881176, 5319036.826030838303268 ], [ -8476742.696777667850256, 5319036.826030838303268 ], [ -8476742.696777667850256, 5319036.863355796784163 ], [ -8476742.659452205523849, 5319036.863355796784163 ], [ -8476742.659452205523849, 5319036.975330670364201 ], [ -8476742.622126741334796, 5319036.975330670364201 ], [ -8476742.622126741334796, 5319037.049980586394668 ], [ -8476742.584801277145743, 5319037.049980586394668 ], [ -8476742.584801277145743, 5319037.08730554394424 ], [ -8476742.547475814819336, 5319037.08730554394424 ], [ -8476742.547475814819336, 5319037.124630502425134 ], [ -8476742.472824888303876, 5319037.124630502425134 ], [ -8476742.472824888303876, 5319037.161955459974706 ], [ -8476742.323523033410311, 5319037.161955459974706 ], [ -8476742.323523033410311, 5319037.199280418455601 ], [ -8476742.136895718052983, 5319037.199280418455601 ], [ -8476742.136895718052983, 5319037.236605376005173 ], [ -8476741.800966545939445, 5319037.236605376005173 ], [ -8476741.800966545939445, 5319037.08730554394424 ], [ -8476741.838292010128498, 5319037.08730554394424 ], [ -8476741.838292010128498, 5319037.049980586394668 ], [ -8476741.875617474317551, 5319037.049980586394668 ], [ -8476741.875617474317551, 5319037.012655627913773 ], [ -8476741.912942936643958, 5319037.012655627913773 ], [ -8476741.912942936643958, 5319036.826030838303268 ], [ -8476741.800966545939445, 5319036.826030838303268 ], [ -8476741.800966545939445, 5319036.788705880753696 ], [ -8476741.539688302204013, 5319036.788705880753696 ], [ -8476741.539688302204013, 5319036.751380922272801 ], [ -8476741.502362839877605, 5319036.751380922272801 ], [ -8476741.502362839877605, 5319036.714055964723229 ], [ -8476741.465037375688553, 5319036.714055964723229 ], [ -8476741.465037375688553, 5319036.49010621663183 ], [ -8476741.427711913362145, 5319036.49010621663183 ], [ -8476741.427711913362145, 5319036.452781258150935 ], [ -8476741.27841005846858, 5319036.452781258150935 ], [ -8476741.27841005846858, 5319036.49010621663183 ], [ -8476741.241084596142173, 5319036.49010621663183 ], [ -8476741.241084596142173, 5319036.564756132662296 ], [ -8476741.20375913195312, 5319036.564756132662296 ], [ -8476741.20375913195312, 5319036.602081090211868 ], [ -8476741.166433669626713, 5319036.602081090211868 ], [ -8476741.166433669626713, 5319036.639406048692763 ], [ -8476741.12910820543766, 5319036.639406048692763 ], [ -8476741.12910820543766, 5319036.676731006242335 ], [ -8476740.90515542589128, 5319036.676731006242335 ], [ -8476740.90515542589128, 5319036.714055964723229 ], [ -8476740.755853570997715, 5319036.714055964723229 ], [ -8476740.755853570997715, 5319036.751380922272801 ], [ -8476740.643877182155848, 5319036.751380922272801 ], [ -8476740.643877182155848, 5319036.788705880753696 ], [ -8476740.569226253777742, 5319036.788705880753696 ], [ -8476740.569226253777742, 5319036.826030838303268 ], [ -8476740.531900791451335, 5319036.826030838303268 ], [ -8476740.531900791451335, 5319036.863355796784163 ], [ -8476740.494575327262282, 5319036.863355796784163 ], [ -8476740.494575327262282, 5319036.900680754333735 ], [ -8476740.457249864935875, 5319036.900680754333735 ], [ -8476740.457249864935875, 5319036.938005712814629 ], [ -8476740.419924400746822, 5319036.938005712814629 ], [ -8476740.419924400746822, 5319036.975330670364201 ], [ -8476740.382598938420415, 5319036.975330670364201 ], [ -8476740.382598938420415, 5319036.938005712814629 ], [ -8476740.30794801004231, 5319036.938005712814629 ], [ -8476740.30794801004231, 5319036.900680754333735 ], [ -8476740.270622547715902, 5319036.900680754333735 ], [ -8476740.270622547715902, 5319036.863355796784163 ], [ -8476740.23329708352685, 5319036.863355796784163 ], [ -8476740.23329708352685, 5319036.826030838303268 ], [ -8476740.121320694684982, 5319036.826030838303268 ], [ -8476740.121320694684982, 5319036.788705880753696 ], [ -8476739.972018839791417, 5319036.788705880753696 ], [ -8476739.972018839791417, 5319036.751380922272801 ], [ -8476739.897367913275957, 5319036.751380922272801 ], [ -8476739.897367913275957, 5319036.714055964723229 ], [ -8476739.86004245094955, 5319036.714055964723229 ], [ -8476739.86004245094955, 5319036.639406048692763 ], [ -8476739.822716986760497, 5319036.639406048692763 ], [ -8476739.822716986760497, 5319036.564756132662296 ], [ -8476739.785391522571445, 5319036.564756132662296 ], [ -8476739.785391522571445, 5319036.452781258150935 ], [ -8476739.748066060245037, 5319036.452781258150935 ], [ -8476739.748066060245037, 5319036.378131342120469 ], [ -8476739.710740596055984, 5319036.378131342120469 ], [ -8476739.710740596055984, 5319036.340806384570897 ], [ -8476739.673415133729577, 5319036.340806384570897 ], [ -8476739.673415133729577, 5319036.303481426090002 ], [ -8476739.636089669540524, 5319036.303481426090002 ], [ -8476739.636089669540524, 5319036.26615646854043 ], [ -8476739.598764207214117, 5319036.26615646854043 ], [ -8476739.598764207214117, 5319036.228831510990858 ], [ -8476739.524113278836012, 5319036.228831510990858 ], [ -8476739.524113278836012, 5319036.191506552509964 ], [ -8476739.374811425805092, 5319036.191506552509964 ], [ -8476739.374811425805092, 5319036.154181594960392 ], [ -8476739.262835035100579, 5319036.154181594960392 ], [ -8476739.262835035100579, 5319036.116856636479497 ], [ -8476738.889580402523279, 5319036.116856636479497 ], [ -8476738.889580402523279, 5319036.154181594960392 ], [ -8476738.852254938334227, 5319036.154181594960392 ], [ -8476738.852254938334227, 5319036.191506552509964 ], [ -8476738.814929474145174, 5319036.191506552509964 ], [ -8476738.814929474145174, 5319036.228831510990858 ], [ -8476738.740278547629714, 5319036.228831510990858 ], [ -8476738.740278547629714, 5319036.26615646854043 ], [ -8476738.628302158787847, 5319036.26615646854043 ], [ -8476738.628302158787847, 5319036.303481426090002 ], [ -8476737.993769280612469, 5319036.303481426090002 ], [ -8476737.993769280612469, 5319036.26615646854043 ], [ -8476737.769816499203444, 5319036.26615646854043 ], [ -8476737.769816499203444, 5319036.228831510990858 ], [ -8476736.985981767997146, 5319036.228831510990858 ], [ -8476736.985981767997146, 5319036.26615646854043 ], [ -8476736.762028988450766, 5319036.26615646854043 ], [ -8476736.762028988450766, 5319036.303481426090002 ], [ -8476734.037270160391927, 5319036.303481426090002 ], [ -8476734.037270160391927, 5319036.26615646854043 ], [ -8476730.67797845415771, 5319036.26615646854043 ], [ -8476730.67797845415771, 5319036.228831510990858 ], [ -8476730.416700210422277, 5319036.228831510990858 ], [ -8476730.416700210422277, 5319036.26615646854043 ], [ -8476728.587752504274249, 5319036.26615646854043 ], [ -8476728.587752504274249, 5319036.228831510990858 ], [ -8476727.990545090287924, 5319036.228831510990858 ], [ -8476727.990545090287924, 5319036.191506552509964 ], [ -8476726.833455724641681, 5319036.191506552509964 ], [ -8476726.833455724641681, 5319036.154181594960392 ], [ -8476726.609502945095301, 5319036.154181594960392 ], [ -8476726.609502945095301, 5319036.191506552509964 ], [ -8476724.9671825543046, 5319036.191506552509964 ], [ -8476724.9671825543046, 5319036.154181594960392 ], [ -8476723.959395043551922, 5319036.154181594960392 ], [ -8476723.959395043551922, 5319036.116856636479497 ], [ -8476722.653003824874759, 5319036.116856636479497 ], [ -8476722.653003824874759, 5319036.079531678929925 ], [ -8476718.584528313949704, 5319036.079531678929925 ], [ -8476718.584528313949704, 5319036.116856636479497 ], [ -8476718.435226460918784, 5319036.116856636479497 ], [ -8476718.435226460918784, 5319036.154181594960392 ], [ -8476718.397900996729732, 5319036.154181594960392 ], [ -8476718.397900996729732, 5319036.228831510990858 ], [ -8476718.360575534403324, 5319036.228831510990858 ], [ -8476718.360575534403324, 5319036.26615646854043 ], [ -8476718.323250070214272, 5319036.26615646854043 ], [ -8476718.323250070214272, 5319036.303481426090002 ], [ -8476718.285924607887864, 5319036.303481426090002 ], [ -8476718.285924607887864, 5319036.378131342120469 ], [ -8476718.248599143698812, 5319036.378131342120469 ], [ -8476718.248599143698812, 5319036.415456300601363 ], [ -8476718.211273679509759, 5319036.415456300601363 ], [ -8476718.211273679509759, 5319036.49010621663183 ], [ -8476718.173948217183352, 5319036.49010621663183 ], [ -8476718.173948217183352, 5319036.602081090211868 ], [ -8476718.136622752994299, 5319036.602081090211868 ], [ -8476718.136622752994299, 5319036.676731006242335 ], [ -8476718.099297290667892, 5319036.676731006242335 ], [ -8476718.099297290667892, 5319036.826030838303268 ], [ -8476718.061971826478839, 5319036.826030838303268 ], [ -8476718.061971826478839, 5319036.938005712814629 ], [ -8476718.099297290667892, 5319036.938005712814629 ], [ -8476718.099297290667892, 5319037.161955459974706 ], [ -8476718.136622752994299, 5319037.161955459974706 ], [ -8476718.136622752994299, 5319037.236605376005173 ], [ -8476718.099297290667892, 5319037.236605376005173 ], [ -8476718.099297290667892, 5319037.348580250516534 ], [ -8476718.061971826478839, 5319037.348580250516534 ], [ -8476718.061971826478839, 5319037.460555124096572 ], [ -8476718.024646364152431, 5319037.460555124096572 ], [ -8476718.024646364152431, 5319037.796479745768011 ], [ -8476718.061971826478839, 5319037.796479745768011 ], [ -8476718.061971826478839, 5319038.057754452340305 ], [ -8476718.024646364152431, 5319038.057754452340305 ], [ -8476718.024646364152431, 5319038.617628822103143 ], [ -8476718.061971826478839, 5319038.617628822103143 ], [ -8476718.061971826478839, 5319038.654953779652715 ], [ -8476718.024646364152431, 5319038.654953779652715 ], [ -8476718.024646364152431, 5319038.766928654164076 ], [ -8476717.987320899963379, 5319038.766928654164076 ], [ -8476717.987320899963379, 5319038.878903527744114 ], [ -8476717.949995435774326, 5319038.878903527744114 ], [ -8476717.949995435774326, 5319039.102853275835514 ], [ -8476717.912669973447919, 5319039.102853275835514 ], [ -8476717.912669973447919, 5319039.438777897506952 ], [ -8476717.875344509258866, 5319039.438777897506952 ], [ -8476717.875344509258866, 5319039.513427813537419 ], [ -8476717.838019046932459, 5319039.513427813537419 ], [ -8476717.838019046932459, 5319039.588077729567885 ], [ -8476717.800693582743406, 5319039.588077729567885 ], [ -8476717.800693582743406, 5319039.62540268804878 ], [ -8476717.763368120416999, 5319039.62540268804878 ], [ -8476717.763368120416999, 5319039.700052604079247 ], [ -8476717.726042656227946, 5319039.700052604079247 ], [ -8476717.726042656227946, 5319039.774702520109713 ], [ -8476717.688717192038894, 5319039.774702520109713 ], [ -8476717.688717192038894, 5319039.812027477659285 ], [ -8476717.651391729712486, 5319039.812027477659285 ], [ -8476717.651391729712486, 5319039.886677393689752 ], [ -8476717.614066265523434, 5319039.886677393689752 ], [ -8476717.614066265523434, 5319039.961327309720218 ], [ -8476717.576740803197026, 5319039.961327309720218 ], [ -8476717.576740803197026, 5319040.035977225750685 ], [ -8476717.539415339007974, 5319040.035977225750685 ], [ -8476717.539415339007974, 5319040.185277057811618 ], [ -8476717.502089874818921, 5319040.185277057811618 ], [ -8476717.502089874818921, 5319040.44655176345259 ], [ -8476717.464764412492514, 5319040.44655176345259 ], [ -8476717.464764412492514, 5319040.670501511543989 ], [ -8476717.427438948303461, 5319040.670501511543989 ], [ -8476717.427438948303461, 5319041.118401007726789 ], [ -8476717.390113485977054, 5319041.118401007726789 ], [ -8476717.390113485977054, 5319041.566300502978265 ], [ -8476717.427438948303461, 5319041.566300502978265 ], [ -8476717.427438948303461, 5319042.238149747252464 ], [ -8476717.390113485977054, 5319042.238149747252464 ], [ -8476717.390113485977054, 5319042.387449579313397 ], [ -8476717.427438948303461, 5319042.387449579313397 ], [ -8476717.427438948303461, 5319043.619173193350434 ], [ -8476717.390113485977054, 5319043.619173193350434 ], [ -8476717.390113485977054, 5319044.328347395174205 ], [ -8476717.352788021788001, 5319044.328347395174205 ], [ -8476717.352788021788001, 5319044.477647226303816 ], [ -8476717.390113485977054, 5319044.477647226303816 ], [ -8476717.390113485977054, 5319046.194595294073224 ], [ -8476717.427438948303461, 5319046.194595294073224 ], [ -8476717.427438948303461, 5319046.306570168584585 ], [ -8476717.390113485977054, 5319046.306570168584585 ], [ -8476717.390113485977054, 5319047.426318908110261 ], [ -8476717.427438948303461, 5319047.426318908110261 ], [ -8476717.427438948303461, 5319047.612943697720766 ], [ -8476717.464764412492514, 5319047.612943697720766 ], [ -8476717.464764412492514, 5319047.762243529781699 ], [ -8476717.427438948303461, 5319047.762243529781699 ], [ -8476717.427438948303461, 5319048.583392606116831 ], [ -8476717.390113485977054, 5319048.583392606116831 ], [ -8476717.390113485977054, 5319048.881992269307375 ], [ -8476717.427438948303461, 5319048.881992269307375 ], [ -8476717.427438948303461, 5319049.255241849459708 ], [ -8476717.390113485977054, 5319049.255241849459708 ], [ -8476717.390113485977054, 5319049.964416051283479 ], [ -8476717.352788021788001, 5319049.964416051283479 ], [ -8476717.352788021788001, 5319050.785565127618611 ], [ -8476717.315462559461594, 5319050.785565127618611 ], [ -8476717.315462559461594, 5319051.457414370961487 ], [ -8476717.278137095272541, 5319051.457414370961487 ], [ -8476717.278137095272541, 5319051.756014035083354 ], [ -8476717.315462559461594, 5319051.756014035083354 ], [ -8476717.315462559461594, 5319052.390538320876658 ], [ -8476717.278137095272541, 5319052.390538320876658 ], [ -8476717.278137095272541, 5319052.801112858578563 ], [ -8476717.240811631083488, 5319052.801112858578563 ], [ -8476717.240811631083488, 5319053.174362438730896 ], [ -8476717.278137095272541, 5319053.174362438730896 ], [ -8476717.278137095272541, 5319053.323662270791829 ], [ -8476717.315462559461594, 5319053.323662270791829 ], [ -8476717.315462559461594, 5319053.771561766974628 ], [ -8476717.278137095272541, 5319053.771561766974628 ], [ -8476717.278137095272541, 5319054.816660590469837 ], [ -8476717.315462559461594, 5319054.816660590469837 ], [ -8476717.315462559461594, 5319054.96596042253077 ], [ -8476717.278137095272541, 5319054.96596042253077 ], [ -8476717.278137095272541, 5319055.824434456415474 ], [ -8476717.240811631083488, 5319055.824434456415474 ], [ -8476717.240811631083488, 5319055.973734288476408 ], [ -8476717.278137095272541, 5319055.973734288476408 ], [ -8476717.278137095272541, 5319056.235008994117379 ], [ -8476717.315462559461594, 5319056.235008994117379 ], [ -8476717.315462559461594, 5319056.384308826178312 ], [ -8476717.278137095272541, 5319056.384308826178312 ], [ -8476717.278137095272541, 5319056.720233447849751 ], [ -8476717.240811631083488, 5319056.720233447849751 ], [ -8476717.240811631083488, 5319057.728007313795388 ], [ -8476717.203486168757081, 5319057.728007313795388 ], [ -8476717.203486168757081, 5319057.839982187375426 ], [ -8476717.240811631083488, 5319057.839982187375426 ], [ -8476717.240811631083488, 5319058.175906809978187 ], [ -8476717.203486168757081, 5319058.175906809978187 ], [ -8476717.203486168757081, 5319058.69845622126013 ], [ -8476717.166160704568028, 5319058.69845622126013 ], [ -8476717.166160704568028, 5319058.885081011801958 ], [ -8476717.203486168757081, 5319058.885081011801958 ], [ -8476717.203486168757081, 5319059.14635571744293 ], [ -8476717.240811631083488, 5319059.14635571744293 ], [ -8476717.240811631083488, 5319059.407630423083901 ], [ -8476717.203486168757081, 5319059.407630423083901 ], [ -8476717.203486168757081, 5319059.967504793778062 ], [ -8476717.166160704568028, 5319059.967504793778062 ], [ -8476717.166160704568028, 5319060.5273791635409 ], [ -8476717.128835242241621, 5319060.5273791635409 ], [ -8476717.128835242241621, 5319061.684452860616148 ], [ -8476717.091509778052568, 5319061.684452860616148 ], [ -8476717.091509778052568, 5319061.721777819097042 ], [ -8476717.128835242241621, 5319061.721777819097042 ], [ -8476717.128835242241621, 5319061.871077651157975 ], [ -8476717.166160704568028, 5319061.871077651157975 ], [ -8476717.166160704568028, 5319062.020377483218908 ], [ -8476717.203486168757081, 5319062.020377483218908 ], [ -8476717.203486168757081, 5319062.542926894500852 ], [ -8476717.166160704568028, 5319062.542926894500852 ], [ -8476717.166160704568028, 5319063.476050844416022 ], [ -8476717.203486168757081, 5319063.476050844416022 ], [ -8476717.203486168757081, 5319063.700000592507422 ], [ -8476717.240811631083488, 5319063.700000592507422 ], [ -8476717.240811631083488, 5319063.923950340598822 ], [ -8476717.278137095272541, 5319063.923950340598822 ], [ -8476717.278137095272541, 5319064.110575130209327 ], [ -8476717.315462559461594, 5319064.110575130209327 ], [ -8476717.315462559461594, 5319064.25987496227026 ], [ -8476717.352788021788001, 5319064.25987496227026 ], [ -8476717.352788021788001, 5319064.409174794331193 ], [ -8476717.390113485977054, 5319064.409174794331193 ], [ -8476717.390113485977054, 5319064.521149667911232 ], [ -8476717.427438948303461, 5319064.521149667911232 ], [ -8476717.427438948303461, 5319064.633124542422593 ], [ -8476717.464764412492514, 5319064.633124542422593 ], [ -8476717.464764412492514, 5319064.670449499972165 ], [ -8476717.502089874818921, 5319064.670449499972165 ], [ -8476717.502089874818921, 5319064.745099416002631 ], [ -8476717.539415339007974, 5319064.745099416002631 ], [ -8476717.539415339007974, 5319064.782424374483526 ], [ -8476717.576740803197026, 5319064.782424374483526 ], [ -8476717.576740803197026, 5319064.819749332033098 ], [ -8476717.651391729712486, 5319064.819749332033098 ], [ -8476717.651391729712486, 5319064.857074290513992 ], [ -8476717.726042656227946, 5319064.857074290513992 ], [ -8476717.726042656227946, 5319064.894399248063564 ], [ -8476717.800693582743406, 5319064.894399248063564 ], [ -8476717.800693582743406, 5319064.931724206544459 ], [ -8476717.838019046932459, 5319064.931724206544459 ], [ -8476717.838019046932459, 5319064.969049164094031 ], [ -8476717.875344509258866, 5319064.969049164094031 ], [ -8476717.875344509258866, 5319065.006374122574925 ], [ -8476717.912669973447919, 5319065.006374122574925 ], [ -8476717.912669973447919, 5319065.081024038605392 ], [ -8476717.949995435774326, 5319065.081024038605392 ], [ -8476717.949995435774326, 5319065.118348996154964 ], [ -8476717.987320899963379, 5319065.118348996154964 ], [ -8476717.987320899963379, 5319065.155673954635859 ], [ -8476718.024646364152431, 5319065.155673954635859 ], [ -8476718.024646364152431, 5319065.192998912185431 ], [ -8476718.061971826478839, 5319065.192998912185431 ], [ -8476718.061971826478839, 5319065.230323869735003 ], [ -8476718.099297290667892, 5319065.230323869735003 ], [ -8476718.099297290667892, 5319065.267648828215897 ], [ -8476718.173948217183352, 5319065.267648828215897 ], [ -8476718.173948217183352, 5319065.304973785765469 ], [ -8476718.323250070214272, 5319065.304973785765469 ], [ -8476718.323250070214272, 5319065.342298744246364 ], [ -8476718.659179240465164, 5319065.342298744246364 ], [ -8476718.659179240465164, 5319065.379623701795936 ], [ -8476718.845806557685137, 5319065.379623701795936 ], [ -8476718.845806557685137, 5319065.41694866027683 ], [ -8476719.107084801420569, 5319065.41694866027683 ], [ -8476719.107084801420569, 5319065.454273617826402 ], [ -8476719.331037582829595, 5319065.454273617826402 ], [ -8476719.331037582829595, 5319065.491598576307297 ], [ -8476719.517664898186922, 5319065.491598576307297 ], [ -8476719.517664898186922, 5319065.528923533856869 ], [ -8476719.629641288891435, 5319065.528923533856869 ], [ -8476719.629641288891435, 5319065.566248492337763 ], [ -8476719.704292215406895, 5319065.566248492337763 ], [ -8476719.704292215406895, 5319065.603573449887335 ], [ -8476719.741617679595947, 5319065.603573449887335 ], [ -8476719.741617679595947, 5319065.678223365917802 ], [ -8476719.778943143785, 5319065.678223365917802 ], [ -8476719.778943143785, 5319065.827523197978735 ], [ -8476719.816268606111407, 5319065.827523197978735 ], [ -8476719.816268606111407, 5319066.01414798758924 ], [ -8476719.85359407030046, 5319066.01414798758924 ], [ -8476719.85359407030046, 5319066.275422694161534 ], [ -8476719.890919532626867, 5319066.275422694161534 ], [ -8476719.890919532626867, 5319069.112119501456618 ], [ -8476719.92824499681592, 5319069.112119501456618 ], [ -8476719.92824499681592, 5319069.634668913669884 ], [ -8476719.965570459142327, 5319069.634668913669884 ], [ -8476719.965570459142327, 5319070.53046790510416 ], [ -8476720.00289592333138, 5319070.53046790510416 ], [ -8476720.00289592333138, 5319071.35161698050797 ], [ -8476719.965570459142327, 5319071.35161698050797 ], [ -8476719.965570459142327, 5319071.874166392721236 ], [ -8476719.92824499681592, 5319071.874166392721236 ], [ -8476719.92824499681592, 5319071.986141266301274 ], [ -8476719.890919532626867, 5319071.986141266301274 ], [ -8476719.890919532626867, 5319073.292514796368778 ], [ -8476719.85359407030046, 5319073.292514796368778 ], [ -8476719.85359407030046, 5319073.441814628429711 ], [ -8476719.816268606111407, 5319073.441814628429711 ], [ -8476719.816268606111407, 5319073.964364040642977 ], [ -8476719.778943143785, 5319073.964364040642977 ], [ -8476719.778943143785, 5319074.860163032077253 ], [ -8476719.816268606111407, 5319074.860163032077253 ], [ -8476719.816268606111407, 5319075.420037401840091 ], [ -8476719.778943143785, 5319075.420037401840091 ], [ -8476719.778943143785, 5319076.203861519694328 ], [ -8476719.741617679595947, 5319076.203861519694328 ], [ -8476719.741617679595947, 5319077.174310427159071 ], [ -8476719.704292215406895, 5319077.174310427159071 ], [ -8476719.704292215406895, 5319077.211635385639966 ], [ -8476719.741617679595947, 5319077.211635385639966 ], [ -8476719.741617679595947, 5319080.944131184369326 ], [ -8476719.778943143785, 5319080.944131184369326 ], [ -8476719.778943143785, 5319081.914580092765391 ], [ -8476719.741617679595947, 5319081.914580092765391 ], [ -8476719.741617679595947, 5319082.213179756887257 ], [ -8476719.704292215406895, 5319082.213179756887257 ], [ -8476719.704292215406895, 5319083.370253453962505 ], [ -8476719.741617679595947, 5319083.370253453962505 ], [ -8476719.741617679595947, 5319084.93790168967098 ], [ -8476719.704292215406895, 5319084.93790168967098 ], [ -8476719.704292215406895, 5319085.647075891494751 ], [ -8476719.666966753080487, 5319085.647075891494751 ], [ -8476719.666966753080487, 5319086.430900009348989 ], [ -8476719.629641288891435, 5319086.430900009348989 ], [ -8476719.629641288891435, 5319086.766824631951749 ], [ -8476719.666966753080487, 5319086.766824631951749 ], [ -8476719.666966753080487, 5319087.961223287507892 ], [ -8476719.629641288891435, 5319087.961223287507892 ], [ -8476719.629641288891435, 5319089.080972027033567 ], [ -8476719.554990362375975, 5319089.080972027033567 ], [ -8476719.554990362375975, 5319089.118296984583139 ], [ -8476719.443013971671462, 5319089.118296984583139 ], [ -8476719.443013971671462, 5319089.155621943064034 ], [ -8476719.331037582829595, 5319089.155621943064034 ], [ -8476719.331037582829595, 5319089.192946900613606 ], [ -8476719.293712118640542, 5319089.192946900613606 ], [ -8476719.293712118640542, 5319089.230271859094501 ], [ -8476719.256386654451489, 5319089.230271859094501 ], [ -8476719.256386654451489, 5319089.267596816644073 ], [ -8476719.219061192125082, 5319089.267596816644073 ], [ -8476719.219061192125082, 5319089.304921775124967 ], [ -8476719.181735727936029, 5319089.304921775124967 ], [ -8476719.181735727936029, 5319089.379571691155434 ], [ -8476719.107084801420569, 5319089.379571691155434 ], [ -8476719.107084801420569, 5319089.304921775124967 ], [ -8476719.069759339094162, 5319089.304921775124967 ], [ -8476719.069759339094162, 5319089.230271859094501 ], [ -8476719.032433874905109, 5319089.230271859094501 ], [ -8476719.032433874905109, 5319089.155621943064034 ], [ -8476718.995108410716057, 5319089.155621943064034 ], [ -8476718.995108410716057, 5319089.080972027033567 ], [ -8476718.957782948389649, 5319089.080972027033567 ], [ -8476718.957782948389649, 5319089.006322111003101 ], [ -8476718.920457484200597, 5319089.006322111003101 ], [ -8476718.920457484200597, 5319088.894347237423062 ], [ -8476718.883132021874189, 5319088.894347237423062 ], [ -8476718.883132021874189, 5319088.782372362911701 ], [ -8476718.845806557685137, 5319088.782372362911701 ], [ -8476718.845806557685137, 5319088.633072530850768 ], [ -8476718.883132021874189, 5319088.633072530850768 ], [ -8476718.883132021874189, 5319088.446447741240263 ], [ -8476718.920457484200597, 5319088.446447741240263 ], [ -8476718.920457484200597, 5319088.29714790917933 ], [ -8476718.883132021874189, 5319088.29714790917933 ], [ -8476718.883132021874189, 5319088.222497993148863 ], [ -8476718.845806557685137, 5319088.222497993148863 ], [ -8476718.845806557685137, 5319088.147848077118397 ], [ -8476718.808481095358729, 5319088.147848077118397 ], [ -8476718.808481095358729, 5319088.07319816108793 ], [ -8476718.771155631169677, 5319088.07319816108793 ], [ -8476718.771155631169677, 5319087.998548245057464 ], [ -8476718.733830166980624, 5319087.998548245057464 ], [ -8476718.733830166980624, 5319087.961223287507892 ], [ -8476718.621853778138757, 5319087.961223287507892 ], [ -8476718.621853778138757, 5319087.923898329026997 ], [ -8476718.435226460918784, 5319087.923898329026997 ], [ -8476718.435226460918784, 5319087.886573371477425 ], [ -8476718.285924607887864, 5319087.886573371477425 ], [ -8476718.285924607887864, 5319087.849248412996531 ], [ -8476718.024646364152431, 5319087.849248412996531 ], [ -8476718.024646364152431, 5319087.811923455446959 ], [ -8476717.651391729712486, 5319087.811923455446959 ], [ -8476717.651391729712486, 5319087.849248412996531 ], [ -8476717.539415339007974, 5319087.849248412996531 ], [ -8476717.539415339007974, 5319087.886573371477425 ], [ -8476717.502089874818921, 5319087.886573371477425 ], [ -8476717.502089874818921, 5319087.923898329026997 ], [ -8476717.427438948303461, 5319087.923898329026997 ], [ -8476717.427438948303461, 5319087.961223287507892 ], [ -8476717.390113485977054, 5319087.961223287507892 ], [ -8476717.390113485977054, 5319088.147848077118397 ], [ -8476717.427438948303461, 5319088.147848077118397 ], [ -8476717.427438948303461, 5319088.595747573301196 ], [ -8476717.390113485977054, 5319088.595747573301196 ], [ -8476717.390113485977054, 5319089.006322111003101 ], [ -8476717.352788021788001, 5319089.006322111003101 ], [ -8476717.352788021788001, 5319089.080972027033567 ], [ -8476717.390113485977054, 5319089.080972027033567 ], [ -8476717.390113485977054, 5319089.155621943064034 ], [ -8476717.427438948303461, 5319089.155621943064034 ], [ -8476717.427438948303461, 5319089.230271859094501 ], [ -8476717.464764412492514, 5319089.230271859094501 ], [ -8476717.464764412492514, 5319089.491546564735472 ], [ -8476717.502089874818921, 5319089.491546564735472 ], [ -8476717.502089874818921, 5319089.752821271307766 ], [ -8476717.539415339007974, 5319089.752821271307766 ], [ -8476717.539415339007974, 5319089.82747118640691 ], [ -8476717.502089874818921, 5319089.82747118640691 ], [ -8476717.502089874818921, 5319089.976771018467844 ], [ -8476717.464764412492514, 5319089.976771018467844 ], [ -8476717.464764412492514, 5319090.350020598620176 ], [ -8476717.502089874818921, 5319090.350020598620176 ], [ -8476717.502089874818921, 5319090.461995473131537 ], [ -8476717.539415339007974, 5319090.461995473131537 ], [ -8476717.539415339007974, 5319090.536645388230681 ], [ -8476717.576740803197026, 5319090.536645388230681 ], [ -8476717.576740803197026, 5319091.20849463250488 ], [ -8476717.539415339007974, 5319091.20849463250488 ], [ -8476717.539415339007974, 5319091.283144548535347 ], [ -8476717.502089874818921, 5319091.283144548535347 ], [ -8476717.502089874818921, 5319091.320469506084919 ], [ -8476717.464764412492514, 5319091.320469506084919 ], [ -8476717.464764412492514, 5319091.395119422115386 ], [ -8476717.427438948303461, 5319091.395119422115386 ], [ -8476717.427438948303461, 5319091.43244438059628 ], [ -8476717.390113485977054, 5319091.43244438059628 ], [ -8476717.390113485977054, 5319091.507094296626747 ], [ -8476717.352788021788001, 5319091.507094296626747 ], [ -8476717.352788021788001, 5319091.581744212657213 ], [ -8476717.315462559461594, 5319091.581744212657213 ], [ -8476717.315462559461594, 5319091.65639412868768 ], [ -8476717.278137095272541, 5319091.65639412868768 ], [ -8476717.278137095272541, 5319091.693719086237252 ], [ -8476717.240811631083488, 5319091.693719086237252 ], [ -8476717.240811631083488, 5319091.731044044718146 ], [ -8476717.203486168757081, 5319091.731044044718146 ], [ -8476717.203486168757081, 5319091.768369002267718 ], [ -8476717.166160704568028, 5319091.768369002267718 ], [ -8476717.166160704568028, 5319091.843018918298185 ], [ -8476717.128835242241621, 5319091.843018918298185 ], [ -8476717.128835242241621, 5319091.917668834328651 ], [ -8476717.091509778052568, 5319091.917668834328651 ], [ -8476717.091509778052568, 5319092.365568330511451 ], [ -8476717.054184315726161, 5319092.365568330511451 ], [ -8476717.054184315726161, 5319092.477543204091489 ], [ -8476717.016858851537108, 5319092.477543204091489 ], [ -8476717.016858851537108, 5319092.626843036152422 ], [ -8476716.979533387348056, 5319092.626843036152422 ], [ -8476716.979533387348056, 5319092.738817909732461 ], [ -8476716.942207925021648, 5319092.738817909732461 ], [ -8476716.942207925021648, 5319092.813467825762928 ], [ -8476716.904882460832596, 5319092.813467825762928 ], [ -8476716.904882460832596, 5319092.925442700274289 ], [ -8476716.867556998506188, 5319092.925442700274289 ], [ -8476716.867556998506188, 5319094.381116061471403 ], [ -8476716.830231534317136, 5319094.381116061471403 ], [ -8476716.830231534317136, 5319095.351564969867468 ], [ -8476716.867556998506188, 5319095.351564969867468 ], [ -8476716.867556998506188, 5319095.724814549088478 ], [ -8476716.830231534317136, 5319095.724814549088478 ], [ -8476716.830231534317136, 5319096.247363961301744 ], [ -8476716.867556998506188, 5319096.247363961301744 ], [ -8476716.867556998506188, 5319096.322013877332211 ], [ -8476716.830231534317136, 5319096.322013877332211 ], [ -8476716.830231534317136, 5319100.801008836366236 ], [ -8476716.792906071990728, 5319100.801008836366236 ], [ -8476716.792906071990728, 5319100.950308668427169 ], [ -8476716.755580607801676, 5319100.950308668427169 ], [ -8476716.755580607801676, 5319100.987633625976741 ], [ -8476716.792906071990728, 5319100.987633625976741 ], [ -8476716.792906071990728, 5319101.584832954220474 ], [ -8476716.755580607801676, 5319101.584832954220474 ], [ -8476716.755580607801676, 5319101.771457743830979 ], [ -8476716.792906071990728, 5319101.771457743830979 ], [ -8476716.792906071990728, 5319102.331332114525139 ], [ -8476716.755580607801676, 5319102.331332114525139 ], [ -8476716.755580607801676, 5319102.48063194565475 ], [ -8476716.792906071990728, 5319102.48063194565475 ], [ -8476716.792906071990728, 5319102.891206484287977 ], [ -8476716.755580607801676, 5319102.891206484287977 ], [ -8476716.755580607801676, 5319103.077831273898482 ], [ -8476716.718255143612623, 5319103.077831273898482 ], [ -8476716.718255143612623, 5319103.152481189928949 ], [ -8476716.755580607801676, 5319103.152481189928949 ], [ -8476716.755580607801676, 5319103.413755895569921 ], [ -8476716.792906071990728, 5319103.413755895569921 ], [ -8476716.792906071990728, 5319103.525730770081282 ], [ -8476716.755580607801676, 5319103.525730770081282 ], [ -8476716.755580607801676, 5319103.749680518172681 ], [ -8476716.718255143612623, 5319103.749680518172681 ], [ -8476716.718255143612623, 5319103.898980349302292 ], [ -8476716.755580607801676, 5319103.898980349302292 ], [ -8476716.755580607801676, 5319104.122930097393692 ], [ -8476716.792906071990728, 5319104.122930097393692 ], [ -8476716.792906071990728, 5319104.272229929454625 ], [ -8476716.755580607801676, 5319104.272229929454625 ], [ -8476716.755580607801676, 5319104.384204803965986 ], [ -8476716.718255143612623, 5319104.384204803965986 ], [ -8476716.718255143612623, 5319104.720129425637424 ], [ -8476716.755580607801676, 5319104.720129425637424 ], [ -8476716.755580607801676, 5319104.832104299217463 ], [ -8476716.792906071990728, 5319104.832104299217463 ], [ -8476716.792906071990728, 5319105.01872908975929 ], [ -8476716.755580607801676, 5319105.01872908975929 ], [ -8476716.755580607801676, 5319105.205353879369795 ], [ -8476716.718255143612623, 5319105.205353879369795 ], [ -8476716.718255143612623, 5319105.3919786689803 ], [ -8476716.755580607801676, 5319105.3919786689803 ], [ -8476716.755580607801676, 5319105.877203123643994 ], [ -8476716.718255143612623, 5319105.877203123643994 ], [ -8476716.718255143612623, 5319106.213127745315433 ], [ -8476716.755580607801676, 5319106.213127745315433 ], [ -8476716.755580607801676, 5319106.735677157528698 ], [ -8476716.792906071990728, 5319106.735677157528698 ], [ -8476716.792906071990728, 5319107.258226568810642 ], [ -8476716.755580607801676, 5319107.258226568810642 ], [ -8476716.755580607801676, 5319107.370201443322003 ], [ -8476716.718255143612623, 5319107.370201443322003 ], [ -8476716.718255143612623, 5319107.519501275382936 ], [ -8476716.755580607801676, 5319107.519501275382936 ], [ -8476716.755580607801676, 5319107.631476148962975 ], [ -8476716.792906071990728, 5319107.631476148962975 ], [ -8476716.792906071990728, 5319108.191350518725812 ], [ -8476716.830231534317136, 5319108.191350518725812 ], [ -8476716.830231534317136, 5319108.937849679030478 ], [ -8476716.792906071990728, 5319108.937849679030478 ], [ -8476716.792906071990728, 5319109.572373964823782 ], [ -8476716.755580607801676, 5319109.572373964823782 ], [ -8476716.755580607801676, 5319109.609698922373354 ], [ -8476716.792906071990728, 5319109.609698922373354 ], [ -8476716.792906071990728, 5319111.251997074112296 ], [ -8476716.830231534317136, 5319111.251997074112296 ], [ -8476716.830231534317136, 5319111.550596738234162 ], [ -8476716.792906071990728, 5319111.550596738234162 ], [ -8476716.792906071990728, 5319112.3344208560884 ], [ -8476716.755580607801676, 5319112.3344208560884 ], [ -8476716.755580607801676, 5319112.670345477759838 ], [ -8476716.792906071990728, 5319112.670345477759838 ], [ -8476716.792906071990728, 5319113.267544806003571 ], [ -8476716.830231534317136, 5319113.267544806003571 ], [ -8476716.830231534317136, 5319113.715444301255047 ], [ -8476716.792906071990728, 5319113.715444301255047 ], [ -8476716.792906071990728, 5319114.051368923857808 ], [ -8476716.830231534317136, 5319114.051368923857808 ], [ -8476716.830231534317136, 5319115.46971732750535 ], [ -8476716.867556998506188, 5319115.46971732750535 ], [ -8476716.867556998506188, 5319116.104241613298655 ], [ -8476716.904882460832596, 5319116.104241613298655 ], [ -8476716.904882460832596, 5319116.440166234970093 ], [ -8476716.942207925021648, 5319116.440166234970093 ], [ -8476716.942207925021648, 5319116.701440940611064 ], [ -8476716.979533387348056, 5319116.701440940611064 ], [ -8476716.979533387348056, 5319116.813415815122426 ], [ -8476717.016858851537108, 5319116.813415815122426 ], [ -8476717.016858851537108, 5319116.888065731152892 ], [ -8476717.054184315726161, 5319116.888065731152892 ], [ -8476717.054184315726161, 5319116.925390688702464 ], [ -8476717.091509778052568, 5319116.925390688702464 ], [ -8476717.091509778052568, 5319116.962715647183359 ], [ -8476717.128835242241621, 5319116.962715647183359 ], [ -8476717.128835242241621, 5319117.000040604732931 ], [ -8476717.166160704568028, 5319117.000040604732931 ], [ -8476717.166160704568028, 5319117.037365563213825 ], [ -8476717.203486168757081, 5319117.037365563213825 ], [ -8476717.203486168757081, 5319117.074690520763397 ], [ -8476717.240811631083488, 5319117.074690520763397 ], [ -8476717.240811631083488, 5319117.112015479244292 ], [ -8476717.352788021788001, 5319117.112015479244292 ], [ -8476717.352788021788001, 5319117.149340436793864 ], [ -8476717.614066265523434, 5319117.149340436793864 ], [ -8476717.614066265523434, 5319117.186665395274758 ], [ -8476717.726042656227946, 5319117.186665395274758 ], [ -8476717.726042656227946, 5319117.22399035282433 ], [ -8476718.397900996729732, 5319117.22399035282433 ], [ -8476718.397900996729732, 5319117.186665395274758 ], [ -8476720.00289592333138, 5319117.186665395274758 ], [ -8476720.00289592333138, 5319117.149340436793864 ], [ -8476720.450801484286785, 5319117.149340436793864 ], [ -8476720.450801484286785, 5319117.112015479244292 ], [ -8476720.674754263833165, 5319117.112015479244292 ], [ -8476720.674754263833165, 5319117.149340436793864 ], [ -8476721.010683434084058, 5319117.149340436793864 ], [ -8476721.010683434084058, 5319117.186665395274758 ], [ -8476722.391725581139326, 5319117.186665395274758 ], [ -8476722.391725581139326, 5319117.149340436793864 ], [ -8476722.466376507654786, 5319117.149340436793864 ], [ -8476722.466376507654786, 5319117.186665395274758 ], [ -8476722.802305677905679, 5319117.186665395274758 ], [ -8476722.802305677905679, 5319117.22399035282433 ], [ -8476724.034045970067382, 5319117.22399035282433 ], [ -8476724.034045970067382, 5319117.186665395274758 ], [ -8476724.556602457538247, 5319117.186665395274758 ], [ -8476724.556602457538247, 5319117.149340436793864 ], [ -8476726.01229552924633, 5319117.149340436793864 ], [ -8476726.01229552924633, 5319117.186665395274758 ], [ -8476726.385550163686275, 5319117.186665395274758 ], [ -8476726.385550163686275, 5319117.149340436793864 ], [ -8476726.646828407421708, 5319117.149340436793864 ], [ -8476726.646828407421708, 5319117.112015479244292 ], [ -8476726.796130262315273, 5319117.112015479244292 ], [ -8476726.796130262315273, 5319117.149340436793864 ], [ -8476727.169384894892573, 5319117.149340436793864 ], [ -8476727.169384894892573, 5319117.186665395274758 ], [ -8476727.356012212112546, 5319117.186665395274758 ], [ -8476727.356012212112546, 5319117.149340436793864 ], [ -8476728.139846943318844, 5319117.149340436793864 ], [ -8476728.139846943318844, 5319117.186665395274758 ], [ -8476728.251823334023356, 5319117.186665395274758 ], [ -8476728.251823334023356, 5319117.22399035282433 ], [ -8476728.401125187054276, 5319117.22399035282433 ], [ -8476728.401125187054276, 5319117.261315311305225 ], [ -8476728.587752504274249, 5319117.261315311305225 ], [ -8476728.587752504274249, 5319117.298640268854797 ], [ -8476729.819492796435952, 5319117.298640268854797 ], [ -8476729.819492796435952, 5319117.261315311305225 ], [ -8476730.267398357391357, 5319117.261315311305225 ], [ -8476730.267398357391357, 5319117.298640268854797 ], [ -8476730.827280309051275, 5319117.298640268854797 ], [ -8476730.827280309051275, 5319117.335965226404369 ], [ -8476731.275185868144035, 5319117.335965226404369 ], [ -8476731.275185868144035, 5319117.298640268854797 ], [ -8476732.059020599350333, 5319117.298640268854797 ], [ -8476732.059020599350333, 5319117.335965226404369 ], [ -8476733.290760891512036, 5319117.335965226404369 ], [ -8476733.290760891512036, 5319117.298640268854797 ], [ -8476734.111921086907387, 5319117.298640268854797 ], [ -8476734.111921086907387, 5319117.335965226404369 ], [ -8476736.38877435401082, 5319117.335965226404369 ], [ -8476736.38877435401082, 5319117.298640268854797 ], [ -8476736.687378061935306, 5319117.298640268854797 ], [ -8476736.687378061935306, 5319117.261315311305225 ], [ -8476736.762028988450766, 5319117.261315311305225 ], [ -8476736.762028988450766, 5319117.22399035282433 ], [ -8476736.836679914966226, 5319117.22399035282433 ], [ -8476736.836679914966226, 5319117.186665395274758 ], [ -8476736.911330841481686, 5319117.186665395274758 ], [ -8476736.911330841481686, 5319117.149340436793864 ], [ -8476736.948656305670738, 5319117.149340436793864 ], [ -8476736.948656305670738, 5319117.112015479244292 ], [ -8476736.985981767997146, 5319117.112015479244292 ], [ -8476736.985981767997146, 5319117.074690520763397 ], [ -8476737.023307232186198, 5319117.074690520763397 ], [ -8476737.023307232186198, 5319117.037365563213825 ], [ -8476737.060632694512606, 5319117.037365563213825 ], [ -8476737.060632694512606, 5319117.000040604732931 ], [ -8476737.097958158701658, 5319117.000040604732931 ], [ -8476737.097958158701658, 5319116.962715647183359 ], [ -8476737.172609085217118, 5319116.962715647183359 ], [ -8476737.172609085217118, 5319116.925390688702464 ], [ -8476737.209934549406171, 5319116.925390688702464 ], [ -8476737.209934549406171, 5319116.888065731152892 ], [ -8476737.247260011732578, 5319116.888065731152892 ], [ -8476737.247260011732578, 5319116.850740772671998 ], [ -8476737.284585475921631, 5319116.850740772671998 ], [ -8476737.284585475921631, 5319116.776090856641531 ], [ -8476737.321910938248038, 5319116.776090856641531 ], [ -8476737.321910938248038, 5319116.738765899091959 ], [ -8476737.359236402437091, 5319116.738765899091959 ], [ -8476737.359236402437091, 5319116.664115983061492 ], [ -8476737.396561866626143, 5319116.664115983061492 ], [ -8476737.396561866626143, 5319116.626791024580598 ], [ -8476737.433887328952551, 5319116.626791024580598 ], [ -8476737.433887328952551, 5319116.514816151000559 ], [ -8476737.471212793141603, 5319116.514816151000559 ], [ -8476737.471212793141603, 5319116.440166234970093 ], [ -8476737.508538255468011, 5319116.440166234970093 ], [ -8476737.508538255468011, 5319116.253541445359588 ], [ -8476737.545863719657063, 5319116.253541445359588 ], [ -8476737.545863719657063, 5319116.06691665481776 ], [ -8476737.583189181983471, 5319116.06691665481776 ], [ -8476737.583189181983471, 5319115.84296690672636 ], [ -8476737.620514646172523, 5319115.84296690672636 ], [ -8476737.620514646172523, 5319115.544367243535817 ], [ -8476737.657840110361576, 5319115.544367243535817 ], [ -8476737.657840110361576, 5319115.208442620933056 ], [ -8476737.695165572687984, 5319115.208442620933056 ], [ -8476737.695165572687984, 5319114.760543125681579 ], [ -8476737.732491036877036, 5319114.760543125681579 ], [ -8476737.732491036877036, 5319114.499268419109285 ], [ -8476737.769816499203444, 5319114.499268419109285 ], [ -8476737.769816499203444, 5319114.275318671949208 ], [ -8476737.807141963392496, 5319114.275318671949208 ], [ -8476737.807141963392496, 5319114.237993713468313 ], [ -8476737.844467427581549, 5319114.237993713468313 ], [ -8476737.844467427581549, 5319114.163343797437847 ], [ -8476737.881792889907956, 5319114.163343797437847 ], [ -8476737.881792889907956, 5319114.126018839888275 ], [ -8476737.919118354097009, 5319114.126018839888275 ], [ -8476737.919118354097009, 5319114.08869388140738 ], [ -8476737.993769280612469, 5319114.08869388140738 ], [ -8476737.993769280612469, 5319114.051368923857808 ], [ -8476738.031094742938876, 5319114.051368923857808 ], [ -8476738.031094742938876, 5319114.014043965376914 ], [ -8476738.702953085303307, 5319114.014043965376914 ], [ -8476738.702953085303307, 5319113.976719007827342 ], [ -8476739.262835035100579, 5319113.976719007827342 ], [ -8476739.262835035100579, 5319113.939394049346447 ], [ -8476740.30794801004231, 5319113.939394049346447 ], [ -8476740.30794801004231, 5319113.902069091796875 ], [ -8476740.457249864935875, 5319113.902069091796875 ], [ -8476740.457249864935875, 5319113.939394049346447 ], [ -8476744.339098056778312, 5319113.939394049346447 ], [ -8476744.339098056778312, 5319113.976719007827342 ], [ -8476745.197583716362715, 5319113.976719007827342 ], [ -8476745.197583716362715, 5319113.939394049346447 ], [ -8476745.533512886613607, 5319113.939394049346447 ], [ -8476745.533512886613607, 5319113.902069091796875 ], [ -8476745.981418447569013, 5319113.902069091796875 ], [ -8476745.981418447569013, 5319113.86474413331598 ], [ -8476746.168045764788985, 5319113.86474413331598 ], [ -8476746.168045764788985, 5319113.902069091796875 ], [ -8476746.503974935039878, 5319113.902069091796875 ], [ -8476746.503974935039878, 5319113.939394049346447 ], [ -8476747.063856884837151, 5319113.939394049346447 ], [ -8476747.063856884837151, 5319113.902069091796875 ], [ -8476748.034318933263421, 5319113.902069091796875 ], [ -8476748.034318933263421, 5319113.939394049346447 ], [ -8476748.220946250483394, 5319113.939394049346447 ], [ -8476748.220946250483394, 5319113.976719007827342 ], [ -8476748.407573567703366, 5319113.976719007827342 ], [ -8476748.407573567703366, 5319114.014043965376914 ], [ -8476748.706177275627851, 5319114.014043965376914 ], [ -8476748.706177275627851, 5319113.976719007827342 ], [ -8476748.967455519363284, 5319113.976719007827342 ], [ -8476748.967455519363284, 5319114.014043965376914 ], [ -8476749.266059225425124, 5319114.014043965376914 ], [ -8476749.266059225425124, 5319114.051368923857808 ], [ -8476750.087219420820475, 5319114.051368923857808 ], [ -8476750.087219420820475, 5319114.08869388140738 ], [ -8476750.908379616215825, 5319114.08869388140738 ], [ -8476750.908379616215825, 5319114.126018839888275 ], [ -8476751.095006931573153, 5319114.126018839888275 ], [ -8476751.095006931573153, 5319114.163343797437847 ], [ -8476751.356285175308585, 5319114.163343797437847 ], [ -8476751.356285175308585, 5319114.200668755918741 ], [ -8476751.692214347422123, 5319114.200668755918741 ], [ -8476751.692214347422123, 5319114.237993713468313 ], [ -8476751.87884166277945, 5319114.237993713468313 ], [ -8476751.87884166277945, 5319114.275318671949208 ], [ -8476751.953492591157556, 5319114.275318671949208 ], [ -8476751.953492591157556, 5319114.31264362949878 ], [ -8476752.028143517673016, 5319114.31264362949878 ], [ -8476752.028143517673016, 5319114.349968587048352 ], [ -8476752.065468979999423, 5319114.349968587048352 ], [ -8476752.065468979999423, 5319114.424618503078818 ], [ -8476752.102794444188476, 5319114.424618503078818 ], [ -8476752.102794444188476, 5319114.461943461559713 ], [ -8476752.140119908377528, 5319114.461943461559713 ], [ -8476752.140119908377528, 5319114.536593377590179 ], [ -8476752.177445370703936, 5319114.536593377590179 ], [ -8476752.177445370703936, 5319114.685893209651113 ], [ -8476752.214770834892988, 5319114.685893209651113 ], [ -8476752.214770834892988, 5319115.320417495444417 ], [ -8476752.177445370703936, 5319115.320417495444417 ], [ -8476752.177445370703936, 5319115.395067411474884 ], [ -8476752.214770834892988, 5319115.395067411474884 ], [ -8476752.214770834892988, 5319115.768316991627216 ], [ -8476752.252096297219396, 5319115.768316991627216 ], [ -8476752.252096297219396, 5319116.477491193450987 ], [ -8476752.289421761408448, 5319116.477491193450987 ], [ -8476752.289421761408448, 5319116.589466067031026 ], [ -8476752.326747223734856, 5319116.589466067031026 ], [ -8476752.326747223734856, 5319116.701440940611064 ], [ -8476752.364072687923908, 5319116.701440940611064 ], [ -8476752.364072687923908, 5319116.776090856641531 ], [ -8476752.401398152112961, 5319116.776090856641531 ], [ -8476752.401398152112961, 5319116.813415815122426 ], [ -8476752.438723614439368, 5319116.813415815122426 ], [ -8476752.438723614439368, 5319116.850740772671998 ], [ -8476752.513374540954828, 5319116.850740772671998 ], [ -8476752.513374540954828, 5319116.888065731152892 ], [ -8476752.550700005143881, 5319116.888065731152892 ], [ -8476752.550700005143881, 5319116.925390688702464 ], [ -8476752.588025467470288, 5319116.925390688702464 ], [ -8476752.588025467470288, 5319116.962715647183359 ], [ -8476752.625350931659341, 5319116.962715647183359 ], [ -8476752.625350931659341, 5319117.000040604732931 ], [ -8476752.662676395848393, 5319117.000040604732931 ], [ -8476752.662676395848393, 5319117.037365563213825 ], [ -8476752.700001858174801, 5319117.037365563213825 ], [ -8476752.700001858174801, 5319117.074690520763397 ], [ -8476752.737327322363853, 5319117.074690520763397 ], [ -8476752.737327322363853, 5319117.112015479244292 ], [ -8476752.774652784690261, 5319117.112015479244292 ], [ -8476752.774652784690261, 5319117.149340436793864 ], [ -8476752.811978248879313, 5319117.149340436793864 ], [ -8476752.811978248879313, 5319117.186665395274758 ], [ -8476752.886629175394773, 5319117.186665395274758 ], [ -8476752.886629175394773, 5319117.22399035282433 ], [ -8476752.961280101910233, 5319117.22399035282433 ], [ -8476752.961280101910233, 5319117.261315311305225 ], [ -8476753.035931028425694, 5319117.261315311305225 ], [ -8476753.035931028425694, 5319117.298640268854797 ], [ -8476753.110581954941154, 5319117.298640268854797 ], [ -8476753.110581954941154, 5319117.335965226404369 ], [ -8476753.222558345645666, 5319117.335965226404369 ], [ -8476753.222558345645666, 5319117.373290184885263 ], [ -8476753.521162053570151, 5319117.373290184885263 ], [ -8476753.521162053570151, 5319117.410615142434835 ], [ -8476754.939529662951827, 5319117.410615142434835 ], [ -8476754.939529662951827, 5319117.44794010091573 ], [ -8476756.880453757941723, 5319117.44794010091573 ], [ -8476756.880453757941723, 5319117.485265058465302 ], [ -8476758.112194050103426, 5319117.485265058465302 ], [ -8476758.112194050103426, 5319117.44794010091573 ], [ -8476760.463698245584965, 5319117.44794010091573 ], [ -8476760.463698245584965, 5319117.485265058465302 ], [ -8476762.106018634513021, 5319117.485265058465302 ], [ -8476762.106018634513021, 5319117.44794010091573 ], [ -8476762.553924195468426, 5319117.44794010091573 ], [ -8476762.553924195468426, 5319117.410615142434835 ], [ -8476763.897640876471996, 5319117.410615142434835 ], [ -8476763.897640876471996, 5319117.373290184885263 ], [ -8476764.046942731365561, 5319117.373290184885263 ], [ -8476764.046942731365561, 5319117.410615142434835 ], [ -8476764.308220975100994, 5319117.410615142434835 ], [ -8476764.308220975100994, 5319117.44794010091573 ], [ -8476766.249145071953535, 5319117.44794010091573 ], [ -8476766.249145071953535, 5319117.410615142434835 ], [ -8476766.547748778015375, 5319117.410615142434835 ], [ -8476766.547748778015375, 5319117.44794010091573 ], [ -8476767.443559899926186, 5319117.44794010091573 ], [ -8476767.443559899926186, 5319117.485265058465302 ], [ -8476767.928790923207998, 5319117.485265058465302 ], [ -8476767.928790923207998, 5319117.522590016946197 ], [ -8476768.078092778101563, 5319117.522590016946197 ], [ -8476768.078092778101563, 5319117.559914974495769 ], [ -8476768.264720095321536, 5319117.559914974495769 ], [ -8476768.264720095321536, 5319117.597239932976663 ], [ -8476768.302045557647943, 5319117.597239932976663 ], [ -8476768.302045557647943, 5319117.559914974495769 ], [ -8476769.645762240514159, 5319117.559914974495769 ], [ -8476769.645762240514159, 5319117.522590016946197 ], [ -8476769.720413167029619, 5319117.522590016946197 ], [ -8476769.720413167029619, 5319117.559914974495769 ], [ -8476770.093667801469564, 5319117.559914974495769 ], [ -8476770.093667801469564, 5319117.597239932976663 ], [ -8476770.578898824751377, 5319117.597239932976663 ], [ -8476770.578898824751377, 5319117.559914974495769 ], [ -8476770.653549751266837, 5319117.559914974495769 ], [ -8476770.653549751266837, 5319117.597239932976663 ], [ -8476770.952153459191322, 5319117.597239932976663 ], [ -8476770.952153459191322, 5319117.634564890526235 ], [ -8476772.743775703012943, 5319117.634564890526235 ], [ -8476772.743775703012943, 5319117.597239932976663 ], [ -8476773.676912287250161, 5319117.597239932976663 ], [ -8476773.676912287250161, 5319117.634564890526235 ], [ -8476775.095279896631837, 5319117.634564890526235 ], [ -8476775.095279896631837, 5319117.597239932976663 ], [ -8476776.103067407384515, 5319117.597239932976663 ], [ -8476776.103067407384515, 5319117.559914974495769 ], [ -8476776.364345651119947, 5319117.559914974495769 ], [ -8476776.364345651119947, 5319117.522590016946197 ], [ -8476776.55097296833992, 5319117.522590016946197 ], [ -8476776.55097296833992, 5319117.485265058465302 ], [ -8476776.662949359044433, 5319117.485265058465302 ], [ -8476776.662949359044433, 5319117.44794010091573 ], [ -8476776.812251212075353, 5319117.44794010091573 ], [ -8476776.812251212075353, 5319117.410615142434835 ], [ -8476776.886902138590813, 5319117.410615142434835 ], [ -8476776.886902138590813, 5319117.373290184885263 ], [ -8476776.961553065106273, 5319117.373290184885263 ], [ -8476776.961553065106273, 5319117.335965226404369 ], [ -8476777.036203993484378, 5319117.335965226404369 ], [ -8476777.036203993484378, 5319117.298640268854797 ], [ -8476777.073529455810785, 5319117.298640268854797 ], [ -8476777.073529455810785, 5319117.261315311305225 ], [ -8476777.148180382326245, 5319117.261315311305225 ], [ -8476777.148180382326245, 5319117.22399035282433 ], [ -8476777.185505846515298, 5319117.22399035282433 ], [ -8476777.185505846515298, 5319117.186665395274758 ], [ -8476777.222831308841705, 5319117.186665395274758 ], [ -8476777.222831308841705, 5319117.149340436793864 ], [ -8476777.260156773030758, 5319117.149340436793864 ], [ -8476777.260156773030758, 5319117.112015479244292 ], [ -8476777.29748223721981, 5319117.112015479244292 ], [ -8476777.29748223721981, 5319117.074690520763397 ], [ -8476777.334807699546218, 5319117.074690520763397 ], [ -8476777.334807699546218, 5319117.037365563213825 ], [ -8476777.372133163735271, 5319117.037365563213825 ], [ -8476777.372133163735271, 5319116.962715647183359 ], [ -8476777.409458626061678, 5319116.962715647183359 ], [ -8476777.409458626061678, 5319116.925390688702464 ], [ -8476777.446784090250731, 5319116.925390688702464 ], [ -8476777.446784090250731, 5319116.850740772671998 ], [ -8476777.484109554439783, 5319116.850740772671998 ], [ -8476777.484109554439783, 5319116.813415815122426 ], [ -8476777.521435016766191, 5319116.813415815122426 ], [ -8476777.521435016766191, 5319116.738765899091959 ], [ -8476777.558760480955243, 5319116.738765899091959 ], [ -8476777.558760480955243, 5319116.626791024580598 ], [ -8476777.596085943281651, 5319116.626791024580598 ], [ -8476777.596085943281651, 5319116.514816151000559 ], [ -8476777.633411407470703, 5319116.514816151000559 ], [ -8476777.633411407470703, 5319116.253541445359588 ], [ -8476777.670736869797111, 5319116.253541445359588 ], [ -8476777.670736869797111, 5319115.46971732750535 ], [ -8476777.708062333986163, 5319115.46971732750535 ], [ -8476777.708062333986163, 5319114.648568251170218 ], [ -8476777.745387798175216, 5319114.648568251170218 ], [ -8476777.745387798175216, 5319114.573918335139751 ], [ -8476777.820038724690676, 5319114.573918335139751 ], [ -8476777.820038724690676, 5319114.536593377590179 ], [ -8476777.894689651206136, 5319114.536593377590179 ], [ -8476777.894689651206136, 5319114.499268419109285 ], [ -8476777.969340577721596, 5319114.499268419109285 ], [ -8476777.969340577721596, 5319114.461943461559713 ], [ -8476778.118642430752516, 5319114.461943461559713 ], [ -8476778.118642430752516, 5319114.424618503078818 ], [ -8476778.417246138677001, 5319114.424618503078818 ], [ -8476778.417246138677001, 5319114.387293545529246 ], [ -8476778.753175308927894, 5319114.387293545529246 ], [ -8476778.753175308927894, 5319114.349968587048352 ], [ -8476779.163755405694246, 5319114.349968587048352 ], [ -8476779.163755405694246, 5319114.31264362949878 ], [ -8476779.537010040134192, 5319114.31264362949878 ], [ -8476779.537010040134192, 5319114.275318671949208 ], [ -8476779.686311893165112, 5319114.275318671949208 ], [ -8476779.686311893165112, 5319114.31264362949878 ], [ -8476780.059566527605057, 5319114.31264362949878 ], [ -8476780.059566527605057, 5319114.349968587048352 ], [ -8476780.134217454120517, 5319114.349968587048352 ], [ -8476780.134217454120517, 5319114.31264362949878 ], [ -8476781.253981357440352, 5319114.31264362949878 ], [ -8476781.253981357440352, 5319114.275318671949208 ], [ -8476781.963165160268545, 5319114.275318671949208 ], [ -8476781.963165160268545, 5319114.31264362949878 ], [ -8476783.120254525914788, 5319114.31264362949878 ], [ -8476783.120254525914788, 5319114.275318671949208 ], [ -8476783.680136477574706, 5319114.275318671949208 ], [ -8476783.680136477574706, 5319114.31264362949878 ], [ -8476785.135829549282789, 5319114.31264362949878 ], [ -8476785.135829549282789, 5319114.349968587048352 ], [ -8476786.367569841444492, 5319114.349968587048352 ], [ -8476786.367569841444492, 5319114.387293545529246 ], [ -8476786.964777255430818, 5319114.387293545529246 ], [ -8476786.964777255430818, 5319114.349968587048352 ], [ -8476787.711286524310708, 5319114.349968587048352 ], [ -8476787.711286524310708, 5319114.387293545529246 ], [ -8476789.055003207176924, 5319114.387293545529246 ], [ -8476789.055003207176924, 5319114.424618503078818 ], [ -8476790.8466254491359, 5319114.424618503078818 ], [ -8476790.8466254491359, 5319114.461943461559713 ], [ -8476791.257205545902252, 5319114.461943461559713 ], [ -8476791.257205545902252, 5319114.499268419109285 ], [ -8476791.518483789637685, 5319114.499268419109285 ], [ -8476791.518483789637685, 5319114.536593377590179 ], [ -8476791.705111106857657, 5319114.536593377590179 ], [ -8476791.705111106857657, 5319114.573918335139751 ], [ -8476791.89173842407763, 5319114.573918335139751 ], [ -8476791.89173842407763, 5319114.611243293620646 ], [ -8476791.96638935059309, 5319114.611243293620646 ], [ -8476791.96638935059309, 5319114.648568251170218 ], [ -8476792.003714814782143, 5319114.648568251170218 ], [ -8476792.003714814782143, 5319114.685893209651113 ], [ -8476792.041040278971195, 5319114.685893209651113 ], [ -8476792.041040278971195, 5319114.760543125681579 ], [ -8476792.078365741297603, 5319114.760543125681579 ], [ -8476792.078365741297603, 5319114.835193041712046 ], [ -8476792.115691205486655, 5319114.835193041712046 ], [ -8476792.115691205486655, 5319114.947167915292084 ], [ -8476792.153016667813063, 5319114.947167915292084 ], [ -8476792.153016667813063, 5319115.096467747353017 ], [ -8476792.115691205486655, 5319115.096467747353017 ], [ -8476792.115691205486655, 5319115.619017159566283 ], [ -8476792.153016667813063, 5319115.619017159566283 ], [ -8476792.153016667813063, 5319115.84296690672636 ], [ -8476792.115691205486655, 5319115.84296690672636 ], [ -8476792.115691205486655, 5319116.253541445359588 ], [ -8476792.153016667813063, 5319116.253541445359588 ], [ -8476792.153016667813063, 5319116.440166234970093 ], [ -8476792.190342132002115, 5319116.440166234970093 ], [ -8476792.190342132002115, 5319116.850740772671998 ], [ -8476792.227667594328523, 5319116.850740772671998 ], [ -8476792.227667594328523, 5319116.962715647183359 ], [ -8476792.264993058517575, 5319116.962715647183359 ], [ -8476792.264993058517575, 5319117.000040604732931 ], [ -8476792.302318522706628, 5319117.000040604732931 ], [ -8476792.302318522706628, 5319117.074690520763397 ], [ -8476792.339643985033035, 5319117.074690520763397 ], [ -8476792.339643985033035, 5319117.149340436793864 ], [ -8476792.376969449222088, 5319117.149340436793864 ], [ -8476792.376969449222088, 5319117.22399035282433 ], [ -8476792.414294911548495, 5319117.22399035282433 ], [ -8476792.414294911548495, 5319117.261315311305225 ], [ -8476792.451620375737548, 5319117.261315311305225 ], [ -8476792.451620375737548, 5319117.335965226404369 ], [ -8476792.488945838063955, 5319117.335965226404369 ], [ -8476792.488945838063955, 5319117.373290184885263 ], [ -8476792.526271302253008, 5319117.373290184885263 ], [ -8476792.526271302253008, 5319117.44794010091573 ], [ -8476792.56359676644206, 5319117.44794010091573 ], [ -8476792.56359676644206, 5319117.485265058465302 ], [ -8476792.600922228768468, 5319117.485265058465302 ], [ -8476792.600922228768468, 5319117.522590016946197 ], [ -8476792.63824769295752, 5319117.522590016946197 ], [ -8476792.63824769295752, 5319117.559914974495769 ], [ -8476792.675573155283928, 5319117.559914974495769 ], [ -8476792.675573155283928, 5319117.597239932976663 ], [ -8476792.71289861947298, 5319117.597239932976663 ], [ -8476792.71289861947298, 5319117.634564890526235 ], [ -8476792.750224081799388, 5319117.634564890526235 ], [ -8476792.750224081799388, 5319117.67188984900713 ], [ -8476792.824875010177493, 5319117.67188984900713 ], [ -8476792.824875010177493, 5319117.709214806556702 ], [ -8476792.936851399019361, 5319117.709214806556702 ], [ -8476792.936851399019361, 5319117.746539765037596 ], [ -8476793.123478716239333, 5319117.746539765037596 ], [ -8476793.123478716239333, 5319117.783864722587168 ], [ -8476793.683360667899251, 5319117.783864722587168 ], [ -8476793.683360667899251, 5319117.821189681068063 ], [ -8476794.056615302339196, 5319117.821189681068063 ], [ -8476794.056615302339196, 5319117.783864722587168 ], [ -8476794.280568081885576, 5319117.783864722587168 ], [ -8476794.280568081885576, 5319117.821189681068063 ], [ -8476795.251030130311847, 5319117.821189681068063 ], [ -8476795.251030130311847, 5319117.858514638617635 ], [ -8476795.885563008487225, 5319117.858514638617635 ], [ -8476795.885563008487225, 5319117.821189681068063 ], [ -8476796.33346856944263, 5319117.821189681068063 ], [ -8476796.33346856944263, 5319117.858514638617635 ], [ -8476799.730085738003254, 5319117.858514638617635 ], [ -8476799.730085738003254, 5319117.821189681068063 ], [ -8476802.604146419093013, 5319117.821189681068063 ], [ -8476802.604146419093013, 5319117.783864722587168 ], [ -8476803.910537637770176, 5319117.783864722587168 ], [ -8476803.910537637770176, 5319117.821189681068063 ], [ -8476805.179603394120932, 5319117.821189681068063 ], [ -8476805.179603394120932, 5319117.783864722587168 ], [ -8476805.702159881591797, 5319117.783864722587168 ], [ -8476805.702159881591797, 5319117.821189681068063 ], [ -8476806.000763587653637, 5319117.821189681068063 ], [ -8476806.000763587653637, 5319117.858514638617635 ], [ -8476806.821923783048987, 5319117.858514638617635 ], [ -8476806.821923783048987, 5319117.895839597098529 ], [ -8476807.605758514255285, 5319117.895839597098529 ], [ -8476807.605758514255285, 5319117.933164554648101 ], [ -8476807.90436222217977, 5319117.933164554648101 ], [ -8476807.90436222217977, 5319117.970489513128996 ], [ -8476808.165640465915203, 5319117.970489513128996 ], [ -8476808.165640465915203, 5319117.933164554648101 ], [ -8476808.538895098492503, 5319117.933164554648101 ], [ -8476808.538895098492503, 5319117.970489513128996 ], [ -8476810.442493733018637, 5319117.970489513128996 ], [ -8476810.442493733018637, 5319118.007814470678568 ], [ -8476811.786210414022207, 5319118.007814470678568 ] ], [ [ -8476719.181735727936029, 5319090.200720766559243 ], [ -8476719.107084801420569, 5319090.200720766559243 ], [ -8476719.107084801420569, 5319090.163395809009671 ], [ -8476719.032433874905109, 5319090.163395809009671 ], [ -8476719.032433874905109, 5319090.126070850528777 ], [ -8476719.069759339094162, 5319090.126070850528777 ], [ -8476719.069759339094162, 5319090.088745892979205 ], [ -8476719.107084801420569, 5319090.088745892979205 ], [ -8476719.107084801420569, 5319089.976771018467844 ], [ -8476719.181735727936029, 5319089.976771018467844 ], [ -8476719.181735727936029, 5319090.088745892979205 ], [ -8476719.219061192125082, 5319090.088745892979205 ], [ -8476719.219061192125082, 5319090.163395809009671 ], [ -8476719.181735727936029, 5319090.163395809009671 ], [ -8476719.181735727936029, 5319090.200720766559243 ] ], [ [ -8476718.211273679509759, 5319088.371797825209796 ], [ -8476718.173948217183352, 5319088.371797825209796 ], [ -8476718.173948217183352, 5319088.334472866728902 ], [ -8476718.211273679509759, 5319088.334472866728902 ], [ -8476718.211273679509759, 5319088.371797825209796 ] ], [ [ -8476747.101182349026203, 5319038.319029157981277 ], [ -8476746.951880495995283, 5319038.319029157981277 ], [ -8476746.951880495995283, 5319038.24437924195081 ], [ -8476746.989205958321691, 5319038.24437924195081 ], [ -8476746.989205958321691, 5319038.207054284401238 ], [ -8476747.063856884837151, 5319038.207054284401238 ], [ -8476747.063856884837151, 5319038.24437924195081 ], [ -8476747.101182349026203, 5319038.24437924195081 ], [ -8476747.101182349026203, 5319038.319029157981277 ] ], [ [ -8476788.196517547592521, 5319037.945779577828944 ], [ -8476788.047215694561601, 5319037.945779577828944 ], [ -8476788.047215694561601, 5319037.908454620279372 ], [ -8476788.084541158750653, 5319037.908454620279372 ], [ -8476788.084541158750653, 5319037.871129661798477 ], [ -8476788.159192085266113, 5319037.871129661798477 ], [ -8476788.159192085266113, 5319037.908454620279372 ], [ -8476788.196517547592521, 5319037.908454620279372 ], [ -8476788.196517547592521, 5319037.945779577828944 ] ], [ [ -8476787.22605549916625, 5319037.945779577828944 ], [ -8476787.15140457265079, 5319037.945779577828944 ], [ -8476787.15140457265079, 5319037.908454620279372 ], [ -8476787.22605549916625, 5319037.908454620279372 ], [ -8476787.22605549916625, 5319037.945779577828944 ] ], [ [ -8476744.227121667936444, 5319037.721829829737544 ], [ -8476744.152470741420984, 5319037.721829829737544 ], [ -8476744.152470741420984, 5319037.684504872187972 ], [ -8476744.040494350716472, 5319037.684504872187972 ], [ -8476744.040494350716472, 5319037.6471799146384 ], [ -8476744.003168886527419, 5319037.6471799146384 ], [ -8476744.003168886527419, 5319037.609854956157506 ], [ -8476743.965843424201012, 5319037.609854956157506 ], [ -8476743.965843424201012, 5319037.423230166547 ], [ -8476744.003168886527419, 5319037.423230166547 ], [ -8476744.003168886527419, 5319037.311255292035639 ], [ -8476744.040494350716472, 5319037.311255292035639 ], [ -8476744.040494350716472, 5319037.273930334486067 ], [ -8476744.115145277231932, 5319037.273930334486067 ], [ -8476744.115145277231932, 5319037.236605376005173 ], [ -8476744.227121667936444, 5319037.236605376005173 ], [ -8476744.227121667936444, 5319037.273930334486067 ], [ -8476744.264447130262852, 5319037.273930334486067 ], [ -8476744.264447130262852, 5319037.348580250516534 ], [ -8476744.301772594451904, 5319037.348580250516534 ], [ -8476744.301772594451904, 5319037.423230166547 ], [ -8476744.339098056778312, 5319037.423230166547 ], [ -8476744.339098056778312, 5319037.535205040127039 ], [ -8476744.376423520967364, 5319037.535205040127039 ], [ -8476744.376423520967364, 5319037.572529998607934 ], [ -8476744.339098056778312, 5319037.572529998607934 ], [ -8476744.339098056778312, 5319037.6471799146384 ], [ -8476744.264447130262852, 5319037.6471799146384 ], [ -8476744.264447130262852, 5319037.684504872187972 ], [ -8476744.227121667936444, 5319037.684504872187972 ], [ -8476744.227121667936444, 5319037.721829829737544 ] ], [ [ -8476786.77814994007349, 5319037.684504872187972 ], [ -8476786.628848085179925, 5319037.684504872187972 ], [ -8476786.628848085179925, 5319037.6471799146384 ], [ -8476786.591522622853518, 5319037.6471799146384 ], [ -8476786.591522622853518, 5319037.497880082577467 ], [ -8476786.628848085179925, 5319037.497880082577467 ], [ -8476786.628848085179925, 5319037.460555124096572 ], [ -8476786.666173549368978, 5319037.460555124096572 ], [ -8476786.666173549368978, 5319037.423230166547 ], [ -8476786.815475402399898, 5319037.423230166547 ], [ -8476786.815475402399898, 5319037.460555124096572 ], [ -8476786.85280086658895, 5319037.460555124096572 ], [ -8476786.85280086658895, 5319037.535205040127039 ], [ -8476786.890126328915358, 5319037.535205040127039 ], [ -8476786.890126328915358, 5319037.572529998607934 ], [ -8476786.85280086658895, 5319037.572529998607934 ], [ -8476786.85280086658895, 5319037.609854956157506 ], [ -8476786.815475402399898, 5319037.609854956157506 ], [ -8476786.815475402399898, 5319037.6471799146384 ], [ -8476786.77814994007349, 5319037.6471799146384 ], [ -8476786.77814994007349, 5319037.684504872187972 ] ], [ [ -8476747.996993470937014, 5319037.6471799146384 ], [ -8476747.922342544421554, 5319037.6471799146384 ], [ -8476747.922342544421554, 5319037.609854956157506 ], [ -8476747.885017080232501, 5319037.609854956157506 ], [ -8476747.885017080232501, 5319037.497880082577467 ], [ -8476747.922342544421554, 5319037.497880082577467 ], [ -8476747.922342544421554, 5319037.460555124096572 ], [ -8476747.996993470937014, 5319037.460555124096572 ], [ -8476747.996993470937014, 5319037.535205040127039 ], [ -8476748.034318933263421, 5319037.535205040127039 ], [ -8476748.034318933263421, 5319037.609854956157506 ], [ -8476747.996993470937014, 5319037.609854956157506 ], [ -8476747.996993470937014, 5319037.6471799146384 ] ] ] } },
{ "type": "Feature", "properties": { "value": 255.0 }, "geometry": { "type": "Polygon", "coordinates": [ [ [ -8476723.474164018407464, 5319035.10908277053386 ], [ -8476723.474164018407464, 5319035.071757812984288 ], [ -8476723.511489482596517, 5319035.071757812984288 ], [ -8476723.511489482596517, 5319034.997107896953821 ], [ -8476723.474164018407464, 5319034.997107896953821 ], [ -8476723.474164018407464, 5319034.959782938472927 ], [ -8476723.436838556081057, 5319034.959782938472927 ], [ -8476723.436838556081057, 5319034.922457980923355 ], [ -8476723.324862165376544, 5319034.922457980923355 ], [ -8476723.324862165376544, 5319034.959782938472927 ], [ -8476723.287536703050137, 5319034.959782938472927 ], [ -8476723.287536703050137, 5319035.071757812984288 ], [ -8476723.324862165376544, 5319035.071757812984288 ], [ -8476723.324862165376544, 5319035.10908277053386 ], [ -8476723.474164018407464, 5319035.10908277053386 ] ] ] } },
{ "type": "Feature", "properties": { "value": 255.0 }, "geometry": { "type": "Polygon", "coordinates": [ [ [ -8476723.436838556081057, 5319034.474558484740555 ], [ -8476723.436838556081057, 5319034.437233527190983 ], [ -8476723.474164018407464, 5319034.437233527190983 ], [ -8476723.474164018407464, 5319034.399908568710089 ], [ -8476723.511489482596517, 5319034.399908568710089 ], [ -8476723.511489482596517, 5319034.28793369513005 ], [ -8476723.474164018407464, 5319034.28793369513005 ], [ -8476723.474164018407464, 5319034.213283779099584 ], [ -8476723.324862165376544, 5319034.213283779099584 ], [ -8476723.324862165376544, 5319034.250608736649156 ], [ -8476723.287536703050137, 5319034.250608736649156 ], [ -8476723.287536703050137, 5319034.28793369513005 ], [ -8476723.250211238861084, 5319034.28793369513005 ], [ -8476723.250211238861084, 5319034.474558484740555 ], [ -8476723.436838556081057, 5319034.474558484740555 ] ] ] } },
{ "type": "Feature", "properties": { "value": 255.0 }, "geometry": { "type": "Polygon", "coordinates": [ [ [ -8476715.971745876595378, 5319119.500812790356576 ], [ -8476715.971745876595378, 5319119.276863042265177 ], [ -8476716.009071340784431, 5319119.276863042265177 ], [ -8476716.009071340784431, 5319119.20221312623471 ], [ -8476716.046396803110838, 5319119.20221312623471 ], [ -8476716.046396803110838, 5319119.090238252654672 ], [ -8476716.083722267299891, 5319119.090238252654672 ], [ -8476716.083722267299891, 5319119.015588336624205 ], [ -8476716.121047729626298, 5319119.015588336624205 ], [ -8476716.121047729626298, 5319118.978263378143311 ], [ -8476716.158373193815351, 5319118.978263378143311 ], [ -8476716.158373193815351, 5319118.940938420593739 ], [ -8476716.121047729626298, 5319118.940938420593739 ], [ -8476716.121047729626298, 5319118.828963546082377 ], [ -8476716.083722267299891, 5319118.828963546082377 ], [ -8476716.083722267299891, 5319118.716988672502339 ], [ -8476716.046396803110838, 5319118.716988672502339 ], [ -8476716.046396803110838, 5319118.6050137989223 ], [ -8476716.009071340784431, 5319118.6050137989223 ], [ -8476716.009071340784431, 5319118.567688840441406 ], [ -8476716.046396803110838, 5319118.567688840441406 ], [ -8476716.046396803110838, 5319118.194439260289073 ], [ -8476716.083722267299891, 5319118.194439260289073 ], [ -8476716.083722267299891, 5319117.970489513128996 ], [ -8476716.121047729626298, 5319117.970489513128996 ], [ -8476716.121047729626298, 5319117.67188984900713 ], [ -8476716.158373193815351, 5319117.67188984900713 ], [ -8476716.158373193815351, 5319117.298640268854797 ], [ -8476716.195698656141758, 5319117.298640268854797 ], [ -8476716.195698656141758, 5319116.925390688702464 ], [ -8476716.158373193815351, 5319116.925390688702464 ], [ -8476716.158373193815351, 5319116.626791024580598 ], [ -8476716.121047729626298, 5319116.626791024580598 ], [ -8476716.121047729626298, 5319116.253541445359588 ], [ -8476716.158373193815351, 5319116.253541445359588 ], [ -8476716.158373193815351, 5319116.029591697268188 ], [ -8476716.121047729626298, 5319116.029591697268188 ], [ -8476716.121047729626298, 5319115.954941781237721 ], [ -8476716.083722267299891, 5319115.954941781237721 ], [ -8476716.083722267299891, 5319115.917616822756827 ], [ -8476716.046396803110838, 5319115.917616822756827 ], [ -8476716.046396803110838, 5319115.880291865207255 ], [ -8476716.009071340784431, 5319115.880291865207255 ], [ -8476716.009071340784431, 5319115.84296690672636 ], [ -8476715.971745876595378, 5319115.84296690672636 ], [ -8476715.971745876595378, 5319115.805641949176788 ], [ -8476715.934420412406325, 5319115.805641949176788 ], [ -8476715.934420412406325, 5319115.768316991627216 ], [ -8476715.897094950079918, 5319115.768316991627216 ], [ -8476715.897094950079918, 5319115.730992033146322 ], [ -8476715.785118559375405, 5319115.730992033146322 ], [ -8476715.785118559375405, 5319115.69366707559675 ], [ -8476715.897094950079918, 5319115.69366707559675 ], [ -8476715.897094950079918, 5319115.656342117115855 ], [ -8476715.934420412406325, 5319115.656342117115855 ], [ -8476715.934420412406325, 5319115.619017159566283 ], [ -8476715.971745876595378, 5319115.619017159566283 ], [ -8476715.971745876595378, 5319115.581692201085389 ], [ -8476716.009071340784431, 5319115.581692201085389 ], [ -8476716.009071340784431, 5319115.507042285054922 ], [ -8476716.046396803110838, 5319115.507042285054922 ], [ -8476716.046396803110838, 5319115.46971732750535 ], [ -8476716.083722267299891, 5319115.46971732750535 ], [ -8476716.083722267299891, 5319115.395067411474884 ], [ -8476716.121047729626298, 5319115.395067411474884 ], [ -8476716.121047729626298, 5319115.320417495444417 ], [ -8476716.083722267299891, 5319115.320417495444417 ], [ -8476716.083722267299891, 5319115.171117663383484 ], [ -8476716.046396803110838, 5319115.171117663383484 ], [ -8476716.046396803110838, 5319115.059142788872123 ], [ -8476716.009071340784431, 5319115.059142788872123 ], [ -8476716.009071340784431, 5319114.947167915292084 ], [ -8476716.046396803110838, 5319114.947167915292084 ], [ -8476716.046396803110838, 5319114.835193041712046 ], [ -8476716.083722267299891, 5319114.835193041712046 ], [ -8476716.083722267299891, 5319114.760543125681579 ], [ -8476716.121047729626298, 5319114.760543125681579 ], [ -8476716.121047729626298, 5319114.723218167200685 ], [ -8476716.158373193815351, 5319114.723218167200685 ], [ -8476716.158373193815351, 5319114.685893209651113 ], [ -8476716.195698656141758, 5319114.685893209651113 ], [ -8476716.195698656141758, 5319114.648568251170218 ], [ -8476716.233024120330811, 5319114.648568251170218 ], [ -8476716.233024120330811, 5319114.611243293620646 ], [ -8476716.270349584519863, 5319114.611243293620646 ], [ -8476716.270349584519863, 5319114.536593377590179 ], [ -8476716.307675046846271, 5319114.536593377590179 ], [ -8476716.307675046846271, 5319114.387293545529246 ], [ -8476716.345000511035323, 5319114.387293545529246 ], [ -8476716.345000511035323, 5319114.08869388140738 ], [ -8476716.382325973361731, 5319114.08869388140738 ], [ -8476716.382325973361731, 5319113.86474413331598 ], [ -8476716.345000511035323, 5319113.86474413331598 ], [ -8476716.345000511035323, 5319113.790094217285514 ], [ -8476716.270349584519863, 5319113.790094217285514 ], [ -8476716.270349584519863, 5319113.752769259735942 ], [ -8476716.158373193815351, 5319113.752769259735942 ], [ -8476716.158373193815351, 5319113.715444301255047 ], [ -8476716.121047729626298, 5319113.715444301255047 ], [ -8476716.121047729626298, 5319113.678119343705475 ], [ -8476716.083722267299891, 5319113.678119343705475 ], [ -8476716.083722267299891, 5319113.267544806003571 ], [ -8476716.121047729626298, 5319113.267544806003571 ], [ -8476716.121047729626298, 5319113.155569931492209 ], [ -8476716.158373193815351, 5319113.155569931492209 ], [ -8476716.158373193815351, 5319113.006270099431276 ], [ -8476716.195698656141758, 5319113.006270099431276 ], [ -8476716.195698656141758, 5319112.744995393790305 ], [ -8476716.233024120330811, 5319112.744995393790305 ], [ -8476716.233024120330811, 5319112.670345477759838 ], [ -8476716.270349584519863, 5319112.670345477759838 ], [ -8476716.270349584519863, 5319112.633020520210266 ], [ -8476716.307675046846271, 5319112.633020520210266 ], [ -8476716.307675046846271, 5319112.5583706041798 ], [ -8476716.345000511035323, 5319112.5583706041798 ], [ -8476716.345000511035323, 5319112.446395729668438 ], [ -8476716.233024120330811, 5319112.446395729668438 ], [ -8476716.233024120330811, 5319112.409070772118866 ], [ -8476716.121047729626298, 5319112.409070772118866 ], [ -8476716.121047729626298, 5319112.371745813637972 ], [ -8476716.083722267299891, 5319112.371745813637972 ], [ -8476716.083722267299891, 5319112.259770940057933 ], [ -8476716.046396803110838, 5319112.259770940057933 ], [ -8476716.046396803110838, 5319111.811871443875134 ], [ -8476716.009071340784431, 5319111.811871443875134 ], [ -8476716.009071340784431, 5319111.289322032593191 ], [ -8476715.971745876595378, 5319111.289322032593191 ], [ -8476715.971745876595378, 5319111.17734715808183 ], [ -8476715.934420412406325, 5319111.17734715808183 ], [ -8476715.934420412406325, 5319111.140022200532258 ], [ -8476715.897094950079918, 5319111.140022200532258 ], [ -8476715.897094950079918, 5319111.065372284501791 ], [ -8476715.822444023564458, 5319111.065372284501791 ], [ -8476715.822444023564458, 5319111.028047326020896 ], [ -8476715.897094950079918, 5319111.028047326020896 ], [ -8476715.897094950079918, 5319110.990722368471324 ], [ -8476715.934420412406325, 5319110.990722368471324 ], [ -8476715.934420412406325, 5319110.95339740999043 ], [ -8476715.971745876595378, 5319110.95339740999043 ], [ -8476715.971745876595378, 5319110.916072452440858 ], [ -8476716.009071340784431, 5319110.916072452440858 ], [ -8476716.009071340784431, 5319110.878747493959963 ], [ -8476716.046396803110838, 5319110.878747493959963 ], [ -8476716.046396803110838, 5319110.804097577929497 ], [ -8476716.083722267299891, 5319110.804097577929497 ], [ -8476716.083722267299891, 5319110.72944766189903 ], [ -8476716.121047729626298, 5319110.72944766189903 ], [ -8476716.121047729626298, 5319110.318873124197125 ], [ -8476716.083722267299891, 5319110.318873124197125 ], [ -8476716.083722267299891, 5319110.094923376105726 ], [ -8476716.046396803110838, 5319110.094923376105726 ], [ -8476716.046396803110838, 5319109.609698922373354 ], [ -8476716.009071340784431, 5319109.609698922373354 ], [ -8476716.009071340784431, 5319109.572373964823782 ], [ -8476715.971745876595378, 5319109.572373964823782 ], [ -8476715.971745876595378, 5319109.497724048793316 ], [ -8476715.934420412406325, 5319109.497724048793316 ], [ -8476715.934420412406325, 5319109.385749174281955 ], [ -8476715.897094950079918, 5319109.385749174281955 ], [ -8476715.897094950079918, 5319109.19912438467145 ], [ -8476715.859769485890865, 5319109.19912438467145 ], [ -8476715.859769485890865, 5319109.124474468640983 ], [ -8476715.710467632859945, 5319109.124474468640983 ], [ -8476715.710467632859945, 5319109.087149511091411 ], [ -8476715.523840315639973, 5319109.087149511091411 ], [ -8476715.523840315639973, 5319109.049824552610517 ], [ -8476715.449189389124513, 5319109.049824552610517 ], [ -8476715.449189389124513, 5319109.012499595060945 ], [ -8476714.963958363980055, 5319109.012499595060945 ], [ -8476714.963958363980055, 5319109.049824552610517 ], [ -8476714.889307437464595, 5319109.049824552610517 ], [ -8476714.889307437464595, 5319109.012499595060945 ], [ -8476714.814656510949135, 5319109.012499595060945 ], [ -8476714.814656510949135, 5319108.97517463658005 ], [ -8476714.740005584433675, 5319108.97517463658005 ], [ -8476714.740005584433675, 5319108.937849679030478 ], [ -8476714.702680120244622, 5319108.937849679030478 ], [ -8476714.702680120244622, 5319108.900524720549583 ], [ -8476714.665354657918215, 5319108.900524720549583 ], [ -8476714.665354657918215, 5319108.863199763000011 ], [ -8476714.777331048622727, 5319108.863199763000011 ], [ -8476714.777331048622727, 5319108.825874804519117 ], [ -8476715.33721299842, 5319108.825874804519117 ], [ -8476715.33721299842, 5319108.863199763000011 ], [ -8476715.374538462609053, 5319108.863199763000011 ], [ -8476715.374538462609053, 5319108.825874804519117 ], [ -8476715.561165779829025, 5319108.825874804519117 ], [ -8476715.561165779829025, 5319108.788549846969545 ], [ -8476715.822444023564458, 5319108.788549846969545 ], [ -8476715.822444023564458, 5319108.75122488848865 ], [ -8476715.897094950079918, 5319108.75122488848865 ], [ -8476715.897094950079918, 5319108.713899930939078 ], [ -8476715.934420412406325, 5319108.713899930939078 ], [ -8476715.934420412406325, 5319108.676574972458184 ], [ -8476716.009071340784431, 5319108.676574972458184 ], [ -8476716.009071340784431, 5319108.639250014908612 ], [ -8476716.046396803110838, 5319108.639250014908612 ], [ -8476716.046396803110838, 5319108.601925056427717 ], [ -8476716.083722267299891, 5319108.601925056427717 ], [ -8476716.083722267299891, 5319108.564600098878145 ], [ -8476716.158373193815351, 5319108.564600098878145 ], [ -8476716.158373193815351, 5319108.527275140397251 ], [ -8476716.195698656141758, 5319108.527275140397251 ], [ -8476716.195698656141758, 5319108.340650350786746 ], [ -8476716.233024120330811, 5319108.340650350786746 ], [ -8476716.233024120330811, 5319108.116700602695346 ], [ -8476716.195698656141758, 5319108.116700602695346 ], [ -8476716.195698656141758, 5319108.004725729115307 ], [ -8476716.158373193815351, 5319108.004725729115307 ], [ -8476716.158373193815351, 5319107.892750854603946 ], [ -8476716.121047729626298, 5319107.892750854603946 ], [ -8476716.121047729626298, 5319107.519501275382936 ], [ -8476716.158373193815351, 5319107.519501275382936 ], [ -8476716.158373193815351, 5319107.370201443322003 ], [ -8476716.121047729626298, 5319107.370201443322003 ], [ -8476716.121047729626298, 5319107.071601779200137 ], [ -8476716.083722267299891, 5319107.071601779200137 ], [ -8476716.083722267299891, 5319106.810327073559165 ], [ -8476716.046396803110838, 5319106.810327073559165 ], [ -8476716.046396803110838, 5319106.586377325467765 ], [ -8476716.083722267299891, 5319106.586377325467765 ], [ -8476716.083722267299891, 5319106.287777661345899 ], [ -8476716.121047729626298, 5319106.287777661345899 ], [ -8476716.121047729626298, 5319106.138477829284966 ], [ -8476716.158373193815351, 5319106.138477829284966 ], [ -8476716.158373193815351, 5319106.026502955704927 ], [ -8476716.195698656141758, 5319106.026502955704927 ], [ -8476716.195698656141758, 5319105.951853039674461 ], [ -8476716.158373193815351, 5319105.951853039674461 ], [ -8476716.158373193815351, 5319105.8398781651631 ], [ -8476716.121047729626298, 5319105.8398781651631 ], [ -8476716.121047729626298, 5319105.24267883785069 ], [ -8476716.083722267299891, 5319105.24267883785069 ], [ -8476716.083722267299891, 5319104.496179677546024 ], [ -8476716.121047729626298, 5319104.496179677546024 ], [ -8476716.121047729626298, 5319104.010955223813653 ], [ -8476716.083722267299891, 5319104.010955223813653 ], [ -8476716.083722267299891, 5319103.898980349302292 ], [ -8476716.046396803110838, 5319103.898980349302292 ], [ -8476716.046396803110838, 5319103.339105979539454 ], [ -8476716.083722267299891, 5319103.339105979539454 ], [ -8476716.083722267299891, 5319102.629931777715683 ], [ -8476716.046396803110838, 5319102.629931777715683 ], [ -8476716.046396803110838, 5319102.48063194565475 ], [ -8476716.009071340784431, 5319102.48063194565475 ], [ -8476716.009071340784431, 5319102.443306988105178 ], [ -8476715.971745876595378, 5319102.443306988105178 ], [ -8476715.971745876595378, 5319102.368657072074711 ], [ -8476716.009071340784431, 5319102.368657072074711 ], [ -8476716.009071340784431, 5319102.331332114525139 ], [ -8476716.046396803110838, 5319102.331332114525139 ], [ -8476716.046396803110838, 5319102.294007156044245 ], [ -8476716.083722267299891, 5319102.294007156044245 ], [ -8476716.083722267299891, 5319102.182032282464206 ], [ -8476716.121047729626298, 5319102.182032282464206 ], [ -8476716.121047729626298, 5319101.995407491922379 ], [ -8476716.158373193815351, 5319101.995407491922379 ], [ -8476716.158373193815351, 5319101.846107659861445 ], [ -8476716.195698656141758, 5319101.846107659861445 ], [ -8476716.195698656141758, 5319101.734132786281407 ], [ -8476716.233024120330811, 5319101.734132786281407 ], [ -8476716.233024120330811, 5319101.398208164609969 ], [ -8476716.195698656141758, 5319101.398208164609969 ], [ -8476716.195698656141758, 5319101.286233290098608 ], [ -8476716.233024120330811, 5319101.286233290098608 ], [ -8476716.233024120330811, 5319101.024958584457636 ], [ -8476716.270349584519863, 5319101.024958584457636 ], [ -8476716.270349584519863, 5319100.912983710877597 ], [ -8476716.233024120330811, 5319100.912983710877597 ], [ -8476716.233024120330811, 5319100.801008836366236 ], [ -8476716.195698656141758, 5319100.801008836366236 ], [ -8476716.195698656141758, 5319100.577059088274837 ], [ -8476716.158373193815351, 5319100.577059088274837 ], [ -8476716.158373193815351, 5319100.539734130725265 ], [ -8476716.121047729626298, 5319100.539734130725265 ], [ -8476716.121047729626298, 5319100.50240917224437 ], [ -8476716.083722267299891, 5319100.50240917224437 ], [ -8476716.083722267299891, 5319100.465084214694798 ], [ -8476716.009071340784431, 5319100.465084214694798 ], [ -8476716.009071340784431, 5319100.427759256213903 ], [ -8476715.971745876595378, 5319100.427759256213903 ], [ -8476715.971745876595378, 5319100.390434298664331 ], [ -8476715.934420412406325, 5319100.390434298664331 ], [ -8476715.934420412406325, 5319100.353109340183437 ], [ -8476715.897094950079918, 5319100.353109340183437 ], [ -8476715.897094950079918, 5319100.315784382633865 ], [ -8476715.822444023564458, 5319100.315784382633865 ], [ -8476715.822444023564458, 5319100.27845942415297 ], [ -8476715.710467632859945, 5319100.27845942415297 ], [ -8476715.710467632859945, 5319100.241134466603398 ], [ -8476715.673142168670893, 5319100.241134466603398 ], [ -8476715.673142168670893, 5319100.166484550572932 ], [ -8476715.710467632859945, 5319100.166484550572932 ], [ -8476715.710467632859945, 5319100.12915959302336 ], [ -8476715.747793095186353, 5319100.12915959302336 ], [ -8476715.747793095186353, 5319100.091834634542465 ], [ -8476715.785118559375405, 5319100.091834634542465 ], [ -8476715.785118559375405, 5319100.054509676992893 ], [ -8476715.859769485890865, 5319100.054509676992893 ], [ -8476715.859769485890865, 5319099.942534802481532 ], [ -8476715.897094950079918, 5319099.942534802481532 ], [ -8476715.897094950079918, 5319099.867884886451066 ], [ -8476715.934420412406325, 5319099.867884886451066 ], [ -8476715.934420412406325, 5319099.793234970420599 ], [ -8476715.971745876595378, 5319099.793234970420599 ], [ -8476715.971745876595378, 5319099.755910012871027 ], [ -8476716.009071340784431, 5319099.755910012871027 ], [ -8476716.009071340784431, 5319099.68126009684056 ], [ -8476716.046396803110838, 5319099.68126009684056 ], [ -8476716.046396803110838, 5319099.643935138359666 ], [ -8476716.083722267299891, 5319099.643935138359666 ], [ -8476716.083722267299891, 5319099.606610180810094 ], [ -8476716.121047729626298, 5319099.606610180810094 ], [ -8476716.121047729626298, 5319099.569285222329199 ], [ -8476716.158373193815351, 5319099.569285222329199 ], [ -8476716.158373193815351, 5319099.531960264779627 ], [ -8476716.233024120330811, 5319099.531960264779627 ], [ -8476716.233024120330811, 5319099.494635306298733 ], [ -8476716.158373193815351, 5319099.494635306298733 ], [ -8476716.158373193815351, 5319099.457310348749161 ], [ -8476716.121047729626298, 5319099.457310348749161 ], [ -8476716.121047729626298, 5319099.382660432718694 ], [ -8476716.083722267299891, 5319099.382660432718694 ], [ -8476716.083722267299891, 5319099.345335475169122 ], [ -8476716.046396803110838, 5319099.345335475169122 ], [ -8476716.046396803110838, 5319099.308010516688228 ], [ -8476716.009071340784431, 5319099.308010516688228 ], [ -8476716.009071340784431, 5319099.233360600657761 ], [ -8476715.971745876595378, 5319099.233360600657761 ], [ -8476715.971745876595378, 5319099.046735811047256 ], [ -8476716.009071340784431, 5319099.046735811047256 ], [ -8476716.009071340784431, 5319098.972085895016789 ], [ -8476716.046396803110838, 5319098.972085895016789 ], [ -8476716.046396803110838, 5319098.897435978986323 ], [ -8476716.083722267299891, 5319098.897435978986323 ], [ -8476716.083722267299891, 5319098.822786062955856 ], [ -8476716.121047729626298, 5319098.822786062955856 ], [ -8476716.121047729626298, 5319098.673486230894923 ], [ -8476716.158373193815351, 5319098.673486230894923 ], [ -8476716.158373193815351, 5319098.038961945101619 ], [ -8476716.121047729626298, 5319098.038961945101619 ], [ -8476716.121047729626298, 5319097.92698707152158 ], [ -8476716.083722267299891, 5319097.92698707152158 ], [ -8476716.083722267299891, 5319097.479087575338781 ], [ -8476716.121047729626298, 5319097.479087575338781 ], [ -8476716.121047729626298, 5319096.919213205575943 ], [ -8476716.083722267299891, 5319096.919213205575943 ], [ -8476716.083722267299891, 5319096.844563289545476 ], [ -8476716.046396803110838, 5319096.844563289545476 ], [ -8476716.046396803110838, 5319096.807238331064582 ], [ -8476716.009071340784431, 5319096.807238331064582 ], [ -8476716.009071340784431, 5319096.76991337351501 ], [ -8476715.971745876595378, 5319096.76991337351501 ], [ -8476715.971745876595378, 5319096.732588415034115 ], [ -8476715.934420412406325, 5319096.732588415034115 ], [ -8476715.934420412406325, 5319096.695263457484543 ], [ -8476715.859769485890865, 5319096.695263457484543 ], [ -8476715.859769485890865, 5319096.657938499003649 ], [ -8476715.822444023564458, 5319096.657938499003649 ], [ -8476715.822444023564458, 5319096.620613541454077 ], [ -8476715.859769485890865, 5319096.620613541454077 ], [ -8476715.859769485890865, 5319096.583288582973182 ], [ -8476715.934420412406325, 5319096.583288582973182 ], [ -8476715.934420412406325, 5319096.54596362542361 ], [ -8476715.971745876595378, 5319096.54596362542361 ], [ -8476715.971745876595378, 5319096.508638666942716 ], [ -8476716.009071340784431, 5319096.508638666942716 ], [ -8476716.009071340784431, 5319096.471313709393144 ], [ -8476716.046396803110838, 5319096.471313709393144 ], [ -8476716.046396803110838, 5319096.433988751843572 ], [ -8476716.083722267299891, 5319096.433988751843572 ], [ -8476716.083722267299891, 5319096.322013877332211 ], [ -8476716.121047729626298, 5319096.322013877332211 ], [ -8476716.121047729626298, 5319095.874114381149411 ], [ -8476716.158373193815351, 5319095.874114381149411 ], [ -8476716.158373193815351, 5319095.799464465118945 ], [ -8476716.195698656141758, 5319095.799464465118945 ], [ -8476716.195698656141758, 5319095.61283967550844 ], [ -8476716.233024120330811, 5319095.61283967550844 ], [ -8476716.233024120330811, 5319095.239590095356107 ], [ -8476716.270349584519863, 5319095.239590095356107 ], [ -8476716.270349584519863, 5319095.16494017932564 ], [ -8476716.233024120330811, 5319095.16494017932564 ], [ -8476716.233024120330811, 5319095.127615221776068 ], [ -8476716.195698656141758, 5319095.127615221776068 ], [ -8476716.195698656141758, 5319095.015640347264707 ], [ -8476716.158373193815351, 5319095.015640347264707 ], [ -8476716.158373193815351, 5319094.56774085201323 ], [ -8476716.195698656141758, 5319094.56774085201323 ], [ -8476716.195698656141758, 5319094.493090935982764 ], [ -8476716.270349584519863, 5319094.493090935982764 ], [ -8476716.270349584519863, 5319094.455765977501869 ], [ -8476716.233024120330811, 5319094.455765977501869 ], [ -8476716.233024120330811, 5319094.418441019952297 ], [ -8476716.195698656141758, 5319094.418441019952297 ], [ -8476716.195698656141758, 5319094.343791103921831 ], [ -8476716.158373193815351, 5319094.343791103921831 ], [ -8476716.158373193815351, 5319094.007866482250392 ], [ -8476716.121047729626298, 5319094.007866482250392 ], [ -8476716.121047729626298, 5319093.858566650189459 ], [ -8476716.083722267299891, 5319093.858566650189459 ], [ -8476716.083722267299891, 5319093.821241691708565 ], [ -8476716.046396803110838, 5319093.821241691708565 ], [ -8476716.046396803110838, 5319093.783916734158993 ], [ -8476715.897094950079918, 5319093.783916734158993 ], [ -8476715.897094950079918, 5319093.746591775678098 ], [ -8476715.822444023564458, 5319093.746591775678098 ], [ -8476715.822444023564458, 5319093.709266818128526 ], [ -8476715.785118559375405, 5319093.709266818128526 ], [ -8476715.785118559375405, 5319093.671941859647632 ], [ -8476715.747793095186353, 5319093.671941859647632 ], [ -8476715.747793095186353, 5319093.63461690209806 ], [ -8476715.710467632859945, 5319093.63461690209806 ], [ -8476715.710467632859945, 5319093.597291943617165 ], [ -8476715.598491242155433, 5319093.597291943617165 ], [ -8476715.598491242155433, 5319093.559966986067593 ], [ -8476715.374538462609053, 5319093.559966986067593 ], [ -8476715.374538462609053, 5319093.522642027586699 ], [ -8476715.299887536093593, 5319093.522642027586699 ], [ -8476715.299887536093593, 5319093.485317070037127 ], [ -8476715.225236607715487, 5319093.485317070037127 ], [ -8476715.225236607715487, 5319093.447992112487555 ], [ -8476715.18791114538908, 5319093.447992112487555 ], [ -8476715.18791114538908, 5319093.41066715400666 ], [ -8476715.150585681200027, 5319093.41066715400666 ], [ -8476715.150585681200027, 5319093.261367321945727 ], [ -8476715.11326021887362, 5319093.261367321945727 ], [ -8476715.11326021887362, 5319093.149392448365688 ], [ -8476715.075934754684567, 5319093.149392448365688 ], [ -8476715.075934754684567, 5319093.074742532335222 ], [ -8476715.03860929235816, 5319093.074742532335222 ], [ -8476715.03860929235816, 5319093.037417573854327 ], [ -8476715.001283828169107, 5319093.037417573854327 ], [ -8476715.001283828169107, 5319093.000092616304755 ], [ -8476714.889307437464595, 5319093.000092616304755 ], [ -8476714.889307437464595, 5319092.962767657823861 ], [ -8476714.851981975138187, 5319092.962767657823861 ], [ -8476714.851981975138187, 5319092.925442700274289 ], [ -8476714.777331048622727, 5319092.925442700274289 ], [ -8476714.777331048622727, 5319092.888117741793394 ], [ -8476714.702680120244622, 5319092.888117741793394 ], [ -8476714.702680120244622, 5319092.850792784243822 ], [ -8476714.628029193729162, 5319092.850792784243822 ], [ -8476714.628029193729162, 5319092.813467825762928 ], [ -8476714.516052804887295, 5319092.813467825762928 ], [ -8476714.516052804887295, 5319092.776142868213356 ], [ -8476714.44140187650919, 5319092.776142868213356 ], [ -8476714.44140187650919, 5319092.738817909732461 ], [ -8476714.36675094999373, 5319092.738817909732461 ], [ -8476714.36675094999373, 5319092.701492952182889 ], [ -8476714.329425487667322, 5319092.701492952182889 ], [ -8476714.329425487667322, 5319092.552193120121956 ], [ -8476714.36675094999373, 5319092.552193120121956 ], [ -8476714.36675094999373, 5319092.365568330511451 ], [ -8476714.404076414182782, 5319092.365568330511451 ], [ -8476714.404076414182782, 5319092.290918414480984 ], [ -8476714.36675094999373, 5319092.290918414480984 ], [ -8476714.36675094999373, 5319092.216268498450518 ], [ -8476714.329425487667322, 5319092.216268498450518 ], [ -8476714.329425487667322, 5319092.178943539969623 ], [ -8476714.29210002347827, 5319092.178943539969623 ], [ -8476714.29210002347827, 5319092.066968666389585 ], [ -8476714.254774561151862, 5319092.066968666389585 ], [ -8476714.254774561151862, 5319091.731044044718146 ], [ -8476714.29210002347827, 5319091.731044044718146 ], [ -8476714.29210002347827, 5319091.619069170206785 ], [ -8476714.329425487667322, 5319091.619069170206785 ], [ -8476714.329425487667322, 5319091.544419254176319 ], [ -8476714.29210002347827, 5319091.544419254176319 ], [ -8476714.29210002347827, 5319091.507094296626747 ], [ -8476714.254774561151862, 5319091.507094296626747 ], [ -8476714.254774561151862, 5319091.43244438059628 ], [ -8476714.21744909696281, 5319091.43244438059628 ], [ -8476714.21744909696281, 5319091.320469506084919 ], [ -8476714.180123632773757, 5319091.320469506084919 ], [ -8476714.180123632773757, 5319091.133844716474414 ], [ -8476714.14279817044735, 5319091.133844716474414 ], [ -8476714.14279817044735, 5319091.021869842894375 ], [ -8476714.105472706258297, 5319091.021869842894375 ], [ -8476714.105472706258297, 5319090.947219926863909 ], [ -8476714.06814724393189, 5319090.947219926863909 ], [ -8476714.06814724393189, 5319090.909894968383014 ], [ -8476714.030821779742837, 5319090.909894968383014 ], [ -8476714.030821779742837, 5319090.835245052352548 ], [ -8476714.105472706258297, 5319090.835245052352548 ], [ -8476714.105472706258297, 5319090.797920094802976 ], [ -8476714.14279817044735, 5319090.797920094802976 ], [ -8476714.14279817044735, 5319090.723270178772509 ], [ -8476714.180123632773757, 5319090.723270178772509 ], [ -8476714.180123632773757, 5319090.685945220291615 ], [ -8476714.21744909696281, 5319090.685945220291615 ], [ -8476714.21744909696281, 5319090.573970346711576 ], [ -8476714.254774561151862, 5319090.573970346711576 ], [ -8476714.254774561151862, 5319090.424670514650643 ], [ -8476714.29210002347827, 5319090.424670514650643 ], [ -8476714.29210002347827, 5319090.350020598620176 ], [ -8476714.329425487667322, 5319090.350020598620176 ], [ -8476714.329425487667322, 5319090.312695641070604 ], [ -8476714.36675094999373, 5319090.312695641070604 ], [ -8476714.36675094999373, 5319090.27537068258971 ], [ -8476714.404076414182782, 5319090.27537068258971 ], [ -8476714.404076414182782, 5319090.238045725040138 ], [ -8476714.44140187650919, 5319090.238045725040138 ], [ -8476714.44140187650919, 5319090.200720766559243 ], [ -8476714.478727340698242, 5319090.200720766559243 ], [ -8476714.478727340698242, 5319090.163395809009671 ], [ -8476714.516052804887295, 5319090.163395809009671 ], [ -8476714.516052804887295, 5319090.126070850528777 ], [ -8476714.478727340698242, 5319090.126070850528777 ], [ -8476714.478727340698242, 5319090.088745892979205 ], [ -8476714.44140187650919, 5319090.088745892979205 ], [ -8476714.44140187650919, 5319090.014095976948738 ], [ -8476714.404076414182782, 5319090.014095976948738 ], [ -8476714.404076414182782, 5319089.976771018467844 ], [ -8476714.36675094999373, 5319089.976771018467844 ], [ -8476714.36675094999373, 5319089.902121102437377 ], [ -8476714.329425487667322, 5319089.902121102437377 ], [ -8476714.329425487667322, 5319089.790146228857338 ], [ -8476714.29210002347827, 5319089.790146228857338 ], [ -8476714.29210002347827, 5319089.752821271307766 ], [ -8476714.329425487667322, 5319089.752821271307766 ], [ -8476714.329425487667322, 5319089.491546564735472 ], [ -8476714.36675094999373, 5319089.491546564735472 ], [ -8476714.36675094999373, 5319089.416896648705006 ], [ -8476714.329425487667322, 5319089.416896648705006 ], [ -8476714.329425487667322, 5319089.379571691155434 ], [ -8476714.29210002347827, 5319089.379571691155434 ], [ -8476714.29210002347827, 5319089.342246732674539 ], [ -8476714.254774561151862, 5319089.342246732674539 ], [ -8476714.254774561151862, 5319089.304921775124967 ], [ -8476714.21744909696281, 5319089.304921775124967 ], [ -8476714.21744909696281, 5319089.192946900613606 ], [ -8476714.180123632773757, 5319089.192946900613606 ], [ -8476714.180123632773757, 5319088.968997153453529 ], [ -8476714.21744909696281, 5319088.968997153453529 ], [ -8476714.21744909696281, 5319088.819697321392596 ], [ -8476714.254774561151862, 5319088.819697321392596 ], [ -8476714.254774561151862, 5319088.707722446881235 ], [ -8476714.29210002347827, 5319088.707722446881235 ], [ -8476714.29210002347827, 5319088.670397489331663 ], [ -8476714.329425487667322, 5319088.670397489331663 ], [ -8476714.329425487667322, 5319088.633072530850768 ], [ -8476714.36675094999373, 5319088.633072530850768 ], [ -8476714.36675094999373, 5319088.595747573301196 ], [ -8476714.404076414182782, 5319088.595747573301196 ], [ -8476714.404076414182782, 5319088.558422614820302 ], [ -8476714.516052804887295, 5319088.558422614820302 ], [ -8476714.516052804887295, 5319088.595747573301196 ], [ -8476714.590703731402755, 5319088.595747573301196 ], [ -8476714.590703731402755, 5319088.633072530850768 ], [ -8476714.702680120244622, 5319088.633072530850768 ], [ -8476714.702680120244622, 5319088.670397489331663 ], [ -8476714.777331048622727, 5319088.670397489331663 ], [ -8476714.777331048622727, 5319088.707722446881235 ], [ -8476714.851981975138187, 5319088.707722446881235 ], [ -8476714.851981975138187, 5319088.745047405362129 ], [ -8476714.889307437464595, 5319088.745047405362129 ], [ -8476714.889307437464595, 5319088.782372362911701 ], [ -8476714.926632901653647, 5319088.782372362911701 ], [ -8476714.926632901653647, 5319088.745047405362129 ], [ -8476715.03860929235816, 5319088.745047405362129 ], [ -8476715.03860929235816, 5319088.707722446881235 ], [ -8476715.150585681200027, 5319088.707722446881235 ], [ -8476715.150585681200027, 5319088.670397489331663 ], [ -8476715.225236607715487, 5319088.670397489331663 ], [ -8476715.225236607715487, 5319088.595747573301196 ], [ -8476715.26256207190454, 5319088.595747573301196 ], [ -8476715.26256207190454, 5319088.52109765727073 ], [ -8476715.299887536093593, 5319088.52109765727073 ], [ -8476715.299887536093593, 5319088.334472866728902 ], [ -8476715.33721299842, 5319088.334472866728902 ], [ -8476715.33721299842, 5319088.29714790917933 ], [ -8476715.374538462609053, 5319088.29714790917933 ], [ -8476715.374538462609053, 5319088.259822951629758 ], [ -8476715.41186392493546, 5319088.259822951629758 ], [ -8476715.41186392493546, 5319088.29714790917933 ], [ -8476715.48651485145092, 5319088.29714790917933 ], [ -8476715.48651485145092, 5319088.334472866728902 ], [ -8476715.523840315639973, 5319088.334472866728902 ], [ -8476715.523840315639973, 5319088.409122782759368 ], [ -8476715.598491242155433, 5319088.409122782759368 ], [ -8476715.598491242155433, 5319088.446447741240263 ], [ -8476715.673142168670893, 5319088.446447741240263 ], [ -8476715.673142168670893, 5319088.483772698789835 ], [ -8476715.897094950079918, 5319088.483772698789835 ], [ -8476715.897094950079918, 5319088.409122782759368 ], [ -8476715.934420412406325, 5319088.409122782759368 ], [ -8476715.934420412406325, 5319088.371797825209796 ], [ -8476715.971745876595378, 5319088.371797825209796 ], [ -8476715.971745876595378, 5319088.29714790917933 ], [ -8476715.934420412406325, 5319088.29714790917933 ], [ -8476715.934420412406325, 5319088.185173035599291 ], [ -8476715.897094950079918, 5319088.185173035599291 ], [ -8476715.897094950079918, 5319088.110523119568825 ], [ -8476715.859769485890865, 5319088.110523119568825 ], [ -8476715.859769485890865, 5319088.07319816108793 ], [ -8476715.785118559375405, 5319088.07319816108793 ], [ -8476715.785118559375405, 5319088.035873203538358 ], [ -8476715.747793095186353, 5319088.035873203538358 ], [ -8476715.747793095186353, 5319087.961223287507892 ], [ -8476715.785118559375405, 5319087.961223287507892 ], [ -8476715.785118559375405, 5319087.923898329026997 ], [ -8476715.822444023564458, 5319087.923898329026997 ], [ -8476715.822444023564458, 5319087.886573371477425 ], [ -8476715.859769485890865, 5319087.886573371477425 ], [ -8476715.859769485890865, 5319087.849248412996531 ], [ -8476715.897094950079918, 5319087.849248412996531 ], [ -8476715.897094950079918, 5319087.737273539416492 ], [ -8476715.934420412406325, 5319087.737273539416492 ], [ -8476715.934420412406325, 5319087.587973707355559 ], [ -8476715.897094950079918, 5319087.587973707355559 ], [ -8476715.897094950079918, 5319087.550648748874664 ], [ -8476715.859769485890865, 5319087.550648748874664 ], [ -8476715.859769485890865, 5319087.47599883377552 ], [ -8476715.747793095186353, 5319087.47599883377552 ], [ -8476715.747793095186353, 5319087.438673875294626 ], [ -8476715.673142168670893, 5319087.438673875294626 ], [ -8476715.673142168670893, 5319087.401348917745054 ], [ -8476715.635816706344485, 5319087.401348917745054 ], [ -8476715.635816706344485, 5319087.326699001714587 ], [ -8476715.598491242155433, 5319087.326699001714587 ], [ -8476715.598491242155433, 5319087.252049085684121 ], [ -8476715.561165779829025, 5319087.252049085684121 ], [ -8476715.561165779829025, 5319087.177399169653654 ], [ -8476715.523840315639973, 5319087.177399169653654 ], [ -8476715.523840315639973, 5319087.14007421117276 ], [ -8476715.48651485145092, 5319087.14007421117276 ], [ -8476715.48651485145092, 5319087.102749253623188 ], [ -8476715.449189389124513, 5319087.102749253623188 ], [ -8476715.449189389124513, 5319087.065424295142293 ], [ -8476715.41186392493546, 5319087.065424295142293 ], [ -8476715.41186392493546, 5319087.028099337592721 ], [ -8476715.374538462609053, 5319087.028099337592721 ], [ -8476715.374538462609053, 5319086.990774379111826 ], [ -8476715.33721299842, 5319086.990774379111826 ], [ -8476715.33721299842, 5319086.91612446308136 ], [ -8476715.299887536093593, 5319086.91612446308136 ], [ -8476715.299887536093593, 5319086.878799505531788 ], [ -8476715.33721299842, 5319086.878799505531788 ], [ -8476715.33721299842, 5319086.804149589501321 ], [ -8476715.374538462609053, 5319086.804149589501321 ], [ -8476715.374538462609053, 5319086.766824631951749 ], [ -8476715.41186392493546, 5319086.766824631951749 ], [ -8476715.41186392493546, 5319086.729499673470855 ], [ -8476715.449189389124513, 5319086.729499673470855 ], [ -8476715.449189389124513, 5319086.692174715921283 ], [ -8476715.48651485145092, 5319086.692174715921283 ], [ -8476715.48651485145092, 5319086.654849757440388 ], [ -8476715.523840315639973, 5319086.654849757440388 ], [ -8476715.523840315639973, 5319086.580199841409922 ], [ -8476715.561165779829025, 5319086.580199841409922 ], [ -8476715.561165779829025, 5319086.505549925379455 ], [ -8476715.523840315639973, 5319086.505549925379455 ], [ -8476715.523840315639973, 5319086.468224967829883 ], [ -8476715.48651485145092, 5319086.468224967829883 ], [ -8476715.48651485145092, 5319086.430900009348989 ], [ -8476715.449189389124513, 5319086.430900009348989 ], [ -8476715.449189389124513, 5319086.393575051799417 ], [ -8476715.374538462609053, 5319086.393575051799417 ], [ -8476715.374538462609053, 5319086.356250093318522 ], [ -8476715.33721299842, 5319086.356250093318522 ], [ -8476715.33721299842, 5319086.281600177288055 ], [ -8476715.299887536093593, 5319086.281600177288055 ], [ -8476715.299887536093593, 5319085.908350598067045 ], [ -8476715.33721299842, 5319085.908350598067045 ], [ -8476715.33721299842, 5319085.796375723555684 ], [ -8476715.299887536093593, 5319085.796375723555684 ], [ -8476715.299887536093593, 5319085.684400849975646 ], [ -8476715.26256207190454, 5319085.684400849975646 ], [ -8476715.26256207190454, 5319085.535101017914712 ], [ -8476715.225236607715487, 5319085.535101017914712 ], [ -8476715.225236607715487, 5319085.385801185853779 ], [ -8476715.26256207190454, 5319085.385801185853779 ], [ -8476715.26256207190454, 5319085.273826312273741 ], [ -8476715.299887536093593, 5319085.273826312273741 ], [ -8476715.299887536093593, 5319085.16185143776238 ], [ -8476715.33721299842, 5319085.16185143776238 ], [ -8476715.33721299842, 5319084.975226648151875 ], [ -8476715.299887536093593, 5319084.975226648151875 ], [ -8476715.299887536093593, 5319084.788601857610047 ], [ -8476715.26256207190454, 5319084.788601857610047 ], [ -8476715.26256207190454, 5319084.751276900060475 ], [ -8476715.299887536093593, 5319084.751276900060475 ], [ -8476715.299887536093593, 5319084.639302025549114 ], [ -8476715.33721299842, 5319084.639302025549114 ], [ -8476715.33721299842, 5319084.564652109518647 ], [ -8476715.374538462609053, 5319084.564652109518647 ], [ -8476715.374538462609053, 5319084.527327151969075 ], [ -8476715.41186392493546, 5319084.527327151969075 ], [ -8476715.41186392493546, 5319084.490002194419503 ], [ -8476715.449189389124513, 5319084.490002194419503 ], [ -8476715.449189389124513, 5319084.452677235938609 ], [ -8476715.48651485145092, 5319084.452677235938609 ], [ -8476715.48651485145092, 5319084.415352278389037 ], [ -8476715.523840315639973, 5319084.415352278389037 ], [ -8476715.523840315639973, 5319084.378027319908142 ], [ -8476715.48651485145092, 5319084.378027319908142 ], [ -8476715.48651485145092, 5319084.303377403877676 ], [ -8476715.449189389124513, 5319084.303377403877676 ], [ -8476715.449189389124513, 5319084.266052446328104 ], [ -8476715.41186392493546, 5319084.266052446328104 ], [ -8476715.41186392493546, 5319084.228727487847209 ], [ -8476715.374538462609053, 5319084.228727487847209 ], [ -8476715.374538462609053, 5319084.191402530297637 ], [ -8476715.33721299842, 5319084.191402530297637 ], [ -8476715.33721299842, 5319084.11675261426717 ], [ -8476715.299887536093593, 5319084.11675261426717 ], [ -8476715.299887536093593, 5319083.930127823725343 ], [ -8476715.33721299842, 5319083.930127823725343 ], [ -8476715.33721299842, 5319083.855477907694876 ], [ -8476715.374538462609053, 5319083.855477907694876 ], [ -8476715.374538462609053, 5319083.818152950145304 ], [ -8476715.449189389124513, 5319083.818152950145304 ], [ -8476715.449189389124513, 5319083.743503034114838 ], [ -8476715.48651485145092, 5319083.743503034114838 ], [ -8476715.48651485145092, 5319083.594203202053905 ], [ -8476715.449189389124513, 5319083.594203202053905 ], [ -8476715.449189389124513, 5319083.556878244504333 ], [ -8476715.374538462609053, 5319083.556878244504333 ], [ -8476715.374538462609053, 5319083.519553286023438 ], [ -8476715.33721299842, 5319083.519553286023438 ], [ -8476715.33721299842, 5319083.444903369992971 ], [ -8476715.299887536093593, 5319083.444903369992971 ], [ -8476715.299887536093593, 5319083.407578412443399 ], [ -8476715.26256207190454, 5319083.407578412443399 ], [ -8476715.26256207190454, 5319083.220953621901572 ], [ -8476715.299887536093593, 5319083.220953621901572 ], [ -8476715.299887536093593, 5319083.108978748321533 ], [ -8476715.33721299842, 5319083.108978748321533 ], [ -8476715.33721299842, 5319083.034328832291067 ], [ -8476715.374538462609053, 5319083.034328832291067 ], [ -8476715.374538462609053, 5319082.9596789162606 ], [ -8476715.41186392493546, 5319082.9596789162606 ], [ -8476715.41186392493546, 5319082.922353958711028 ], [ -8476715.374538462609053, 5319082.922353958711028 ], [ -8476715.374538462609053, 5319082.847704042680562 ], [ -8476715.33721299842, 5319082.847704042680562 ], [ -8476715.33721299842, 5319082.773054126650095 ], [ -8476715.299887536093593, 5319082.773054126650095 ], [ -8476715.299887536093593, 5319082.661079252138734 ], [ -8476715.26256207190454, 5319082.661079252138734 ], [ -8476715.26256207190454, 5319082.511779420077801 ], [ -8476715.299887536093593, 5319082.511779420077801 ], [ -8476715.299887536093593, 5319082.437129504047334 ], [ -8476715.33721299842, 5319082.437129504047334 ], [ -8476715.33721299842, 5319082.362479588016868 ], [ -8476715.374538462609053, 5319082.362479588016868 ], [ -8476715.374538462609053, 5319082.287829672917724 ], [ -8476715.41186392493546, 5319082.287829672917724 ], [ -8476715.41186392493546, 5319082.250504714436829 ], [ -8476715.449189389124513, 5319082.250504714436829 ], [ -8476715.449189389124513, 5319082.101204882375896 ], [ -8476715.48651485145092, 5319082.101204882375896 ], [ -8476715.48651485145092, 5319082.026554966345429 ], [ -8476715.523840315639973, 5319082.026554966345429 ], [ -8476715.523840315639973, 5319081.989230008795857 ], [ -8476715.598491242155433, 5319081.989230008795857 ], [ -8476715.598491242155433, 5319081.951905050314963 ], [ -8476715.859769485890865, 5319081.951905050314963 ], [ -8476715.859769485890865, 5319081.877255134284496 ], [ -8476715.897094950079918, 5319081.877255134284496 ], [ -8476715.897094950079918, 5319081.839930176734924 ], [ -8476715.859769485890865, 5319081.839930176734924 ], [ -8476715.859769485890865, 5319081.727955302223563 ], [ -8476715.785118559375405, 5319081.727955302223563 ], [ -8476715.785118559375405, 5319081.690630344673991 ], [ -8476715.710467632859945, 5319081.690630344673991 ], [ -8476715.710467632859945, 5319081.615980428643525 ], [ -8476715.673142168670893, 5319081.615980428643525 ], [ -8476715.673142168670893, 5319081.541330512613058 ], [ -8476715.635816706344485, 5319081.541330512613058 ], [ -8476715.635816706344485, 5319081.466680596582592 ], [ -8476715.673142168670893, 5319081.466680596582592 ], [ -8476715.673142168670893, 5319081.392030680552125 ], [ -8476715.747793095186353, 5319081.392030680552125 ], [ -8476715.747793095186353, 5319081.354705723002553 ], [ -8476715.822444023564458, 5319081.354705723002553 ], [ -8476715.822444023564458, 5319081.317380764521658 ], [ -8476715.859769485890865, 5319081.317380764521658 ], [ -8476715.859769485890865, 5319081.242730848491192 ], [ -8476715.897094950079918, 5319081.242730848491192 ], [ -8476715.897094950079918, 5319081.056106058880687 ], [ -8476715.859769485890865, 5319081.056106058880687 ], [ -8476715.859769485890865, 5319080.98145614285022 ], [ -8476715.822444023564458, 5319080.98145614285022 ], [ -8476715.822444023564458, 5319080.944131184369326 ], [ -8476715.710467632859945, 5319080.944131184369326 ], [ -8476715.710467632859945, 5319080.906806226819754 ], [ -8476715.673142168670893, 5319080.906806226819754 ], [ -8476715.673142168670893, 5319080.869481268338859 ], [ -8476715.635816706344485, 5319080.869481268338859 ], [ -8476715.635816706344485, 5319080.720181437209249 ], [ -8476715.598491242155433, 5319080.720181437209249 ], [ -8476715.598491242155433, 5319080.645531521178782 ], [ -8476715.561165779829025, 5319080.645531521178782 ], [ -8476715.561165779829025, 5319080.608206562697887 ], [ -8476715.41186392493546, 5319080.608206562697887 ], [ -8476715.41186392493546, 5319080.570881605148315 ], [ -8476715.33721299842, 5319080.570881605148315 ], [ -8476715.33721299842, 5319080.533556646667421 ], [ -8476715.299887536093593, 5319080.533556646667421 ], [ -8476715.299887536093593, 5319080.458906730636954 ], [ -8476715.26256207190454, 5319080.458906730636954 ], [ -8476715.26256207190454, 5319080.384256814606488 ], [ -8476715.299887536093593, 5319080.384256814606488 ], [ -8476715.299887536093593, 5319080.309606898576021 ], [ -8476715.33721299842, 5319080.309606898576021 ], [ -8476715.33721299842, 5319080.234956982545555 ], [ -8476715.374538462609053, 5319080.234956982545555 ], [ -8476715.374538462609053, 5319080.197632024995983 ], [ -8476715.41186392493546, 5319080.197632024995983 ], [ -8476715.41186392493546, 5319080.160307066515088 ], [ -8476715.449189389124513, 5319080.160307066515088 ], [ -8476715.449189389124513, 5319080.085657151415944 ], [ -8476715.48651485145092, 5319080.085657151415944 ], [ -8476715.48651485145092, 5319080.04833219293505 ], [ -8476715.449189389124513, 5319080.04833219293505 ], [ -8476715.449189389124513, 5319079.973682276904583 ], [ -8476715.41186392493546, 5319079.973682276904583 ], [ -8476715.41186392493546, 5319079.936357319355011 ], [ -8476715.374538462609053, 5319079.936357319355011 ], [ -8476715.374538462609053, 5319079.861707403324544 ], [ -8476715.33721299842, 5319079.861707403324544 ], [ -8476715.33721299842, 5319079.787057487294078 ], [ -8476715.299887536093593, 5319079.787057487294078 ], [ -8476715.299887536093593, 5319079.675082612782717 ], [ -8476715.33721299842, 5319079.675082612782717 ], [ -8476715.33721299842, 5319079.60043269675225 ], [ -8476715.374538462609053, 5319079.60043269675225 ], [ -8476715.374538462609053, 5319079.563107739202678 ], [ -8476715.523840315639973, 5319079.563107739202678 ], [ -8476715.523840315639973, 5319079.525782780721784 ], [ -8476715.561165779829025, 5319079.525782780721784 ], [ -8476715.561165779829025, 5319079.413807907141745 ], [ -8476715.598491242155433, 5319079.413807907141745 ], [ -8476715.598491242155433, 5319079.22718311753124 ], [ -8476715.635816706344485, 5319079.22718311753124 ], [ -8476715.635816706344485, 5319079.189858159050345 ], [ -8476715.673142168670893, 5319079.189858159050345 ], [ -8476715.673142168670893, 5319079.152533201500773 ], [ -8476715.747793095186353, 5319079.152533201500773 ], [ -8476715.747793095186353, 5319079.115208243019879 ], [ -8476715.859769485890865, 5319079.115208243019879 ], [ -8476715.859769485890865, 5319079.040558326989412 ], [ -8476715.897094950079918, 5319079.040558326989412 ], [ -8476715.897094950079918, 5319078.928583453409374 ], [ -8476715.859769485890865, 5319078.928583453409374 ], [ -8476715.859769485890865, 5319078.853933537378907 ], [ -8476715.785118559375405, 5319078.853933537378907 ], [ -8476715.785118559375405, 5319078.816608578898013 ], [ -8476715.710467632859945, 5319078.816608578898013 ], [ -8476715.710467632859945, 5319078.779283621348441 ], [ -8476715.673142168670893, 5319078.779283621348441 ], [ -8476715.673142168670893, 5319078.741958662867546 ], [ -8476715.635816706344485, 5319078.741958662867546 ], [ -8476715.635816706344485, 5319078.66730874683708 ], [ -8476715.598491242155433, 5319078.66730874683708 ], [ -8476715.598491242155433, 5319078.592658831737936 ], [ -8476715.635816706344485, 5319078.592658831737936 ], [ -8476715.635816706344485, 5319078.518008915707469 ], [ -8476715.673142168670893, 5319078.518008915707469 ], [ -8476715.673142168670893, 5319078.480683957226574 ], [ -8476715.747793095186353, 5319078.480683957226574 ], [ -8476715.747793095186353, 5319078.443358999677002 ], [ -8476715.859769485890865, 5319078.443358999677002 ], [ -8476715.859769485890865, 5319078.368709083646536 ], [ -8476715.897094950079918, 5319078.368709083646536 ], [ -8476715.897094950079918, 5319078.294059167616069 ], [ -8476715.934420412406325, 5319078.294059167616069 ], [ -8476715.934420412406325, 5319078.256734209135175 ], [ -8476715.897094950079918, 5319078.256734209135175 ], [ -8476715.897094950079918, 5319078.144759335555136 ], [ -8476715.859769485890865, 5319078.144759335555136 ], [ -8476715.859769485890865, 5319078.07010941952467 ], [ -8476715.822444023564458, 5319078.07010941952467 ], [ -8476715.822444023564458, 5319078.032784461043775 ], [ -8476715.747793095186353, 5319078.032784461043775 ], [ -8476715.747793095186353, 5319077.995459503494203 ], [ -8476715.710467632859945, 5319077.995459503494203 ], [ -8476715.710467632859945, 5319077.920809587463737 ], [ -8476715.673142168670893, 5319077.920809587463737 ], [ -8476715.673142168670893, 5319077.883484628982842 ], [ -8476715.710467632859945, 5319077.883484628982842 ], [ -8476715.710467632859945, 5319077.84615967143327 ], [ -8476715.747793095186353, 5319077.84615967143327 ], [ -8476715.747793095186353, 5319077.808834713883698 ], [ -8476715.785118559375405, 5319077.808834713883698 ], [ -8476715.785118559375405, 5319077.771509755402803 ], [ -8476715.859769485890865, 5319077.771509755402803 ], [ -8476715.859769485890865, 5319077.696859839372337 ], [ -8476715.897094950079918, 5319077.696859839372337 ], [ -8476715.897094950079918, 5319077.62220992334187 ], [ -8476715.934420412406325, 5319077.62220992334187 ], [ -8476715.934420412406325, 5319077.174310427159071 ], [ -8476715.971745876595378, 5319077.174310427159071 ], [ -8476715.971745876595378, 5319077.136985469609499 ], [ -8476716.009071340784431, 5319077.136985469609499 ], [ -8476716.009071340784431, 5319077.099660512059927 ], [ -8476716.046396803110838, 5319077.099660512059927 ], [ -8476716.046396803110838, 5319077.062335553579032 ], [ -8476716.083722267299891, 5319077.062335553579032 ], [ -8476716.083722267299891, 5319076.987685637548566 ], [ -8476716.121047729626298, 5319076.987685637548566 ], [ -8476716.121047729626298, 5319076.950360679998994 ], [ -8476716.158373193815351, 5319076.950360679998994 ], [ -8476716.158373193815351, 5319076.913035721518099 ], [ -8476716.195698656141758, 5319076.913035721518099 ], [ -8476716.195698656141758, 5319076.838385805487633 ], [ -8476716.233024120330811, 5319076.838385805487633 ], [ -8476716.233024120330811, 5319076.801060847938061 ], [ -8476716.270349584519863, 5319076.801060847938061 ], [ -8476716.270349584519863, 5319076.726410931907594 ], [ -8476716.307675046846271, 5319076.726410931907594 ], [ -8476716.307675046846271, 5319076.6890859734267 ], [ -8476716.382325973361731, 5319076.6890859734267 ], [ -8476716.382325973361731, 5319076.651761015877128 ], [ -8476716.419651437550783, 5319076.651761015877128 ], [ -8476716.419651437550783, 5319076.614436057396233 ], [ -8476716.456976899877191, 5319076.614436057396233 ], [ -8476716.456976899877191, 5319076.577111099846661 ], [ -8476716.494302364066243, 5319076.577111099846661 ], [ -8476716.494302364066243, 5319076.539786141365767 ], [ -8476716.531627828255296, 5319076.539786141365767 ], [ -8476716.531627828255296, 5319076.502461183816195 ], [ -8476716.568953290581703, 5319076.502461183816195 ], [ -8476716.568953290581703, 5319076.4651362253353 ], [ -8476716.606278754770756, 5319076.4651362253353 ], [ -8476716.606278754770756, 5319076.427811267785728 ], [ -8476716.643604217097163, 5319076.427811267785728 ], [ -8476716.643604217097163, 5319076.390486309304833 ], [ -8476716.718255143612623, 5319076.390486309304833 ], [ -8476716.718255143612623, 5319076.353161351755261 ], [ -8476716.792906071990728, 5319076.353161351755261 ], [ -8476716.792906071990728, 5319076.315836394205689 ], [ -8476716.830231534317136, 5319076.315836394205689 ], [ -8476716.830231534317136, 5319076.278511435724795 ], [ -8476716.904882460832596, 5319076.278511435724795 ], [ -8476716.904882460832596, 5319076.203861519694328 ], [ -8476716.942207925021648, 5319076.203861519694328 ], [ -8476716.942207925021648, 5319076.166536562144756 ], [ -8476716.979533387348056, 5319076.166536562144756 ], [ -8476716.979533387348056, 5319076.09188664611429 ], [ -8476717.016858851537108, 5319076.09188664611429 ], [ -8476717.016858851537108, 5319076.054561687633395 ], [ -8476717.054184315726161, 5319076.054561687633395 ], [ -8476717.054184315726161, 5319075.979911771602929 ], [ -8476717.091509778052568, 5319075.979911771602929 ], [ -8476717.091509778052568, 5319075.942586814053357 ], [ -8476717.128835242241621, 5319075.942586814053357 ], [ -8476717.128835242241621, 5319075.905261855572462 ], [ -8476717.203486168757081, 5319075.905261855572462 ], [ -8476717.203486168757081, 5319075.86793689802289 ], [ -8476717.278137095272541, 5319075.86793689802289 ], [ -8476717.278137095272541, 5319075.830611939541996 ], [ -8476717.390113485977054, 5319075.830611939541996 ], [ -8476717.390113485977054, 5319075.793286981992424 ], [ -8476717.502089874818921, 5319075.793286981992424 ], [ -8476717.502089874818921, 5319075.755962023511529 ], [ -8476717.576740803197026, 5319075.755962023511529 ], [ -8476717.576740803197026, 5319075.718637065961957 ], [ -8476717.614066265523434, 5319075.718637065961957 ], [ -8476717.614066265523434, 5319075.681312107481062 ], [ -8476717.726042656227946, 5319075.681312107481062 ], [ -8476717.726042656227946, 5319075.64398714993149 ], [ -8476717.838019046932459, 5319075.64398714993149 ], [ -8476717.838019046932459, 5319075.606662192381918 ], [ -8476717.987320899963379, 5319075.606662192381918 ], [ -8476717.987320899963379, 5319075.569337233901024 ], [ -8476718.061971826478839, 5319075.569337233901024 ], [ -8476718.061971826478839, 5319075.532012276351452 ], [ -8476718.136622752994299, 5319075.532012276351452 ], [ -8476718.136622752994299, 5319075.494687317870557 ], [ -8476718.285924607887864, 5319075.494687317870557 ], [ -8476718.285924607887864, 5319075.457362360320985 ], [ -8476718.696504704654217, 5319075.457362360320985 ], [ -8476718.696504704654217, 5319075.420037401840091 ], [ -8476718.733830166980624, 5319075.420037401840091 ], [ -8476718.733830166980624, 5319075.382712444290519 ], [ -8476718.696504704654217, 5319075.382712444290519 ], [ -8476718.696504704654217, 5319075.308062528260052 ], [ -8476718.584528313949704, 5319075.308062528260052 ], [ -8476718.584528313949704, 5319075.270737569779158 ], [ -8476718.509877387434244, 5319075.270737569779158 ], [ -8476718.509877387434244, 5319075.233412612229586 ], [ -8476718.472551923245192, 5319075.233412612229586 ], [ -8476718.472551923245192, 5319075.158762696199119 ], [ -8476718.435226460918784, 5319075.158762696199119 ], [ -8476718.435226460918784, 5319075.084112780168653 ], [ -8476718.397900996729732, 5319075.084112780168653 ], [ -8476718.397900996729732, 5319074.972137905657291 ], [ -8476718.360575534403324, 5319074.972137905657291 ], [ -8476718.360575534403324, 5319074.934812948107719 ], [ -8476718.323250070214272, 5319074.934812948107719 ], [ -8476718.323250070214272, 5319074.897487989626825 ], [ -8476718.248599143698812, 5319074.897487989626825 ], [ -8476718.248599143698812, 5319074.860163032077253 ], [ -8476718.173948217183352, 5319074.860163032077253 ], [ -8476718.173948217183352, 5319074.822838074527681 ], [ -8476718.136622752994299, 5319074.822838074527681 ], [ -8476718.136622752994299, 5319074.785513116046786 ], [ -8476718.099297290667892, 5319074.785513116046786 ], [ -8476718.099297290667892, 5319074.748188158497214 ], [ -8476718.061971826478839, 5319074.748188158497214 ], [ -8476718.061971826478839, 5319074.673538242466748 ], [ -8476718.024646364152431, 5319074.673538242466748 ], [ -8476718.024646364152431, 5319074.636213283985853 ], [ -8476718.061971826478839, 5319074.636213283985853 ], [ -8476718.061971826478839, 5319074.524238410405815 ], [ -8476718.099297290667892, 5319074.524238410405815 ], [ -8476718.099297290667892, 5319074.449588494375348 ], [ -8476718.136622752994299, 5319074.449588494375348 ], [ -8476718.136622752994299, 5319074.412263535894454 ], [ -8476718.173948217183352, 5319074.412263535894454 ], [ -8476718.173948217183352, 5319074.374938578344882 ], [ -8476718.248599143698812, 5319074.374938578344882 ], [ -8476718.248599143698812, 5319074.337613619863987 ], [ -8476718.285924607887864, 5319074.337613619863987 ], [ -8476718.285924607887864, 5319074.300288662314415 ], [ -8476718.360575534403324, 5319074.300288662314415 ], [ -8476718.360575534403324, 5319074.26296370383352 ], [ -8476718.435226460918784, 5319074.26296370383352 ], [ -8476718.435226460918784, 5319074.225638746283948 ], [ -8476718.621853778138757, 5319074.225638746283948 ], [ -8476718.621853778138757, 5319074.188313787803054 ], [ -8476718.771155631169677, 5319074.188313787803054 ], [ -8476718.771155631169677, 5319074.150988830253482 ], [ -8476718.808481095358729, 5319074.150988830253482 ], [ -8476718.808481095358729, 5319074.11366387270391 ], [ -8476718.845806557685137, 5319074.11366387270391 ], [ -8476718.845806557685137, 5319074.039013956673443 ], [ -8476718.883132021874189, 5319074.039013956673443 ], [ -8476718.883132021874189, 5319073.665764376521111 ], [ -8476718.845806557685137, 5319073.665764376521111 ], [ -8476718.845806557685137, 5319073.628439418040216 ], [ -8476718.771155631169677, 5319073.628439418040216 ], [ -8476718.771155631169677, 5319073.591114460490644 ], [ -8476718.659179240465164, 5319073.591114460490644 ], [ -8476718.659179240465164, 5319073.516464544460177 ], [ -8476718.696504704654217, 5319073.516464544460177 ], [ -8476718.696504704654217, 5319073.441814628429711 ], [ -8476718.733830166980624, 5319073.441814628429711 ], [ -8476718.733830166980624, 5319073.180539922788739 ], [ -8476718.696504704654217, 5319073.180539922788739 ], [ -8476718.696504704654217, 5319073.143214964307845 ], [ -8476718.659179240465164, 5319073.143214964307845 ], [ -8476718.659179240465164, 5319073.180539922788739 ], [ -8476718.621853778138757, 5319073.180539922788739 ], [ -8476718.621853778138757, 5319073.217864880338311 ], [ -8476718.584528313949704, 5319073.217864880338311 ], [ -8476718.584528313949704, 5319073.292514796368778 ], [ -8476718.547202851623297, 5319073.292514796368778 ], [ -8476718.547202851623297, 5319073.367164712399244 ], [ -8476718.435226460918784, 5319073.367164712399244 ], [ -8476718.435226460918784, 5319073.404489670880139 ], [ -8476718.173948217183352, 5319073.404489670880139 ], [ -8476718.173948217183352, 5319073.367164712399244 ], [ -8476718.099297290667892, 5319073.367164712399244 ], [ -8476718.099297290667892, 5319073.329839754849672 ], [ -8476718.061971826478839, 5319073.329839754849672 ], [ -8476718.061971826478839, 5319073.292514796368778 ], [ -8476718.024646364152431, 5319073.292514796368778 ], [ -8476718.024646364152431, 5319073.255189838819206 ], [ -8476717.987320899963379, 5319073.255189838819206 ], [ -8476717.987320899963379, 5319072.95659017469734 ], [ -8476717.949995435774326, 5319072.95659017469734 ], [ -8476717.949995435774326, 5319072.73264042660594 ], [ -8476717.987320899963379, 5319072.73264042660594 ], [ -8476717.987320899963379, 5319072.471365720964968 ], [ -8476717.949995435774326, 5319072.471365720964968 ], [ -8476717.949995435774326, 5319072.396715804934502 ], [ -8476717.912669973447919, 5319072.396715804934502 ], [ -8476717.912669973447919, 5319072.359390846453607 ], [ -8476717.875344509258866, 5319072.359390846453607 ], [ -8476717.875344509258866, 5319072.322065888904035 ], [ -8476717.800693582743406, 5319072.322065888904035 ], [ -8476717.800693582743406, 5319072.284740930423141 ], [ -8476717.651391729712486, 5319072.284740930423141 ], [ -8476717.651391729712486, 5319072.247415972873569 ], [ -8476717.576740803197026, 5319072.247415972873569 ], [ -8476717.576740803197026, 5319072.210091014392674 ], [ -8476717.539415339007974, 5319072.210091014392674 ], [ -8476717.539415339007974, 5319072.172766056843102 ], [ -8476717.502089874818921, 5319072.172766056843102 ], [ -8476717.502089874818921, 5319072.098116140812635 ], [ -8476717.427438948303461, 5319072.098116140812635 ], [ -8476717.427438948303461, 5319072.060791182331741 ], [ -8476717.352788021788001, 5319072.060791182331741 ], [ -8476717.352788021788001, 5319072.023466224782169 ], [ -8476717.240811631083488, 5319072.023466224782169 ], [ -8476717.240811631083488, 5319071.986141266301274 ], [ -8476717.166160704568028, 5319071.986141266301274 ], [ -8476717.166160704568028, 5319071.948816308751702 ], [ -8476717.128835242241621, 5319071.948816308751702 ], [ -8476717.128835242241621, 5319071.91149135120213 ], [ -8476717.091509778052568, 5319071.91149135120213 ], [ -8476717.091509778052568, 5319071.874166392721236 ], [ -8476717.054184315726161, 5319071.874166392721236 ], [ -8476717.054184315726161, 5319071.836841435171664 ], [ -8476717.016858851537108, 5319071.836841435171664 ], [ -8476717.016858851537108, 5319071.799516476690769 ], [ -8476716.979533387348056, 5319071.799516476690769 ], [ -8476716.979533387348056, 5319071.724866560660303 ], [ -8476717.016858851537108, 5319071.724866560660303 ], [ -8476717.016858851537108, 5319071.57556672859937 ], [ -8476717.054184315726161, 5319071.57556672859937 ], [ -8476717.054184315726161, 5319071.500916812568903 ], [ -8476717.091509778052568, 5319071.500916812568903 ], [ -8476717.091509778052568, 5319071.463591855019331 ], [ -8476717.128835242241621, 5319071.463591855019331 ], [ -8476717.128835242241621, 5319071.35161698050797 ], [ -8476717.091509778052568, 5319071.35161698050797 ], [ -8476717.091509778052568, 5319071.239642106927931 ], [ -8476717.054184315726161, 5319071.239642106927931 ], [ -8476717.054184315726161, 5319071.127667233347893 ], [ -8476717.016858851537108, 5319071.127667233347893 ], [ -8476717.016858851537108, 5319071.015692358836532 ], [ -8476717.054184315726161, 5319071.015692358836532 ], [ -8476717.054184315726161, 5319070.97836740128696 ], [ -8476717.091509778052568, 5319070.97836740128696 ], [ -8476717.091509778052568, 5319070.941042442806065 ], [ -8476717.166160704568028, 5319070.941042442806065 ], [ -8476717.166160704568028, 5319070.903717485256493 ], [ -8476717.240811631083488, 5319070.903717485256493 ], [ -8476717.240811631083488, 5319070.866392526775599 ], [ -8476717.390113485977054, 5319070.866392526775599 ], [ -8476717.390113485977054, 5319070.829067569226027 ], [ -8476717.427438948303461, 5319070.829067569226027 ], [ -8476717.427438948303461, 5319070.791742610745132 ], [ -8476717.464764412492514, 5319070.791742610745132 ], [ -8476717.464764412492514, 5319070.679767737165093 ], [ -8476717.502089874818921, 5319070.679767737165093 ], [ -8476717.502089874818921, 5319070.642442778684199 ], [ -8476717.539415339007974, 5319070.642442778684199 ], [ -8476717.539415339007974, 5319070.605117821134627 ], [ -8476717.576740803197026, 5319070.605117821134627 ], [ -8476717.576740803197026, 5319070.567792862653732 ], [ -8476717.726042656227946, 5319070.567792862653732 ], [ -8476717.726042656227946, 5319070.53046790510416 ], [ -8476717.987320899963379, 5319070.53046790510416 ], [ -8476717.987320899963379, 5319070.493142946623266 ], [ -8476718.061971826478839, 5319070.493142946623266 ], [ -8476718.061971826478839, 5319070.455817989073694 ], [ -8476718.099297290667892, 5319070.455817989073694 ], [ -8476718.099297290667892, 5319070.418493031524122 ], [ -8476718.136622752994299, 5319070.418493031524122 ], [ -8476718.136622752994299, 5319070.231868240982294 ], [ -8476718.099297290667892, 5319070.231868240982294 ], [ -8476718.099297290667892, 5319070.157218324951828 ], [ -8476718.024646364152431, 5319070.157218324951828 ], [ -8476718.024646364152431, 5319070.119893367402256 ], [ -8476717.949995435774326, 5319070.119893367402256 ], [ -8476717.949995435774326, 5319070.082568408921361 ], [ -8476717.726042656227946, 5319070.082568408921361 ], [ -8476717.726042656227946, 5319070.045243451371789 ], [ -8476717.651391729712486, 5319070.045243451371789 ], [ -8476717.651391729712486, 5319070.007918492890894 ], [ -8476717.614066265523434, 5319070.007918492890894 ], [ -8476717.614066265523434, 5319069.970593535341322 ], [ -8476717.539415339007974, 5319069.970593535341322 ], [ -8476717.539415339007974, 5319069.933268576860428 ], [ -8476717.464764412492514, 5319069.933268576860428 ], [ -8476717.464764412492514, 5319069.895943619310856 ], [ -8476717.315462559461594, 5319069.895943619310856 ], [ -8476717.315462559461594, 5319069.858618660829961 ], [ -8476717.203486168757081, 5319069.858618660829961 ], [ -8476717.203486168757081, 5319069.821293703280389 ], [ -8476717.166160704568028, 5319069.821293703280389 ], [ -8476717.166160704568028, 5319069.783968744799495 ], [ -8476717.091509778052568, 5319069.783968744799495 ], [ -8476717.091509778052568, 5319069.746643787249923 ], [ -8476717.054184315726161, 5319069.746643787249923 ], [ -8476717.054184315726161, 5319069.709318828769028 ], [ -8476717.016858851537108, 5319069.709318828769028 ], [ -8476717.016858851537108, 5319069.634668913669884 ], [ -8476716.979533387348056, 5319069.634668913669884 ], [ -8476716.979533387348056, 5319069.410719165578485 ], [ -8476717.016858851537108, 5319069.410719165578485 ], [ -8476717.016858851537108, 5319069.298744291067123 ], [ -8476717.054184315726161, 5319069.298744291067123 ], [ -8476717.054184315726161, 5319069.261419333517551 ], [ -8476717.016858851537108, 5319069.261419333517551 ], [ -8476717.016858851537108, 5319069.224094375036657 ], [ -8476716.942207925021648, 5319069.224094375036657 ], [ -8476716.942207925021648, 5319069.186769417487085 ], [ -8476716.904882460832596, 5319069.186769417487085 ], [ -8476716.904882460832596, 5319069.14944445900619 ], [ -8476716.867556998506188, 5319069.14944445900619 ], [ -8476716.867556998506188, 5319069.074794542975724 ], [ -8476716.830231534317136, 5319069.074794542975724 ], [ -8476716.830231534317136, 5319069.000144626945257 ], [ -8476716.755580607801676, 5319069.000144626945257 ], [ -8476716.755580607801676, 5319069.037469585426152 ], [ -8476716.718255143612623, 5319069.037469585426152 ], [ -8476716.718255143612623, 5319069.074794542975724 ], [ -8476716.680929681286216, 5319069.074794542975724 ], [ -8476716.680929681286216, 5319069.112119501456618 ], [ -8476716.568953290581703, 5319069.112119501456618 ], [ -8476716.568953290581703, 5319069.14944445900619 ], [ -8476716.270349584519863, 5319069.14944445900619 ], [ -8476716.270349584519863, 5319069.112119501456618 ], [ -8476716.195698656141758, 5319069.112119501456618 ], [ -8476716.195698656141758, 5319069.074794542975724 ], [ -8476716.158373193815351, 5319069.074794542975724 ], [ -8476716.158373193815351, 5319069.037469585426152 ], [ -8476716.121047729626298, 5319069.037469585426152 ], [ -8476716.121047729626298, 5319069.000144626945257 ], [ -8476716.083722267299891, 5319069.000144626945257 ], [ -8476716.083722267299891, 5319068.925494711846113 ], [ -8476716.046396803110838, 5319068.925494711846113 ], [ -8476716.046396803110838, 5319068.888169753365219 ], [ -8476716.083722267299891, 5319068.888169753365219 ], [ -8476716.083722267299891, 5319068.55224513169378 ], [ -8476716.121047729626298, 5319068.55224513169378 ], [ -8476716.121047729626298, 5319068.402945299632847 ], [ -8476716.158373193815351, 5319068.402945299632847 ], [ -8476716.158373193815351, 5319068.253645467571914 ], [ -8476716.195698656141758, 5319068.253645467571914 ], [ -8476716.195698656141758, 5319068.104345635510981 ], [ -8476716.233024120330811, 5319068.104345635510981 ], [ -8476716.233024120330811, 5319067.992370761930943 ], [ -8476716.270349584519863, 5319067.992370761930943 ], [ -8476716.270349584519863, 5319067.955045803450048 ], [ -8476716.307675046846271, 5319067.955045803450048 ], [ -8476716.307675046846271, 5319067.917720845900476 ], [ -8476716.419651437550783, 5319067.917720845900476 ], [ -8476716.419651437550783, 5319067.880395887419581 ], [ -8476716.456976899877191, 5319067.880395887419581 ], [ -8476716.456976899877191, 5319067.843070929870009 ], [ -8476716.494302364066243, 5319067.843070929870009 ], [ -8476716.494302364066243, 5319067.805745971389115 ], [ -8476716.382325973361731, 5319067.805745971389115 ], [ -8476716.382325973361731, 5319067.768421013839543 ], [ -8476716.270349584519863, 5319067.768421013839543 ], [ -8476716.270349584519863, 5319067.731096055358648 ], [ -8476716.195698656141758, 5319067.731096055358648 ], [ -8476716.195698656141758, 5319067.693771097809076 ], [ -8476716.158373193815351, 5319067.693771097809076 ], [ -8476716.158373193815351, 5319067.656446139328182 ], [ -8476716.121047729626298, 5319067.656446139328182 ], [ -8476716.121047729626298, 5319067.61912118177861 ], [ -8476716.083722267299891, 5319067.61912118177861 ], [ -8476716.083722267299891, 5319067.507146307267249 ], [ -8476716.046396803110838, 5319067.507146307267249 ], [ -8476716.046396803110838, 5319067.357846476137638 ], [ -8476716.083722267299891, 5319067.357846476137638 ], [ -8476716.083722267299891, 5319067.17122168559581 ], [ -8476716.121047729626298, 5319067.17122168559581 ], [ -8476716.121047729626298, 5319067.096571769565344 ], [ -8476716.158373193815351, 5319067.096571769565344 ], [ -8476716.158373193815351, 5319067.059246812015772 ], [ -8476716.121047729626298, 5319067.059246812015772 ], [ -8476716.121047729626298, 5319066.499372442252934 ], [ -8476716.083722267299891, 5319066.499372442252934 ], [ -8476716.083722267299891, 5319066.350072610192001 ], [ -8476716.121047729626298, 5319066.350072610192001 ], [ -8476716.121047729626298, 5319066.275422694161534 ], [ -8476716.158373193815351, 5319066.275422694161534 ], [ -8476716.158373193815351, 5319066.01414798758924 ], [ -8476716.195698656141758, 5319066.01414798758924 ], [ -8476716.195698656141758, 5319065.939498072490096 ], [ -8476716.233024120330811, 5319065.939498072490096 ], [ -8476716.233024120330811, 5319065.902173114009202 ], [ -8476716.270349584519863, 5319065.902173114009202 ], [ -8476716.270349584519863, 5319065.86484815645963 ], [ -8476716.307675046846271, 5319065.86484815645963 ], [ -8476716.307675046846271, 5319065.827523197978735 ], [ -8476716.494302364066243, 5319065.827523197978735 ], [ -8476716.494302364066243, 5319065.86484815645963 ], [ -8476716.568953290581703, 5319065.86484815645963 ], [ -8476716.568953290581703, 5319066.01414798758924 ], [ -8476716.606278754770756, 5319066.01414798758924 ], [ -8476716.606278754770756, 5319066.088797903619707 ], [ -8476716.643604217097163, 5319066.088797903619707 ], [ -8476716.643604217097163, 5319066.126122862100601 ], [ -8476716.680929681286216, 5319066.126122862100601 ], [ -8476716.680929681286216, 5319066.163447819650173 ], [ -8476716.830231534317136, 5319066.163447819650173 ], [ -8476716.830231534317136, 5319066.088797903619707 ], [ -8476716.867556998506188, 5319066.088797903619707 ], [ -8476716.867556998506188, 5319065.939498072490096 ], [ -8476716.830231534317136, 5319065.939498072490096 ], [ -8476716.830231534317136, 5319065.86484815645963 ], [ -8476716.792906071990728, 5319065.86484815645963 ], [ -8476716.792906071990728, 5319065.827523197978735 ], [ -8476716.606278754770756, 5319065.827523197978735 ], [ -8476716.606278754770756, 5319065.64089840836823 ], [ -8476716.568953290581703, 5319065.64089840836823 ], [ -8476716.568953290581703, 5319065.566248492337763 ], [ -8476716.531627828255296, 5319065.566248492337763 ], [ -8476716.531627828255296, 5319065.528923533856869 ], [ -8476716.494302364066243, 5319065.528923533856869 ], [ -8476716.494302364066243, 5319065.491598576307297 ], [ -8476716.456976899877191, 5319065.491598576307297 ], [ -8476716.456976899877191, 5319065.454273617826402 ], [ -8476716.307675046846271, 5319065.454273617826402 ], [ -8476716.307675046846271, 5319065.41694866027683 ], [ -8476716.270349584519863, 5319065.41694866027683 ], [ -8476716.270349584519863, 5319065.379623701795936 ], [ -8476716.233024120330811, 5319065.379623701795936 ], [ -8476716.233024120330811, 5319065.342298744246364 ], [ -8476716.195698656141758, 5319065.342298744246364 ], [ -8476716.195698656141758, 5319065.230323869735003 ], [ -8476716.233024120330811, 5319065.230323869735003 ], [ -8476716.233024120330811, 5319065.155673954635859 ], [ -8476716.270349584519863, 5319065.155673954635859 ], [ -8476716.270349584519863, 5319065.081024038605392 ], [ -8476716.307675046846271, 5319065.081024038605392 ], [ -8476716.307675046846271, 5319065.043699080124497 ], [ -8476716.382325973361731, 5319065.043699080124497 ], [ -8476716.382325973361731, 5319065.006374122574925 ], [ -8476716.419651437550783, 5319065.006374122574925 ], [ -8476716.419651437550783, 5319064.857074290513992 ], [ -8476716.382325973361731, 5319064.857074290513992 ], [ -8476716.382325973361731, 5319064.782424374483526 ], [ -8476716.345000511035323, 5319064.782424374483526 ], [ -8476716.345000511035323, 5319064.745099416002631 ], [ -8476716.307675046846271, 5319064.745099416002631 ], [ -8476716.307675046846271, 5319064.670449499972165 ], [ -8476716.270349584519863, 5319064.670449499972165 ], [ -8476716.270349584519863, 5319064.558474626392126 ], [ -8476716.307675046846271, 5319064.558474626392126 ], [ -8476716.307675046846271, 5319064.521149667911232 ], [ -8476716.382325973361731, 5319064.521149667911232 ], [ -8476716.382325973361731, 5319064.48382471036166 ], [ -8476716.456976899877191, 5319064.48382471036166 ], [ -8476716.456976899877191, 5319064.446499752812088 ], [ -8476716.494302364066243, 5319064.446499752812088 ], [ -8476716.494302364066243, 5319064.371849836781621 ], [ -8476716.531627828255296, 5319064.371849836781621 ], [ -8476716.531627828255296, 5319064.147900088690221 ], [ -8476716.494302364066243, 5319064.147900088690221 ], [ -8476716.494302364066243, 5319064.03592521417886 ], [ -8476716.456976899877191, 5319064.03592521417886 ], [ -8476716.456976899877191, 5319063.998600256629288 ], [ -8476716.419651437550783, 5319063.998600256629288 ], [ -8476716.419651437550783, 5319063.961275298148394 ], [ -8476716.382325973361731, 5319063.961275298148394 ], [ -8476716.382325973361731, 5319063.923950340598822 ], [ -8476716.345000511035323, 5319063.923950340598822 ], [ -8476716.345000511035323, 5319063.886625382117927 ], [ -8476716.307675046846271, 5319063.886625382117927 ], [ -8476716.307675046846271, 5319063.811975466087461 ], [ -8476716.345000511035323, 5319063.811975466087461 ], [ -8476716.345000511035323, 5319063.774650508537889 ], [ -8476716.382325973361731, 5319063.774650508537889 ], [ -8476716.382325973361731, 5319063.737325550988317 ], [ -8476716.419651437550783, 5319063.737325550988317 ], [ -8476716.419651437550783, 5319063.700000592507422 ], [ -8476716.456976899877191, 5319063.700000592507422 ], [ -8476716.456976899877191, 5319063.66267563495785 ], [ -8476716.494302364066243, 5319063.66267563495785 ], [ -8476716.494302364066243, 5319063.588025718927383 ], [ -8476716.531627828255296, 5319063.588025718927383 ], [ -8476716.531627828255296, 5319063.476050844416022 ], [ -8476716.494302364066243, 5319063.476050844416022 ], [ -8476716.494302364066243, 5319063.43872588686645 ], [ -8476716.456976899877191, 5319063.43872588686645 ], [ -8476716.456976899877191, 5319063.401400928385556 ], [ -8476716.419651437550783, 5319063.401400928385556 ], [ -8476716.419651437550783, 5319063.364075970835984 ], [ -8476716.345000511035323, 5319063.364075970835984 ], [ -8476716.345000511035323, 5319063.326751012355089 ], [ -8476716.307675046846271, 5319063.326751012355089 ], [ -8476716.307675046846271, 5319063.289426054805517 ], [ -8476716.270349584519863, 5319063.289426054805517 ], [ -8476716.270349584519863, 5319063.252101096324623 ], [ -8476716.233024120330811, 5319063.252101096324623 ], [ -8476716.233024120330811, 5319063.214776138775051 ], [ -8476716.195698656141758, 5319063.214776138775051 ], [ -8476716.195698656141758, 5319063.177451180294156 ], [ -8476716.158373193815351, 5319063.177451180294156 ], [ -8476716.158373193815351, 5319063.10280126426369 ], [ -8476716.195698656141758, 5319063.10280126426369 ], [ -8476716.195698656141758, 5319063.028151348233223 ], [ -8476716.233024120330811, 5319063.028151348233223 ], [ -8476716.233024120330811, 5319062.990826390683651 ], [ -8476716.270349584519863, 5319062.990826390683651 ], [ -8476716.270349584519863, 5319062.953501433134079 ], [ -8476716.345000511035323, 5319062.953501433134079 ], [ -8476716.345000511035323, 5319062.916176474653184 ], [ -8476716.382325973361731, 5319062.916176474653184 ], [ -8476716.382325973361731, 5319062.841526558622718 ], [ -8476716.419651437550783, 5319062.841526558622718 ], [ -8476716.419651437550783, 5319062.617576810531318 ], [ -8476716.382325973361731, 5319062.617576810531318 ], [ -8476716.382325973361731, 5319062.542926894500852 ], [ -8476716.345000511035323, 5319062.542926894500852 ], [ -8476716.345000511035323, 5319062.468276978470385 ], [ -8476716.307675046846271, 5319062.468276978470385 ], [ -8476716.307675046846271, 5319062.393627062439919 ], [ -8476716.345000511035323, 5319062.393627062439919 ], [ -8476716.345000511035323, 5319062.356302104890347 ], [ -8476716.382325973361731, 5319062.356302104890347 ], [ -8476716.382325973361731, 5319062.28165218885988 ], [ -8476716.419651437550783, 5319062.28165218885988 ], [ -8476716.419651437550783, 5319062.207002272829413 ], [ -8476716.456976899877191, 5319062.207002272829413 ], [ -8476716.456976899877191, 5319061.983052524738014 ], [ -8476716.419651437550783, 5319061.983052524738014 ], [ -8476716.419651437550783, 5319061.908402608707547 ], [ -8476716.382325973361731, 5319061.908402608707547 ], [ -8476716.382325973361731, 5319061.871077651157975 ], [ -8476716.345000511035323, 5319061.871077651157975 ], [ -8476716.345000511035323, 5319061.833752692677081 ], [ -8476716.270349584519863, 5319061.833752692677081 ], [ -8476716.270349584519863, 5319061.796427735127509 ], [ -8476716.233024120330811, 5319061.796427735127509 ], [ -8476716.233024120330811, 5319061.759102776646614 ], [ -8476716.195698656141758, 5319061.759102776646614 ], [ -8476716.195698656141758, 5319061.647127903066576 ], [ -8476716.233024120330811, 5319061.647127903066576 ], [ -8476716.233024120330811, 5319061.572477987036109 ], [ -8476716.270349584519863, 5319061.572477987036109 ], [ -8476716.270349584519863, 5319061.535153028555214 ], [ -8476716.307675046846271, 5319061.535153028555214 ], [ -8476716.307675046846271, 5319061.497828071005642 ], [ -8476716.345000511035323, 5319061.497828071005642 ], [ -8476716.345000511035323, 5319061.423178154975176 ], [ -8476716.382325973361731, 5319061.423178154975176 ], [ -8476716.382325973361731, 5319061.273878322914243 ], [ -8476716.419651437550783, 5319061.273878322914243 ], [ -8476716.419651437550783, 5319060.975278658792377 ], [ -8476716.456976899877191, 5319060.975278658792377 ], [ -8476716.456976899877191, 5319060.825978826731443 ], [ -8476716.494302364066243, 5319060.825978826731443 ], [ -8476716.494302364066243, 5319060.452729247510433 ], [ -8476716.456976899877191, 5319060.452729247510433 ], [ -8476716.456976899877191, 5319060.378079331479967 ], [ -8476716.419651437550783, 5319060.378079331479967 ], [ -8476716.419651437550783, 5319060.3034294154495 ], [ -8476716.382325973361731, 5319060.3034294154495 ], [ -8476716.382325973361731, 5319060.266104456968606 ], [ -8476716.345000511035323, 5319060.266104456968606 ], [ -8476716.345000511035323, 5319060.228779499419034 ], [ -8476716.382325973361731, 5319060.228779499419034 ], [ -8476716.382325973361731, 5319060.191454540938139 ], [ -8476716.419651437550783, 5319060.191454540938139 ], [ -8476716.419651437550783, 5319060.154129583388567 ], [ -8476716.456976899877191, 5319060.154129583388567 ], [ -8476716.456976899877191, 5319060.116804624907672 ], [ -8476716.494302364066243, 5319060.116804624907672 ], [ -8476716.494302364066243, 5319060.004829751327634 ], [ -8476716.531627828255296, 5319060.004829751327634 ], [ -8476716.531627828255296, 5319059.892854877747595 ], [ -8476716.568953290581703, 5319059.892854877747595 ], [ -8476716.568953290581703, 5319059.818204961717129 ], [ -8476716.606278754770756, 5319059.818204961717129 ], [ -8476716.606278754770756, 5319059.706230087205768 ], [ -8476716.643604217097163, 5319059.706230087205768 ], [ -8476716.643604217097163, 5319059.631580171175301 ], [ -8476716.680929681286216, 5319059.631580171175301 ], [ -8476716.680929681286216, 5319059.444955381564796 ], [ -8476716.718255143612623, 5319059.444955381564796 ], [ -8476716.718255143612623, 5319059.109030759893358 ], [ -8476716.755580607801676, 5319059.109030759893358 ], [ -8476716.755580607801676, 5319058.810431095771492 ], [ -8476716.792906071990728, 5319058.810431095771492 ], [ -8476716.792906071990728, 5319058.586481347680092 ], [ -8476716.830231534317136, 5319058.586481347680092 ], [ -8476716.830231534317136, 5319058.213231767527759 ], [ -8476716.867556998506188, 5319058.213231767527759 ], [ -8476716.867556998506188, 5319057.16813294403255 ], [ -8476716.904882460832596, 5319057.16813294403255 ], [ -8476716.904882460832596, 5319056.794883363880217 ], [ -8476716.867556998506188, 5319056.794883363880217 ], [ -8476716.867556998506188, 5319056.533608658239245 ], [ -8476716.904882460832596, 5319056.533608658239245 ], [ -8476716.904882460832596, 5319056.123034120537341 ], [ -8476716.867556998506188, 5319056.123034120537341 ], [ -8476716.867556998506188, 5319055.675134624354541 ], [ -8476716.904882460832596, 5319055.675134624354541 ], [ -8476716.904882460832596, 5319054.555385884828866 ], [ -8476716.867556998506188, 5319054.555385884828866 ], [ -8476716.867556998506188, 5319054.480735968798399 ], [ -8476716.904882460832596, 5319054.480735968798399 ], [ -8476716.904882460832596, 5319054.182136304676533 ], [ -8476716.942207925021648, 5319054.182136304676533 ], [ -8476716.942207925021648, 5319054.107486388646066 ], [ -8476716.904882460832596, 5319054.107486388646066 ], [ -8476716.904882460832596, 5319053.510287060402334 ], [ -8476716.942207925021648, 5319053.510287060402334 ], [ -8476716.942207925021648, 5319053.360987228341401 ], [ -8476716.904882460832596, 5319053.360987228341401 ], [ -8476716.904882460832596, 5319052.875762774609029 ], [ -8476716.942207925021648, 5319052.875762774609029 ], [ -8476716.942207925021648, 5319052.390538320876658 ], [ -8476716.904882460832596, 5319052.390538320876658 ], [ -8476716.904882460832596, 5319052.241238488815725 ], [ -8476716.942207925021648, 5319052.241238488815725 ], [ -8476716.942207925021648, 5319051.83066395111382 ], [ -8476716.904882460832596, 5319051.83066395111382 ], [ -8476716.904882460832596, 5319051.532064286991954 ], [ -8476716.942207925021648, 5319051.532064286991954 ], [ -8476716.942207925021648, 5319051.308114538900554 ], [ -8476716.979533387348056, 5319051.308114538900554 ], [ -8476716.979533387348056, 5319051.196139665320516 ], [ -8476716.942207925021648, 5319051.196139665320516 ], [ -8476716.942207925021648, 5319051.009514875710011 ], [ -8476716.904882460832596, 5319051.009514875710011 ], [ -8476716.904882460832596, 5319050.710915211588144 ], [ -8476716.942207925021648, 5319050.710915211588144 ], [ -8476716.942207925021648, 5319050.412315547466278 ], [ -8476716.904882460832596, 5319050.412315547466278 ], [ -8476716.904882460832596, 5319050.039065967313945 ], [ -8476716.942207925021648, 5319050.039065967313945 ], [ -8476716.942207925021648, 5319049.85244117770344 ], [ -8476716.979533387348056, 5319049.85244117770344 ], [ -8476716.979533387348056, 5319049.740466303192079 ], [ -8476716.942207925021648, 5319049.740466303192079 ], [ -8476716.942207925021648, 5319049.292566807940602 ], [ -8476716.979533387348056, 5319049.292566807940602 ], [ -8476716.979533387348056, 5319048.881992269307375 ], [ -8476716.942207925021648, 5319048.881992269307375 ], [ -8476716.942207925021648, 5319048.658042522147298 ], [ -8476716.979533387348056, 5319048.658042522147298 ], [ -8476716.979533387348056, 5319048.47141773160547 ], [ -8476717.016858851537108, 5319048.47141773160547 ], [ -8476717.016858851537108, 5319048.284792941994965 ], [ -8476716.979533387348056, 5319048.284792941994965 ], [ -8476716.979533387348056, 5319047.799568488262594 ], [ -8476717.016858851537108, 5319047.799568488262594 ], [ -8476717.016858851537108, 5319047.5382937816903 ], [ -8476716.979533387348056, 5319047.5382937816903 ], [ -8476716.979533387348056, 5319047.388993949629366 ], [ -8476716.942207925021648, 5319047.388993949629366 ], [ -8476716.942207925021648, 5319047.127719243988395 ], [ -8476716.979533387348056, 5319047.127719243988395 ], [ -8476716.979533387348056, 5319046.679819747805595 ], [ -8476716.942207925021648, 5319046.679819747805595 ], [ -8476716.942207925021648, 5319046.49319495819509 ], [ -8476716.979533387348056, 5319046.49319495819509 ], [ -8476716.979533387348056, 5319046.231920252554119 ], [ -8476717.016858851537108, 5319046.231920252554119 ], [ -8476717.016858851537108, 5319046.194595294073224 ], [ -8476716.979533387348056, 5319046.194595294073224 ], [ -8476716.979533387348056, 5319046.082620420493186 ], [ -8476716.942207925021648, 5319046.082620420493186 ], [ -8476716.942207925021648, 5319045.970645545981824 ], [ -8476716.904882460832596, 5319045.970645545981824 ], [ -8476716.904882460832596, 5319045.709370840340853 ], [ -8476716.942207925021648, 5319045.709370840340853 ], [ -8476716.942207925021648, 5319045.56007100827992 ], [ -8476716.979533387348056, 5319045.56007100827992 ], [ -8476716.979533387348056, 5319045.410771176218987 ], [ -8476716.942207925021648, 5319045.410771176218987 ], [ -8476716.942207925021648, 5319045.149496470578015 ], [ -8476716.904882460832596, 5319045.149496470578015 ], [ -8476716.904882460832596, 5319045.112171513028443 ], [ -8476716.942207925021648, 5319045.112171513028443 ], [ -8476716.942207925021648, 5319044.813571848906577 ], [ -8476716.979533387348056, 5319044.813571848906577 ], [ -8476716.979533387348056, 5319044.701596974395216 ], [ -8476716.942207925021648, 5319044.701596974395216 ], [ -8476716.942207925021648, 5319044.216372520662844 ], [ -8476716.979533387348056, 5319044.216372520662844 ], [ -8476716.979533387348056, 5319043.768473024480045 ], [ -8476716.942207925021648, 5319043.768473024480045 ], [ -8476716.942207925021648, 5319043.656498150900006 ], [ -8476716.979533387348056, 5319043.656498150900006 ], [ -8476716.979533387348056, 5319043.432548402808607 ], [ -8476717.016858851537108, 5319043.432548402808607 ], [ -8476717.016858851537108, 5319043.245923613198102 ], [ -8476716.979533387348056, 5319043.245923613198102 ], [ -8476716.979533387348056, 5319043.096623781137168 ], [ -8476716.942207925021648, 5319043.096623781137168 ], [ -8476716.942207925021648, 5319042.835349075496197 ], [ -8476716.979533387348056, 5319042.835349075496197 ], [ -8476716.979533387348056, 5319042.648724284954369 ], [ -8476717.016858851537108, 5319042.648724284954369 ], [ -8476717.016858851537108, 5319042.574074368923903 ], [ -8476716.979533387348056, 5319042.574074368923903 ], [ -8476716.979533387348056, 5319042.387449579313397 ], [ -8476716.942207925021648, 5319042.387449579313397 ], [ -8476716.942207925021648, 5319042.126174873672426 ], [ -8476716.979533387348056, 5319042.126174873672426 ], [ -8476716.979533387348056, 5319041.939550083130598 ], [ -8476717.016858851537108, 5319041.939550083130598 ], [ -8476717.016858851537108, 5319041.864900167100132 ], [ -8476716.979533387348056, 5319041.864900167100132 ], [ -8476716.979533387348056, 5319041.715600335039198 ], [ -8476716.942207925021648, 5319041.715600335039198 ], [ -8476716.942207925021648, 5319041.566300502978265 ], [ -8476716.904882460832596, 5319041.566300502978265 ], [ -8476716.904882460832596, 5319041.528975545428693 ], [ -8476716.942207925021648, 5319041.528975545428693 ], [ -8476716.942207925021648, 5319041.342350755818188 ], [ -8476716.979533387348056, 5319041.342350755818188 ], [ -8476716.979533387348056, 5319041.006426133215427 ], [ -8476716.942207925021648, 5319041.006426133215427 ], [ -8476716.942207925021648, 5319040.670501511543989 ], [ -8476716.979533387348056, 5319040.670501511543989 ], [ -8476716.979533387348056, 5319040.521201679483056 ], [ -8476717.016858851537108, 5319040.521201679483056 ], [ -8476717.016858851537108, 5319040.371901847422123 ], [ -8476716.979533387348056, 5319040.371901847422123 ], [ -8476716.979533387348056, 5319040.22260201536119 ], [ -8476716.942207925021648, 5319040.22260201536119 ], [ -8476716.942207925021648, 5319039.99865226726979 ], [ -8476716.979533387348056, 5319039.99865226726979 ], [ -8476716.979533387348056, 5319039.84935243614018 ], [ -8476717.016858851537108, 5319039.84935243614018 ], [ -8476717.016858851537108, 5319039.737377561628819 ], [ -8476717.054184315726161, 5319039.737377561628819 ], [ -8476717.054184315726161, 5319039.326803023926914 ], [ -8476717.091509778052568, 5319039.326803023926914 ], [ -8476717.091509778052568, 5319039.214828149415553 ], [ -8476717.128835242241621, 5319039.214828149415553 ], [ -8476717.128835242241621, 5319039.177503191865981 ], [ -8476717.166160704568028, 5319039.177503191865981 ], [ -8476717.166160704568028, 5319039.102853275835514 ], [ -8476717.203486168757081, 5319039.102853275835514 ], [ -8476717.203486168757081, 5319039.028203359805048 ], [ -8476717.240811631083488, 5319039.028203359805048 ], [ -8476717.240811631083488, 5319038.916228486225009 ], [ -8476717.203486168757081, 5319038.916228486225009 ], [ -8476717.203486168757081, 5319038.804253611713648 ], [ -8476717.166160704568028, 5319038.804253611713648 ], [ -8476717.166160704568028, 5319038.692278738133609 ], [ -8476717.128835242241621, 5319038.692278738133609 ], [ -8476717.128835242241621, 5319038.617628822103143 ], [ -8476717.166160704568028, 5319038.617628822103143 ], [ -8476717.166160704568028, 5319038.505653947591782 ], [ -8476717.203486168757081, 5319038.505653947591782 ], [ -8476717.203486168757081, 5319038.431004032492638 ], [ -8476717.240811631083488, 5319038.431004032492638 ], [ -8476717.240811631083488, 5319038.356354116462171 ], [ -8476717.278137095272541, 5319038.356354116462171 ], [ -8476717.278137095272541, 5319038.132404368370771 ], [ -8476717.240811631083488, 5319038.132404368370771 ], [ -8476717.240811631083488, 5319038.02042949385941 ], [ -8476717.203486168757081, 5319038.02042949385941 ], [ -8476717.203486168757081, 5319037.908454620279372 ], [ -8476717.240811631083488, 5319037.908454620279372 ], [ -8476717.240811631083488, 5319037.871129661798477 ], [ -8476717.278137095272541, 5319037.871129661798477 ], [ -8476717.278137095272541, 5319037.833804704248905 ], [ -8476717.315462559461594, 5319037.833804704248905 ], [ -8476717.315462559461594, 5319037.759154788218439 ], [ -8476717.352788021788001, 5319037.759154788218439 ], [ -8476717.352788021788001, 5319037.6471799146384 ], [ -8476717.390113485977054, 5319037.6471799146384 ], [ -8476717.390113485977054, 5319037.497880082577467 ], [ -8476717.352788021788001, 5319037.497880082577467 ], [ -8476717.352788021788001, 5319037.423230166547 ], [ -8476717.315462559461594, 5319037.423230166547 ], [ -8476717.315462559461594, 5319037.348580250516534 ], [ -8476717.278137095272541, 5319037.348580250516534 ], [ -8476717.278137095272541, 5319037.311255292035639 ], [ -8476717.240811631083488, 5319037.311255292035639 ], [ -8476717.240811631083488, 5319037.273930334486067 ], [ -8476717.203486168757081, 5319037.273930334486067 ], [ -8476717.203486168757081, 5319037.124630502425134 ], [ -8476717.240811631083488, 5319037.124630502425134 ], [ -8476717.240811631083488, 5319037.08730554394424 ], [ -8476717.278137095272541, 5319037.08730554394424 ], [ -8476717.278137095272541, 5319037.012655627913773 ], [ -8476717.315462559461594, 5319037.012655627913773 ], [ -8476717.315462559461594, 5319036.900680754333735 ], [ -8476717.352788021788001, 5319036.900680754333735 ], [ -8476717.352788021788001, 5319036.788705880753696 ], [ -8476717.315462559461594, 5319036.788705880753696 ], [ -8476717.315462559461594, 5319036.714055964723229 ], [ -8476717.278137095272541, 5319036.714055964723229 ], [ -8476717.278137095272541, 5319036.639406048692763 ], [ -8476717.240811631083488, 5319036.639406048692763 ], [ -8476717.240811631083488, 5319036.564756132662296 ], [ -8476717.203486168757081, 5319036.564756132662296 ], [ -8476717.203486168757081, 5319036.452781258150935 ], [ -8476717.240811631083488, 5319036.452781258150935 ], [ -8476717.240811631083488, 5319036.378131342120469 ], [ -8476717.278137095272541, 5319036.378131342120469 ], [ -8476717.278137095272541, 5319036.340806384570897 ], [ -8476717.315462559461594, 5319036.340806384570897 ], [ -8476717.315462559461594, 5319036.303481426090002 ], [ -8476717.352788021788001, 5319036.303481426090002 ], [ -8476717.352788021788001, 5319036.26615646854043 ], [ -8476717.390113485977054, 5319036.26615646854043 ], [ -8476717.390113485977054, 5319036.191506552509964 ], [ -8476717.427438948303461, 5319036.191506552509964 ], [ -8476717.427438948303461, 5319036.116856636479497 ], [ -8476717.464764412492514, 5319036.116856636479497 ], [ -8476717.464764412492514, 5319036.04220672044903 ], [ -8476717.502089874818921, 5319036.04220672044903 ], [ -8476717.502089874818921, 5319036.004881762899458 ], [ -8476717.539415339007974, 5319036.004881762899458 ], [ -8476717.539415339007974, 5319035.967556804418564 ], [ -8476717.576740803197026, 5319035.967556804418564 ], [ -8476717.576740803197026, 5319035.930231846868992 ], [ -8476717.614066265523434, 5319035.930231846868992 ], [ -8476717.614066265523434, 5319035.892906888388097 ], [ -8476717.688717192038894, 5319035.892906888388097 ], [ -8476717.688717192038894, 5319035.855581930838525 ], [ -8476717.763368120416999, 5319035.855581930838525 ], [ -8476717.763368120416999, 5319035.818256972357631 ], [ -8476717.800693582743406, 5319035.818256972357631 ], [ -8476717.800693582743406, 5319035.743607056327164 ], [ -8476717.838019046932459, 5319035.743607056327164 ], [ -8476717.838019046932459, 5319035.706282098777592 ], [ -8476717.875344509258866, 5319035.706282098777592 ], [ -8476717.875344509258866, 5319035.668957140296698 ], [ -8476717.949995435774326, 5319035.668957140296698 ], [ -8476717.949995435774326, 5319035.631632182747126 ], [ -8476717.987320899963379, 5319035.631632182747126 ], [ -8476717.987320899963379, 5319035.594307224266231 ], [ -8476718.061971826478839, 5319035.594307224266231 ], [ -8476718.061971826478839, 5319035.556982266716659 ], [ -8476718.173948217183352, 5319035.556982266716659 ], [ -8476718.173948217183352, 5319035.519657308235765 ], [ -8476718.621853778138757, 5319035.519657308235765 ], [ -8476718.621853778138757, 5319035.482332350686193 ], [ -8476718.845806557685137, 5319035.482332350686193 ], [ -8476718.845806557685137, 5319035.445007393136621 ], [ -8476718.995108410716057, 5319035.445007393136621 ], [ -8476718.995108410716057, 5319035.407682434655726 ], [ -8476719.107084801420569, 5319035.407682434655726 ], [ -8476719.107084801420569, 5319035.370357477106154 ], [ -8476719.741617679595947, 5319035.370357477106154 ], [ -8476719.741617679595947, 5319035.333032518625259 ], [ -8476720.040221387520432, 5319035.333032518625259 ], [ -8476720.040221387520432, 5319035.295707561075687 ], [ -8476720.189523240551353, 5319035.295707561075687 ], [ -8476720.189523240551353, 5319035.333032518625259 ], [ -8476720.861381581053138, 5319035.333032518625259 ], [ -8476720.861381581053138, 5319035.295707561075687 ], [ -8476721.234636215493083, 5319035.295707561075687 ], [ -8476721.234636215493083, 5319035.333032518625259 ], [ -8476721.570565385743976, 5319035.333032518625259 ], [ -8476721.570565385743976, 5319035.295707561075687 ], [ -8476721.682541776448488, 5319035.295707561075687 ], [ -8476721.682541776448488, 5319035.258382602594793 ], [ -8476721.831843629479408, 5319035.258382602594793 ], [ -8476721.831843629479408, 5319035.221057645045221 ], [ -8476722.503701969981194, 5319035.221057645045221 ], [ -8476722.503701969981194, 5319035.183732686564326 ], [ -8476722.615678360685706, 5319035.183732686564326 ], [ -8476722.615678360685706, 5319035.146407729014754 ], [ -8476722.653003824874759, 5319035.146407729014754 ], [ -8476722.653003824874759, 5319035.10908277053386 ], [ -8476722.727654751390219, 5319035.10908277053386 ], [ -8476722.727654751390219, 5319035.071757812984288 ], [ -8476722.764980213716626, 5319035.071757812984288 ], [ -8476722.764980213716626, 5319035.034432854503393 ], [ -8476722.802305677905679, 5319035.034432854503393 ], [ -8476722.802305677905679, 5319034.997107896953821 ], [ -8476722.839631142094731, 5319034.997107896953821 ], [ -8476722.839631142094731, 5319034.959782938472927 ], [ -8476722.876956604421139, 5319034.959782938472927 ], [ -8476722.876956604421139, 5319034.922457980923355 ], [ -8476722.914282068610191, 5319034.922457980923355 ], [ -8476722.914282068610191, 5319034.88513302244246 ], [ -8476723.026258457452059, 5319034.88513302244246 ], [ -8476723.026258457452059, 5319034.847808064892888 ], [ -8476723.175560312345624, 5319034.847808064892888 ], [ -8476723.175560312345624, 5319034.810483106411994 ], [ -8476723.212885774672031, 5319034.810483106411994 ], [ -8476723.212885774672031, 5319034.51188344322145 ], [ -8476723.138234848156571, 5319034.51188344322145 ], [ -8476723.138234848156571, 5319034.474558484740555 ], [ -8476722.914282068610191, 5319034.474558484740555 ], [ -8476722.914282068610191, 5319034.437233527190983 ], [ -8476722.876956604421139, 5319034.437233527190983 ], [ -8476722.876956604421139, 5319034.399908568710089 ], [ -8476722.839631142094731, 5319034.399908568710089 ], [ -8476722.839631142094731, 5319034.362583611160517 ], [ -8476722.802305677905679, 5319034.362583611160517 ], [ -8476722.802305677905679, 5319034.213283779099584 ], [ -8476722.839631142094731, 5319034.213283779099584 ], [ -8476722.839631142094731, 5319034.101308904588223 ], [ -8476722.876956604421139, 5319034.101308904588223 ], [ -8476722.876956604421139, 5319034.026658988557756 ], [ -8476722.914282068610191, 5319034.026658988557756 ], [ -8476722.914282068610191, 5319033.952009073458612 ], [ -8476722.951607530936599, 5319033.952009073458612 ], [ -8476722.951607530936599, 5319033.914684114977717 ], [ -8476723.063583921641111, 5319033.914684114977717 ], [ -8476723.063583921641111, 5319033.877359157428145 ], [ -8476723.138234848156571, 5319033.877359157428145 ], [ -8476723.138234848156571, 5319033.840034198947251 ], [ -8476723.212885774672031, 5319033.840034198947251 ], [ -8476723.212885774672031, 5319033.802709241397679 ], [ -8476723.287536703050137, 5319033.802709241397679 ], [ -8476723.287536703050137, 5319033.765384282916784 ], [ -8476723.399513091892004, 5319033.765384282916784 ], [ -8476723.399513091892004, 5319033.728059325367212 ], [ -8476723.548814946785569, 5319033.728059325367212 ], [ -8476723.548814946785569, 5319033.690734366886318 ], [ -8476723.698116799816489, 5319033.690734366886318 ], [ -8476723.698116799816489, 5319033.653409409336746 ], [ -8476723.772767726331949, 5319033.653409409336746 ], [ -8476723.772767726331949, 5319033.616084450855851 ], [ -8476723.735442262142897, 5319033.616084450855851 ], [ -8476723.735442262142897, 5319033.578759493306279 ], [ -8476723.623465873301029, 5319033.578759493306279 ], [ -8476723.623465873301029, 5319033.541434534825385 ], [ -8476723.586140409111977, 5319033.541434534825385 ], [ -8476723.586140409111977, 5319033.504109577275813 ], [ -8476723.548814946785569, 5319033.504109577275813 ], [ -8476723.548814946785569, 5319033.466784618794918 ], [ -8476723.511489482596517, 5319033.466784618794918 ], [ -8476723.511489482596517, 5319033.392134702764452 ], [ -8476723.474164018407464, 5319033.392134702764452 ], [ -8476723.474164018407464, 5319033.168184955604374 ], [ -8476723.511489482596517, 5319033.168184955604374 ], [ -8476723.511489482596517, 5319032.981560165062547 ], [ -8476723.548814946785569, 5319032.981560165062547 ], [ -8476723.548814946785569, 5319032.757610416971147 ], [ -8476723.511489482596517, 5319032.757610416971147 ], [ -8476723.511489482596517, 5319032.421685795299709 ], [ -8476723.548814946785569, 5319032.421685795299709 ], [ -8476723.548814946785569, 5319032.347035879269242 ], [ -8476723.586140409111977, 5319032.347035879269242 ], [ -8476723.586140409111977, 5319032.235061005689204 ], [ -8476723.623465873301029, 5319032.235061005689204 ], [ -8476723.623465873301029, 5319031.712511593475938 ], [ -8476723.586140409111977, 5319031.712511593475938 ], [ -8476723.586140409111977, 5319031.637861677445471 ], [ -8476723.548814946785569, 5319031.637861677445471 ], [ -8476723.548814946785569, 5319031.488561845384538 ], [ -8476723.511489482596517, 5319031.488561845384538 ], [ -8476723.511489482596517, 5319031.301937055774033 ], [ -8476723.474164018407464, 5319031.301937055774033 ], [ -8476723.474164018407464, 5319031.227287139743567 ], [ -8476723.436838556081057, 5319031.227287139743567 ], [ -8476723.436838556081057, 5319031.1526372237131 ], [ -8476723.399513091892004, 5319031.1526372237131 ], [ -8476723.399513091892004, 5319031.115312265232205 ], [ -8476723.362187629565597, 5319031.115312265232205 ], [ -8476723.362187629565597, 5319031.040662349201739 ], [ -8476723.324862165376544, 5319031.040662349201739 ], [ -8476723.324862165376544, 5319030.966012434102595 ], [ -8476723.287536703050137, 5319030.966012434102595 ], [ -8476723.287536703050137, 5319030.9286874756217 ], [ -8476723.250211238861084, 5319030.9286874756217 ], [ -8476723.250211238861084, 5319030.891362518072128 ], [ -8476723.175560312345624, 5319030.891362518072128 ], [ -8476723.175560312345624, 5319030.854037559591234 ], [ -8476723.026258457452059, 5319030.854037559591234 ], [ -8476723.026258457452059, 5319030.816712602041662 ], [ -8476722.914282068610191, 5319030.816712602041662 ], [ -8476722.914282068610191, 5319030.779387643560767 ], [ -8476722.876956604421139, 5319030.779387643560767 ], [ -8476722.876956604421139, 5319030.667412769980729 ], [ -8476722.914282068610191, 5319030.667412769980729 ], [ -8476722.914282068610191, 5319030.592762853950262 ], [ -8476722.988932995125651, 5319030.592762853950262 ], [ -8476722.988932995125651, 5319030.555437895469368 ], [ -8476723.026258457452059, 5319030.555437895469368 ], [ -8476723.026258457452059, 5319030.518112937919796 ], [ -8476723.063583921641111, 5319030.518112937919796 ], [ -8476723.063583921641111, 5319030.443463021889329 ], [ -8476723.100909385830164, 5319030.443463021889329 ], [ -8476723.100909385830164, 5319030.368813105858862 ], [ -8476723.063583921641111, 5319030.368813105858862 ], [ -8476723.063583921641111, 5319030.331488147377968 ], [ -8476722.914282068610191, 5319030.331488147377968 ], [ -8476722.914282068610191, 5319030.294163189828396 ], [ -8476722.839631142094731, 5319030.294163189828396 ], [ -8476722.839631142094731, 5319030.256838232278824 ], [ -8476722.764980213716626, 5319030.256838232278824 ], [ -8476722.764980213716626, 5319030.219513273797929 ], [ -8476722.727654751390219, 5319030.219513273797929 ], [ -8476722.727654751390219, 5319030.182188316248357 ], [ -8476722.690329287201166, 5319030.182188316248357 ], [ -8476722.690329287201166, 5319030.144863357767463 ], [ -8476722.653003824874759, 5319030.144863357767463 ], [ -8476722.653003824874759, 5319030.070213441736996 ], [ -8476722.615678360685706, 5319030.070213441736996 ], [ -8476722.615678360685706, 5319029.808938736096025 ], [ -8476722.578352898359299, 5319029.808938736096025 ], [ -8476722.578352898359299, 5319029.137089491821826 ], [ -8476722.615678360685706, 5319029.137089491821826 ], [ -8476722.615678360685706, 5319028.875814786180854 ], [ -8476722.578352898359299, 5319028.875814786180854 ], [ -8476722.578352898359299, 5319028.763839912600815 ], [ -8476722.541027434170246, 5319028.763839912600815 ], [ -8476722.541027434170246, 5319028.689189996570349 ], [ -8476722.503701969981194, 5319028.689189996570349 ], [ -8476722.503701969981194, 5319028.651865038089454 ], [ -8476722.466376507654786, 5319028.651865038089454 ], [ -8476722.466376507654786, 5319028.577215122058988 ], [ -8476722.317074654623866, 5319028.577215122058988 ], [ -8476722.317074654623866, 5319028.614540080539882 ], [ -8476721.981145482510328, 5319028.614540080539882 ], [ -8476721.981145482510328, 5319028.577215122058988 ], [ -8476721.943820020183921, 5319028.577215122058988 ], [ -8476721.943820020183921, 5319028.539890164509416 ], [ -8476722.466376507654786, 5319028.539890164509416 ], [ -8476722.466376507654786, 5319028.502565206028521 ], [ -8476722.503701969981194, 5319028.502565206028521 ], [ -8476722.503701969981194, 5319028.465240248478949 ], [ -8476722.541027434170246, 5319028.465240248478949 ], [ -8476722.541027434170246, 5319028.427915289998055 ], [ -8476722.578352898359299, 5319028.427915289998055 ], [ -8476722.578352898359299, 5319028.353265373967588 ], [ -8476722.615678360685706, 5319028.353265373967588 ], [ -8476722.615678360685706, 5319028.315940416418016 ], [ -8476722.653003824874759, 5319028.315940416418016 ], [ -8476722.653003824874759, 5319028.241290500387549 ], [ -8476722.690329287201166, 5319028.241290500387549 ], [ -8476722.690329287201166, 5319027.830715962685645 ], [ -8476722.653003824874759, 5319027.830715962685645 ], [ -8476722.653003824874759, 5319027.79339100420475 ], [ -8476722.615678360685706, 5319027.79339100420475 ], [ -8476722.615678360685706, 5319027.718741088174284 ], [ -8476722.578352898359299, 5319027.718741088174284 ], [ -8476722.578352898359299, 5319027.681416130624712 ], [ -8476722.541027434170246, 5319027.681416130624712 ], [ -8476722.541027434170246, 5319027.644091172143817 ], [ -8476722.503701969981194, 5319027.644091172143817 ], [ -8476722.503701969981194, 5319027.56944125611335 ], [ -8476722.429051043465734, 5319027.56944125611335 ], [ -8476722.429051043465734, 5319027.532116298563778 ], [ -8476722.205098263919353, 5319027.532116298563778 ], [ -8476722.205098263919353, 5319027.494791340082884 ], [ -8476722.055796410888433, 5319027.494791340082884 ], [ -8476722.055796410888433, 5319027.308166550472379 ], [ -8476713.246987048536539, 5319027.308166550472379 ], [ -8476713.246987048536539, 5319100.203809508122504 ], [ -8476713.806869000196457, 5319100.203809508122504 ], [ -8476713.806869000196457, 5319100.166484550572932 ], [ -8476714.030821779742837, 5319100.166484550572932 ], [ -8476714.030821779742837, 5319100.203809508122504 ], [ -8476714.29210002347827, 5319100.203809508122504 ], [ -8476714.29210002347827, 5319100.241134466603398 ], [ -8476714.254774561151862, 5319100.241134466603398 ], [ -8476714.254774561151862, 5319100.27845942415297 ], [ -8476713.246987048536539, 5319100.27845942415297 ], [ -8476713.246987048536539, 5319104.421529761515558 ], [ -8476713.508265292271972, 5319104.421529761515558 ], [ -8476713.508265292271972, 5319104.496179677546024 ], [ -8476713.545590756461024, 5319104.496179677546024 ], [ -8476713.545590756461024, 5319104.533504636026919 ], [ -8476713.582916218787432, 5319104.533504636026919 ], [ -8476713.582916218787432, 5319104.570829593576491 ], [ -8476713.620241682976484, 5319104.570829593576491 ], [ -8476713.620241682976484, 5319104.608154552057385 ], [ -8476713.694892609491944, 5319104.608154552057385 ], [ -8476713.694892609491944, 5319104.645479509606957 ], [ -8476713.732218071818352, 5319104.645479509606957 ], [ -8476713.732218071818352, 5319104.682804467156529 ], [ -8476713.769543536007404, 5319104.682804467156529 ], [ -8476713.769543536007404, 5319104.720129425637424 ], [ -8476713.806869000196457, 5319104.720129425637424 ], [ -8476713.806869000196457, 5319104.757454383186996 ], [ -8476713.844194462522864, 5319104.757454383186996 ], [ -8476713.844194462522864, 5319104.832104299217463 ], [ -8476713.881519926711917, 5319104.832104299217463 ], [ -8476713.881519926711917, 5319104.906754215247929 ], [ -8476713.918845389038324, 5319104.906754215247929 ], [ -8476713.918845389038324, 5319104.981404131278396 ], [ -8476713.956170853227377, 5319104.981404131278396 ], [ -8476713.956170853227377, 5319105.01872908975929 ], [ -8476713.993496315553784, 5319105.01872908975929 ], [ -8476713.993496315553784, 5319105.056054047308862 ], [ -8476714.06814724393189, 5319105.056054047308862 ], [ -8476714.06814724393189, 5319105.093379005789757 ], [ -8476714.105472706258297, 5319105.093379005789757 ], [ -8476714.105472706258297, 5319105.130703963339329 ], [ -8476714.14279817044735, 5319105.130703963339329 ], [ -8476714.14279817044735, 5319105.168028921820223 ], [ -8476714.21744909696281, 5319105.168028921820223 ], [ -8476714.21744909696281, 5319105.205353879369795 ], [ -8476714.254774561151862, 5319105.205353879369795 ], [ -8476714.254774561151862, 5319105.24267883785069 ], [ -8476714.29210002347827, 5319105.24267883785069 ], [ -8476714.29210002347827, 5319105.429303627461195 ], [ -8476714.254774561151862, 5319105.429303627461195 ], [ -8476714.254774561151862, 5319105.578603459522128 ], [ -8476714.21744909696281, 5319105.578603459522128 ], [ -8476714.21744909696281, 5319105.690578333102167 ], [ -8476714.180123632773757, 5319105.690578333102167 ], [ -8476714.180123632773757, 5319105.802553207613528 ], [ -8476714.14279817044735, 5319105.802553207613528 ], [ -8476714.14279817044735, 5319105.877203123643994 ], [ -8476714.105472706258297, 5319105.877203123643994 ], [ -8476714.105472706258297, 5319105.951853039674461 ], [ -8476714.06814724393189, 5319105.951853039674461 ], [ -8476714.06814724393189, 5319106.026502955704927 ], [ -8476714.030821779742837, 5319106.026502955704927 ], [ -8476714.030821779742837, 5319106.063827913254499 ], [ -8476713.956170853227377, 5319106.063827913254499 ], [ -8476713.956170853227377, 5319106.101152871735394 ], [ -8476713.918845389038324, 5319106.101152871735394 ], [ -8476713.918845389038324, 5319106.175802786834538 ], [ -8476713.881519926711917, 5319106.175802786834538 ], [ -8476713.881519926711917, 5319106.213127745315433 ], [ -8476713.844194462522864, 5319106.213127745315433 ], [ -8476713.844194462522864, 5319106.250452702865005 ], [ -8476713.806869000196457, 5319106.250452702865005 ], [ -8476713.806869000196457, 5319106.287777661345899 ], [ -8476713.769543536007404, 5319106.287777661345899 ], [ -8476713.769543536007404, 5319106.362427577376366 ], [ -8476713.732218071818352, 5319106.362427577376366 ], [ -8476713.732218071818352, 5319106.399752534925938 ], [ -8476713.694892609491944, 5319106.399752534925938 ], [ -8476713.694892609491944, 5319106.474402450956404 ], [ -8476713.657567145302892, 5319106.474402450956404 ], [ -8476713.657567145302892, 5319106.511727409437299 ], [ -8476713.620241682976484, 5319106.511727409437299 ], [ -8476713.620241682976484, 5319106.549052366986871 ], [ -8476713.582916218787432, 5319106.549052366986871 ], [ -8476713.582916218787432, 5319106.586377325467765 ], [ -8476713.508265292271972, 5319106.586377325467765 ], [ -8476713.508265292271972, 5319106.623702283017337 ], [ -8476713.246987048536539, 5319106.623702283017337 ], [ -8476713.246987048536539, 5319119.500812790356576 ], [ -8476715.971745876595378, 5319119.500812790356576 ] ], [ [ -8476714.44140187650919, 5319115.805641949176788 ], [ -8476714.404076414182782, 5319115.805641949176788 ], [ -8476714.404076414182782, 5319115.768316991627216 ], [ -8476714.329425487667322, 5319115.768316991627216 ], [ -8476714.329425487667322, 5319115.730992033146322 ], [ -8476714.29210002347827, 5319115.730992033146322 ], [ -8476714.29210002347827, 5319115.69366707559675 ], [ -8476714.329425487667322, 5319115.69366707559675 ], [ -8476714.329425487667322, 5319115.619017159566283 ], [ -8476714.36675094999373, 5319115.619017159566283 ], [ -8476714.36675094999373, 5319115.544367243535817 ], [ -8476714.404076414182782, 5319115.544367243535817 ], [ -8476714.404076414182782, 5319115.507042285054922 ], [ -8476714.44140187650919, 5319115.507042285054922 ], [ -8476714.44140187650919, 5319115.544367243535817 ], [ -8476714.478727340698242, 5319115.544367243535817 ], [ -8476714.478727340698242, 5319115.581692201085389 ], [ -8476714.516052804887295, 5319115.581692201085389 ], [ -8476714.516052804887295, 5319115.619017159566283 ], [ -8476714.553378267213702, 5319115.619017159566283 ], [ -8476714.553378267213702, 5319115.656342117115855 ], [ -8476714.628029193729162, 5319115.656342117115855 ], [ -8476714.628029193729162, 5319115.69366707559675 ], [ -8476714.665354657918215, 5319115.69366707559675 ], [ -8476714.665354657918215, 5319115.730992033146322 ], [ -8476714.590703731402755, 5319115.730992033146322 ], [ -8476714.590703731402755, 5319115.768316991627216 ], [ -8476714.44140187650919, 5319115.768316991627216 ], [ -8476714.44140187650919, 5319115.805641949176788 ] ], [ [ -8476715.897094950079918, 5319113.976719007827342 ], [ -8476715.785118559375405, 5319113.976719007827342 ], [ -8476715.785118559375405, 5319113.939394049346447 ], [ -8476715.710467632859945, 5319113.939394049346447 ], [ -8476715.710467632859945, 5319113.902069091796875 ], [ -8476715.785118559375405, 5319113.902069091796875 ], [ -8476715.785118559375405, 5319113.86474413331598 ], [ -8476715.934420412406325, 5319113.86474413331598 ], [ -8476715.934420412406325, 5319113.902069091796875 ], [ -8476715.971745876595378, 5319113.902069091796875 ], [ -8476715.971745876595378, 5319113.939394049346447 ], [ -8476715.897094950079918, 5319113.939394049346447 ], [ -8476715.897094950079918, 5319113.976719007827342 ] ], [ [ -8476714.44140187650919, 5319113.976719007827342 ], [ -8476714.404076414182782, 5319113.976719007827342 ], [ -8476714.404076414182782, 5319113.939394049346447 ], [ -8476714.36675094999373, 5319113.939394049346447 ], [ -8476714.36675094999373, 5319113.902069091796875 ], [ -8476714.404076414182782, 5319113.902069091796875 ], [ -8476714.404076414182782, 5319113.86474413331598 ], [ -8476714.44140187650919, 5319113.86474413331598 ], [ -8476714.44140187650919, 5319113.976719007827342 ] ], [ [ -8476714.14279817044735, 5319108.900524720549583 ], [ -8476713.844194462522864, 5319108.900524720549583 ], [ -8476713.844194462522864, 5319108.863199763000011 ], [ -8476713.918845389038324, 5319108.863199763000011 ], [ -8476713.918845389038324, 5319108.825874804519117 ], [ -8476713.993496315553784, 5319108.825874804519117 ], [ -8476713.993496315553784, 5319108.863199763000011 ], [ -8476714.14279817044735, 5319108.863199763000011 ], [ -8476714.14279817044735, 5319108.900524720549583 ] ], [ [ -8476714.926632901653647, 5319100.27845942415297 ], [ -8476714.702680120244622, 5319100.27845942415297 ], [ -8476714.702680120244622, 5319100.241134466603398 ], [ -8476714.628029193729162, 5319100.241134466603398 ], [ -8476714.628029193729162, 5319100.203809508122504 ], [ -8476714.963958363980055, 5319100.203809508122504 ], [ -8476714.963958363980055, 5319100.241134466603398 ], [ -8476714.926632901653647, 5319100.241134466603398 ], [ -8476714.926632901653647, 5319100.27845942415297 ] ], [ [ -8476715.41186392493546, 5319081.168080932460725 ], [ -8476715.374538462609053, 5319081.168080932460725 ], [ -8476715.374538462609053, 5319081.130755974911153 ], [ -8476715.41186392493546, 5319081.130755974911153 ], [ -8476715.41186392493546, 5319081.168080932460725 ] ], [ [ -8476716.345000511035323, 5319071.164992190897465 ], [ -8476716.307675046846271, 5319071.164992190897465 ], [ -8476716.307675046846271, 5319071.127667233347893 ], [ -8476716.233024120330811, 5319071.127667233347893 ], [ -8476716.233024120330811, 5319071.090342274866998 ], [ -8476716.195698656141758, 5319071.090342274866998 ], [ -8476716.195698656141758, 5319070.343843115493655 ], [ -8476716.233024120330811, 5319070.343843115493655 ], [ -8476716.233024120330811, 5319070.269193199463189 ], [ -8476716.270349584519863, 5319070.269193199463189 ], [ -8476716.270349584519863, 5319070.231868240982294 ], [ -8476716.345000511035323, 5319070.231868240982294 ], [ -8476716.345000511035323, 5319070.269193199463189 ], [ -8476716.382325973361731, 5319070.269193199463189 ], [ -8476716.382325973361731, 5319070.306518157012761 ], [ -8476716.419651437550783, 5319070.306518157012761 ], [ -8476716.419651437550783, 5319070.605117821134627 ], [ -8476716.382325973361731, 5319070.605117821134627 ], [ -8476716.382325973361731, 5319070.75441765319556 ], [ -8476716.419651437550783, 5319070.75441765319556 ], [ -8476716.419651437550783, 5319070.791742610745132 ], [ -8476716.456976899877191, 5319070.791742610745132 ], [ -8476716.456976899877191, 5319070.866392526775599 ], [ -8476716.494302364066243, 5319070.866392526775599 ], [ -8476716.494302364066243, 5319070.941042442806065 ], [ -8476716.531627828255296, 5319070.941042442806065 ], [ -8476716.531627828255296, 5319071.015692358836532 ], [ -8476716.568953290581703, 5319071.015692358836532 ], [ -8476716.568953290581703, 5319071.090342274866998 ], [ -8476716.494302364066243, 5319071.090342274866998 ], [ -8476716.494302364066243, 5319071.127667233347893 ], [ -8476716.345000511035323, 5319071.127667233347893 ], [ -8476716.345000511035323, 5319071.164992190897465 ] ], [ [ -8476716.345000511035323, 5319069.634668913669884 ], [ -8476716.307675046846271, 5319069.634668913669884 ], [ -8476716.307675046846271, 5319069.59734395518899 ], [ -8476716.345000511035323, 5319069.59734395518899 ], [ -8476716.345000511035323, 5319069.634668913669884 ] ] ] } }
]
}
